
 /----------------------------------------------------------------------------\
 |                                                                            |
 |  yosys -- Yosys Open SYnthesis Suite                                       |
 |                                                                            |
 |  Copyright (C) 2012 - 2020  Claire Xenia Wolf <claire@yosyshq.com>         |
 |                                                                            |
 |  Permission to use, copy, modify, and/or distribute this software for any  |
 |  purpose with or without fee is hereby granted, provided that the above    |
 |  copyright notice and this permission notice appear in all copies.         |
 |                                                                            |
 |  THE SOFTWARE IS PROVIDED "AS IS" AND THE AUTHOR DISCLAIMS ALL WARRANTIES  |
 |  WITH REGARD TO THIS SOFTWARE INCLUDING ALL IMPLIED WARRANTIES OF          |
 |  MERCHANTABILITY AND FITNESS. IN NO EVENT SHALL THE AUTHOR BE LIABLE FOR   |
 |  ANY SPECIAL, DIRECT, INDIRECT, OR CONSEQUENTIAL DAMAGES OR ANY DAMAGES    |
 |  WHATSOEVER RESULTING FROM LOSS OF USE, DATA OR PROFITS, WHETHER IN AN     |
 |  ACTION OF CONTRACT, NEGLIGENCE OR OTHER TORTIOUS ACTION, ARISING OUT OF   |
 |  OR IN CONNECTION WITH THE USE OR PERFORMANCE OF THIS SOFTWARE.            |
 |                                                                            |
 \----------------------------------------------------------------------------/

 Yosys 0.26+1 (git sha1 b1a011138, clang 10.0.0-4ubuntu1 -fPIC -Os)


-- Running command `read_verilog -sv ../design/bin_to_bcd.sv ../design/display_hex_decoder.sv ../design/display_mux4.sv ../design/display_result_controller.sv ../design/divider_cell.sv ../design/divider_comb.sv ../design/divider_core.sv ../design/divider_row.sv ../design/divider_stage.sv ../design/input_controller.sv ../design/keypad_reader.sv ../design/result_selector.sv ../design/system_top_direct.sv ../design/system_top_keytest.sv ../design/system_top.sv; synth_gowin -top system_top -json system_top.json' --

1. Executing Verilog-2005 frontend: ../design/bin_to_bcd.sv
Parsing SystemVerilog input from `../design/bin_to_bcd.sv' to AST representation.
Generating RTLIL representation for module `\bin_to_bcd'.
Successfully finished Verilog frontend.

2. Executing Verilog-2005 frontend: ../design/display_hex_decoder.sv
Parsing SystemVerilog input from `../design/display_hex_decoder.sv' to AST representation.
Generating RTLIL representation for module `\display_hex_decoder'.
Successfully finished Verilog frontend.

3. Executing Verilog-2005 frontend: ../design/display_mux4.sv
Parsing SystemVerilog input from `../design/display_mux4.sv' to AST representation.
Generating RTLIL representation for module `\display_mux4'.
Successfully finished Verilog frontend.

4. Executing Verilog-2005 frontend: ../design/display_result_controller.sv
Parsing SystemVerilog input from `../design/display_result_controller.sv' to AST representation.
Generating RTLIL representation for module `\display_result_controller'.
Successfully finished Verilog frontend.

5. Executing Verilog-2005 frontend: ../design/divider_cell.sv
Parsing SystemVerilog input from `../design/divider_cell.sv' to AST representation.
Generating RTLIL representation for module `\divider_cell'.
Successfully finished Verilog frontend.

6. Executing Verilog-2005 frontend: ../design/divider_comb.sv
Parsing SystemVerilog input from `../design/divider_comb.sv' to AST representation.
Generating RTLIL representation for module `\divider_comb'.
Successfully finished Verilog frontend.

7. Executing Verilog-2005 frontend: ../design/divider_core.sv
Parsing SystemVerilog input from `../design/divider_core.sv' to AST representation.
Generating RTLIL representation for module `\divider_core'.
Successfully finished Verilog frontend.

8. Executing Verilog-2005 frontend: ../design/divider_row.sv
Parsing SystemVerilog input from `../design/divider_row.sv' to AST representation.
Generating RTLIL representation for module `\divider_row'.
Successfully finished Verilog frontend.

9. Executing Verilog-2005 frontend: ../design/divider_stage.sv
Parsing SystemVerilog input from `../design/divider_stage.sv' to AST representation.
Generating RTLIL representation for module `\divider_stage'.
Successfully finished Verilog frontend.

10. Executing Verilog-2005 frontend: ../design/input_controller.sv
Parsing SystemVerilog input from `../design/input_controller.sv' to AST representation.
Generating RTLIL representation for module `\input_controller'.
Successfully finished Verilog frontend.

11. Executing Verilog-2005 frontend: ../design/keypad_reader.sv
Parsing SystemVerilog input from `../design/keypad_reader.sv' to AST representation.
Generating RTLIL representation for module `\keypad_reader'.
Successfully finished Verilog frontend.

12. Executing Verilog-2005 frontend: ../design/result_selector.sv
Parsing SystemVerilog input from `../design/result_selector.sv' to AST representation.
Generating RTLIL representation for module `\result_selector'.
Successfully finished Verilog frontend.

13. Executing Verilog-2005 frontend: ../design/system_top_direct.sv
Parsing SystemVerilog input from `../design/system_top_direct.sv' to AST representation.
Generating RTLIL representation for module `\system_top_direct'.
Successfully finished Verilog frontend.

14. Executing Verilog-2005 frontend: ../design/system_top_keytest.sv
Parsing SystemVerilog input from `../design/system_top_keytest.sv' to AST representation.
Generating RTLIL representation for module `\system_top_keytest'.
Successfully finished Verilog frontend.

15. Executing Verilog-2005 frontend: ../design/system_top.sv
Parsing SystemVerilog input from `../design/system_top.sv' to AST representation.
Generating RTLIL representation for module `\system_top'.
Successfully finished Verilog frontend.

16. Executing SYNTH_GOWIN pass.

16.1. Executing Verilog-2005 frontend: /home/adonay/Downloads/oss-cad-suite-linux-x64-20230210/oss-cad-suite/lib/../share/yosys/gowin/cells_sim.v
Parsing Verilog input from `/home/adonay/Downloads/oss-cad-suite-linux-x64-20230210/oss-cad-suite/lib/../share/yosys/gowin/cells_sim.v' to AST representation.
Generating RTLIL representation for module `\LUT1'.
Generating RTLIL representation for module `\LUT2'.
Generating RTLIL representation for module `\LUT3'.
Generating RTLIL representation for module `\LUT4'.
Generating RTLIL representation for module `\__APICULA_LUT5'.
Generating RTLIL representation for module `\__APICULA_LUT6'.
Generating RTLIL representation for module `\__APICULA_LUT7'.
Generating RTLIL representation for module `\__APICULA_LUT8'.
Generating RTLIL representation for module `\MUX2'.
Generating RTLIL representation for module `\MUX2_LUT5'.
Generating RTLIL representation for module `\MUX2_LUT6'.
Generating RTLIL representation for module `\MUX2_LUT7'.
Generating RTLIL representation for module `\MUX2_LUT8'.
Generating RTLIL representation for module `\DFF'.
Generating RTLIL representation for module `\DFFE'.
Generating RTLIL representation for module `\DFFS'.
Generating RTLIL representation for module `\DFFSE'.
Generating RTLIL representation for module `\DFFR'.
Generating RTLIL representation for module `\DFFRE'.
Generating RTLIL representation for module `\DFFP'.
Generating RTLIL representation for module `\DFFPE'.
Generating RTLIL representation for module `\DFFC'.
Generating RTLIL representation for module `\DFFCE'.
Generating RTLIL representation for module `\DFFN'.
Generating RTLIL representation for module `\DFFNE'.
Generating RTLIL representation for module `\DFFNS'.
Generating RTLIL representation for module `\DFFNSE'.
Generating RTLIL representation for module `\DFFNR'.
Generating RTLIL representation for module `\DFFNRE'.
Generating RTLIL representation for module `\DFFNP'.
Generating RTLIL representation for module `\DFFNPE'.
Generating RTLIL representation for module `\DFFNC'.
Generating RTLIL representation for module `\DFFNCE'.
Generating RTLIL representation for module `\VCC'.
Generating RTLIL representation for module `\GND'.
Generating RTLIL representation for module `\IBUF'.
Generating RTLIL representation for module `\OBUF'.
Generating RTLIL representation for module `\TBUF'.
Generating RTLIL representation for module `\IOBUF'.
Generating RTLIL representation for module `\TLVDS_OBUF'.
Generating RTLIL representation for module `\ODDR'.
Generating RTLIL representation for module `\ODDRC'.
Generating RTLIL representation for module `\GSR'.
Generating RTLIL representation for module `\ALU'.
Generating RTLIL representation for module `\RAM16S1'.
Generating RTLIL representation for module `\RAM16S2'.
Generating RTLIL representation for module `\RAM16S4'.
Generating RTLIL representation for module `\RAM16SDP1'.
Generating RTLIL representation for module `\RAM16SDP2'.
Generating RTLIL representation for module `\RAM16SDP4'.
Generating RTLIL representation for module `\SP'.
Generating RTLIL representation for module `\SPX9'.
Generating RTLIL representation for module `\SDP'.
Generating RTLIL representation for module `\SDPX9'.
Generating RTLIL representation for module `\DP'.
Generating RTLIL representation for module `\DPX9'.
Generating RTLIL representation for module `\rPLL'.
Generating RTLIL representation for module `\PLLVR'.
Generating RTLIL representation for module `\OSC'.
Generating RTLIL representation for module `\OSCZ'.
Generating RTLIL representation for module `\OSCF'.
Generating RTLIL representation for module `\OSCH'.
Successfully finished Verilog frontend.

16.2. Executing HIERARCHY pass (managing design hierarchy).

16.2.1. Analyzing design hierarchy..
Top module:  \system_top
Used module:     \display_result_controller
Used module:         \display_mux4
Used module:             \display_hex_decoder
Used module:         \bin_to_bcd
Used module:         \result_selector
Used module:     \divider_core
Used module:         \divider_comb
Used module:             \divider_stage
Used module:                 \divider_row
Used module:                     \divider_cell
Used module:     \input_controller
Used module:     \keypad_reader
Parameter \WIDTH = 5

16.2.2. Executing AST frontend in derive mode using pre-parsed AST for module `\divider_stage'.
Parameter \WIDTH = 5
Generating RTLIL representation for module `$paramod\divider_stage\WIDTH=s32'00000000000000000000000000000101'.
Parameter \WIDTH = 5
Found cached RTLIL representation for module `$paramod\divider_stage\WIDTH=s32'00000000000000000000000000000101'.
Parameter \WIDTH = 5
Found cached RTLIL representation for module `$paramod\divider_stage\WIDTH=s32'00000000000000000000000000000101'.
Parameter \WIDTH = 5
Found cached RTLIL representation for module `$paramod\divider_stage\WIDTH=s32'00000000000000000000000000000101'.
Parameter \WIDTH = 5
Found cached RTLIL representation for module `$paramod\divider_stage\WIDTH=s32'00000000000000000000000000000101'.
Parameter \WIDTH = 5
Found cached RTLIL representation for module `$paramod\divider_stage\WIDTH=s32'00000000000000000000000000000101'.
Parameter \WIDTH = 4

16.2.3. Executing AST frontend in derive mode using pre-parsed AST for module `\divider_row'.
Parameter \WIDTH = 4
Generating RTLIL representation for module `$paramod\divider_row\WIDTH=s32'00000000000000000000000000000100'.
Parameter \SCAN_DELAY = 27000
Parameter \RELEASE_DELAY = 200000

16.2.4. Executing AST frontend in derive mode using pre-parsed AST for module `\keypad_reader'.
Parameter \SCAN_DELAY = 27000
Parameter \RELEASE_DELAY = 200000
Generating RTLIL representation for module `$paramod$f95e2001cef0bcdb0a3281eaa8b8f08641c3fc47\keypad_reader'.

16.2.5. Analyzing design hierarchy..
Top module:  \system_top
Used module:     \display_result_controller
Used module:         \display_mux4
Used module:             \display_hex_decoder
Used module:         \bin_to_bcd
Used module:         \result_selector
Used module:     \divider_core
Used module:         \divider_comb
Used module:             $paramod\divider_stage\WIDTH=s32'00000000000000000000000000000101
Used module:                 \divider_row
Used module:                     \divider_cell
Used module:     \input_controller
Used module:     $paramod$f95e2001cef0bcdb0a3281eaa8b8f08641c3fc47\keypad_reader
Parameter \WIDTH = 5

16.2.6. Executing AST frontend in derive mode using pre-parsed AST for module `\divider_row'.
Parameter \WIDTH = 5
Generating RTLIL representation for module `$paramod\divider_row\WIDTH=s32'00000000000000000000000000000101'.

16.2.7. Analyzing design hierarchy..
Top module:  \system_top
Used module:     \display_result_controller
Used module:         \display_mux4
Used module:             \display_hex_decoder
Used module:         \bin_to_bcd
Used module:         \result_selector
Used module:     \divider_core
Used module:         \divider_comb
Used module:             $paramod\divider_stage\WIDTH=s32'00000000000000000000000000000101
Used module:                 $paramod\divider_row\WIDTH=s32'00000000000000000000000000000101
Used module:                     \divider_cell
Used module:     \input_controller
Used module:     $paramod$f95e2001cef0bcdb0a3281eaa8b8f08641c3fc47\keypad_reader

16.2.8. Analyzing design hierarchy..
Top module:  \system_top
Used module:     \display_result_controller
Used module:         \display_mux4
Used module:             \display_hex_decoder
Used module:         \bin_to_bcd
Used module:         \result_selector
Used module:     \divider_core
Used module:         \divider_comb
Used module:             $paramod\divider_stage\WIDTH=s32'00000000000000000000000000000101
Used module:                 $paramod\divider_row\WIDTH=s32'00000000000000000000000000000101
Used module:                     \divider_cell
Used module:     \input_controller
Used module:     $paramod$f95e2001cef0bcdb0a3281eaa8b8f08641c3fc47\keypad_reader
Removing unused module `$paramod\divider_row\WIDTH=s32'00000000000000000000000000000100'.
Removing unused module `\system_top_keytest'.
Removing unused module `\system_top_direct'.
Removing unused module `\keypad_reader'.
Removing unused module `\divider_stage'.
Removing unused module `\divider_row'.
Removed 6 unused modules.

16.3. Executing PROC pass (convert processes to netlists).

16.3.1. Executing PROC_CLEAN pass (remove empty switches from decision trees).
Found and cleaned up 1 empty switch in `\ALU.$proc$/home/adonay/Downloads/oss-cad-suite-linux-x64-20230210/oss-cad-suite/lib/../share/yosys/gowin/cells_sim.v:661$295'.
Cleaned up 1 empty switch.

16.3.2. Executing PROC_RMDEAD pass (remove dead branches from decision trees).
Marked 1 switch rules as full_case in process $proc$/home/adonay/Downloads/oss-cad-suite-linux-x64-20230210/oss-cad-suite/lib/../share/yosys/gowin/cells_sim.v:535$291 in module DFFNCE.
Marked 1 switch rules as full_case in process $proc$/home/adonay/Downloads/oss-cad-suite-linux-x64-20230210/oss-cad-suite/lib/../share/yosys/gowin/cells_sim.v:515$289 in module DFFNC.
Marked 1 switch rules as full_case in process $proc$/home/adonay/Downloads/oss-cad-suite-linux-x64-20230210/oss-cad-suite/lib/../share/yosys/gowin/cells_sim.v:496$287 in module DFFNPE.
Marked 1 switch rules as full_case in process $proc$/home/adonay/Downloads/oss-cad-suite-linux-x64-20230210/oss-cad-suite/lib/../share/yosys/gowin/cells_sim.v:476$285 in module DFFNP.
Marked 1 switch rules as full_case in process $proc$/home/adonay/Downloads/oss-cad-suite-linux-x64-20230210/oss-cad-suite/lib/../share/yosys/gowin/cells_sim.v:457$283 in module DFFNRE.
Marked 1 switch rules as full_case in process $proc$/home/adonay/Downloads/oss-cad-suite-linux-x64-20230210/oss-cad-suite/lib/../share/yosys/gowin/cells_sim.v:437$281 in module DFFNR.
Marked 1 switch rules as full_case in process $proc$/home/adonay/Downloads/oss-cad-suite-linux-x64-20230210/oss-cad-suite/lib/../share/yosys/gowin/cells_sim.v:418$279 in module DFFNSE.
Marked 1 switch rules as full_case in process $proc$/home/adonay/Downloads/oss-cad-suite-linux-x64-20230210/oss-cad-suite/lib/../share/yosys/gowin/cells_sim.v:398$277 in module DFFNS.
Marked 1 switch rules as full_case in process $proc$/home/adonay/Downloads/oss-cad-suite-linux-x64-20230210/oss-cad-suite/lib/../share/yosys/gowin/cells_sim.v:348$271 in module DFFCE.
Marked 1 switch rules as full_case in process $proc$/home/adonay/Downloads/oss-cad-suite-linux-x64-20230210/oss-cad-suite/lib/../share/yosys/gowin/cells_sim.v:328$269 in module DFFC.
Marked 1 switch rules as full_case in process $proc$/home/adonay/Downloads/oss-cad-suite-linux-x64-20230210/oss-cad-suite/lib/../share/yosys/gowin/cells_sim.v:309$267 in module DFFPE.
Marked 1 switch rules as full_case in process $proc$/home/adonay/Downloads/oss-cad-suite-linux-x64-20230210/oss-cad-suite/lib/../share/yosys/gowin/cells_sim.v:289$265 in module DFFP.
Marked 1 switch rules as full_case in process $proc$/home/adonay/Downloads/oss-cad-suite-linux-x64-20230210/oss-cad-suite/lib/../share/yosys/gowin/cells_sim.v:270$263 in module DFFRE.
Marked 1 switch rules as full_case in process $proc$/home/adonay/Downloads/oss-cad-suite-linux-x64-20230210/oss-cad-suite/lib/../share/yosys/gowin/cells_sim.v:250$261 in module DFFR.
Marked 1 switch rules as full_case in process $proc$/home/adonay/Downloads/oss-cad-suite-linux-x64-20230210/oss-cad-suite/lib/../share/yosys/gowin/cells_sim.v:231$259 in module DFFSE.
Marked 1 switch rules as full_case in process $proc$/home/adonay/Downloads/oss-cad-suite-linux-x64-20230210/oss-cad-suite/lib/../share/yosys/gowin/cells_sim.v:211$257 in module DFFS.
Marked 3 switch rules as full_case in process $proc$../design/system_top.sv:87$63 in module system_top.
Marked 1 switch rules as full_case in process $proc$../design/system_top.sv:76$57 in module system_top.
Marked 4 switch rules as full_case in process $proc$../design/keypad_reader.sv:120$352 in module $paramod$f95e2001cef0bcdb0a3281eaa8b8f08641c3fc47\keypad_reader.
Removed 1 dead cases from process $proc$../design/keypad_reader.sv:0$351 in module $paramod$f95e2001cef0bcdb0a3281eaa8b8f08641c3fc47\keypad_reader.
Marked 5 switch rules as full_case in process $proc$../design/keypad_reader.sv:0$351 in module $paramod$f95e2001cef0bcdb0a3281eaa8b8f08641c3fc47\keypad_reader.
Marked 1 switch rules as full_case in process $proc$../design/keypad_reader.sv:61$349 in module $paramod$f95e2001cef0bcdb0a3281eaa8b8f08641c3fc47\keypad_reader.
Removed 1 dead cases from process $proc$../design/keypad_reader.sv:0$348 in module $paramod$f95e2001cef0bcdb0a3281eaa8b8f08641c3fc47\keypad_reader.
Marked 1 switch rules as full_case in process $proc$../design/keypad_reader.sv:0$348 in module $paramod$f95e2001cef0bcdb0a3281eaa8b8f08641c3fc47\keypad_reader.
Marked 2 switch rules as full_case in process $proc$../design/keypad_reader.sv:37$342 in module $paramod$f95e2001cef0bcdb0a3281eaa8b8f08641c3fc47\keypad_reader.
Marked 1 switch rules as full_case in process $proc$../design/keypad_reader.sv:27$340 in module $paramod$f95e2001cef0bcdb0a3281eaa8b8f08641c3fc47\keypad_reader.
Marked 4 switch rules as full_case in process $proc$../design/input_controller.sv:75$31 in module input_controller.
Marked 4 switch rules as full_case in process $proc$../design/input_controller.sv:0$26 in module input_controller.
Marked 2 switch rules as full_case in process $proc$../design/divider_core.sv:0$18 in module divider_core.
Marked 2 switch rules as full_case in process $proc$../design/divider_core.sv:39$16 in module divider_core.
Removed 1 dead cases from process $proc$../design/display_mux4.sv:0$7 in module display_mux4.
Marked 1 switch rules as full_case in process $proc$../design/display_mux4.sv:0$7 in module display_mux4.
Marked 1 switch rules as full_case in process $proc$../design/display_mux4.sv:16$4 in module display_mux4.
Removed 1 dead cases from process $proc$../design/display_hex_decoder.sv:0$3 in module display_hex_decoder.
Marked 1 switch rules as full_case in process $proc$../design/display_hex_decoder.sv:0$3 in module display_hex_decoder.
Removed a total of 4 dead cases.

16.3.3. Executing PROC_PRUNE pass (remove redundant assignments in processes).
Removed 17 redundant assignments.
Promoted 35 assignments to connections.

16.3.4. Executing PROC_INIT pass (extract init attributes).
Found init rule in `\DFFNCE.$proc$/home/adonay/Downloads/oss-cad-suite-linux-x64-20230210/oss-cad-suite/lib/../share/yosys/gowin/cells_sim.v:0$292'.
  Set init value: \Q = 1'0
Found init rule in `\DFFNC.$proc$/home/adonay/Downloads/oss-cad-suite-linux-x64-20230210/oss-cad-suite/lib/../share/yosys/gowin/cells_sim.v:0$290'.
  Set init value: \Q = 1'0
Found init rule in `\DFFNPE.$proc$/home/adonay/Downloads/oss-cad-suite-linux-x64-20230210/oss-cad-suite/lib/../share/yosys/gowin/cells_sim.v:0$288'.
  Set init value: \Q = 1'1
Found init rule in `\DFFNP.$proc$/home/adonay/Downloads/oss-cad-suite-linux-x64-20230210/oss-cad-suite/lib/../share/yosys/gowin/cells_sim.v:0$286'.
  Set init value: \Q = 1'1
Found init rule in `\DFFNRE.$proc$/home/adonay/Downloads/oss-cad-suite-linux-x64-20230210/oss-cad-suite/lib/../share/yosys/gowin/cells_sim.v:0$284'.
  Set init value: \Q = 1'0
Found init rule in `\DFFNR.$proc$/home/adonay/Downloads/oss-cad-suite-linux-x64-20230210/oss-cad-suite/lib/../share/yosys/gowin/cells_sim.v:0$282'.
  Set init value: \Q = 1'0
Found init rule in `\DFFNSE.$proc$/home/adonay/Downloads/oss-cad-suite-linux-x64-20230210/oss-cad-suite/lib/../share/yosys/gowin/cells_sim.v:0$280'.
  Set init value: \Q = 1'1
Found init rule in `\DFFNS.$proc$/home/adonay/Downloads/oss-cad-suite-linux-x64-20230210/oss-cad-suite/lib/../share/yosys/gowin/cells_sim.v:0$278'.
  Set init value: \Q = 1'1
Found init rule in `\DFFNE.$proc$/home/adonay/Downloads/oss-cad-suite-linux-x64-20230210/oss-cad-suite/lib/../share/yosys/gowin/cells_sim.v:0$276'.
  Set init value: \Q = 1'0
Found init rule in `\DFFN.$proc$/home/adonay/Downloads/oss-cad-suite-linux-x64-20230210/oss-cad-suite/lib/../share/yosys/gowin/cells_sim.v:0$274'.
  Set init value: \Q = 1'0
Found init rule in `\DFFCE.$proc$/home/adonay/Downloads/oss-cad-suite-linux-x64-20230210/oss-cad-suite/lib/../share/yosys/gowin/cells_sim.v:0$272'.
  Set init value: \Q = 1'0
Found init rule in `\DFFC.$proc$/home/adonay/Downloads/oss-cad-suite-linux-x64-20230210/oss-cad-suite/lib/../share/yosys/gowin/cells_sim.v:0$270'.
  Set init value: \Q = 1'0
Found init rule in `\DFFPE.$proc$/home/adonay/Downloads/oss-cad-suite-linux-x64-20230210/oss-cad-suite/lib/../share/yosys/gowin/cells_sim.v:0$268'.
  Set init value: \Q = 1'1
Found init rule in `\DFFP.$proc$/home/adonay/Downloads/oss-cad-suite-linux-x64-20230210/oss-cad-suite/lib/../share/yosys/gowin/cells_sim.v:0$266'.
  Set init value: \Q = 1'1
Found init rule in `\DFFRE.$proc$/home/adonay/Downloads/oss-cad-suite-linux-x64-20230210/oss-cad-suite/lib/../share/yosys/gowin/cells_sim.v:0$264'.
  Set init value: \Q = 1'0
Found init rule in `\DFFR.$proc$/home/adonay/Downloads/oss-cad-suite-linux-x64-20230210/oss-cad-suite/lib/../share/yosys/gowin/cells_sim.v:0$262'.
  Set init value: \Q = 1'0
Found init rule in `\DFFSE.$proc$/home/adonay/Downloads/oss-cad-suite-linux-x64-20230210/oss-cad-suite/lib/../share/yosys/gowin/cells_sim.v:0$260'.
  Set init value: \Q = 1'1
Found init rule in `\DFFS.$proc$/home/adonay/Downloads/oss-cad-suite-linux-x64-20230210/oss-cad-suite/lib/../share/yosys/gowin/cells_sim.v:0$258'.
  Set init value: \Q = 1'1
Found init rule in `\DFFE.$proc$/home/adonay/Downloads/oss-cad-suite-linux-x64-20230210/oss-cad-suite/lib/../share/yosys/gowin/cells_sim.v:0$256'.
  Set init value: \Q = 1'0
Found init rule in `\DFF.$proc$/home/adonay/Downloads/oss-cad-suite-linux-x64-20230210/oss-cad-suite/lib/../share/yosys/gowin/cells_sim.v:0$254'.
  Set init value: \Q = 1'0

16.3.5. Executing PROC_ARST pass (detect async resets in processes).
Found async reset \CLEAR in `\DFFNCE.$proc$/home/adonay/Downloads/oss-cad-suite-linux-x64-20230210/oss-cad-suite/lib/../share/yosys/gowin/cells_sim.v:535$291'.
Found async reset \CLEAR in `\DFFNC.$proc$/home/adonay/Downloads/oss-cad-suite-linux-x64-20230210/oss-cad-suite/lib/../share/yosys/gowin/cells_sim.v:515$289'.
Found async reset \PRESET in `\DFFNPE.$proc$/home/adonay/Downloads/oss-cad-suite-linux-x64-20230210/oss-cad-suite/lib/../share/yosys/gowin/cells_sim.v:496$287'.
Found async reset \PRESET in `\DFFNP.$proc$/home/adonay/Downloads/oss-cad-suite-linux-x64-20230210/oss-cad-suite/lib/../share/yosys/gowin/cells_sim.v:476$285'.
Found async reset \CLEAR in `\DFFCE.$proc$/home/adonay/Downloads/oss-cad-suite-linux-x64-20230210/oss-cad-suite/lib/../share/yosys/gowin/cells_sim.v:348$271'.
Found async reset \CLEAR in `\DFFC.$proc$/home/adonay/Downloads/oss-cad-suite-linux-x64-20230210/oss-cad-suite/lib/../share/yosys/gowin/cells_sim.v:328$269'.
Found async reset \PRESET in `\DFFPE.$proc$/home/adonay/Downloads/oss-cad-suite-linux-x64-20230210/oss-cad-suite/lib/../share/yosys/gowin/cells_sim.v:309$267'.
Found async reset \PRESET in `\DFFP.$proc$/home/adonay/Downloads/oss-cad-suite-linux-x64-20230210/oss-cad-suite/lib/../share/yosys/gowin/cells_sim.v:289$265'.
Found async reset \rst_n in `\system_top.$proc$../design/system_top.sv:87$63'.
Found async reset \rst_n in `\system_top.$proc$../design/system_top.sv:76$57'.
Found async reset \rst_n in `$paramod$f95e2001cef0bcdb0a3281eaa8b8f08641c3fc47\keypad_reader.$proc$../design/keypad_reader.sv:120$352'.
Found async reset \rst_n in `$paramod$f95e2001cef0bcdb0a3281eaa8b8f08641c3fc47\keypad_reader.$proc$../design/keypad_reader.sv:61$349'.
Found async reset \rst_n in `$paramod$f95e2001cef0bcdb0a3281eaa8b8f08641c3fc47\keypad_reader.$proc$../design/keypad_reader.sv:37$342'.
Found async reset \rst_n in `$paramod$f95e2001cef0bcdb0a3281eaa8b8f08641c3fc47\keypad_reader.$proc$../design/keypad_reader.sv:27$340'.
Found async reset \rst_n in `\input_controller.$proc$../design/input_controller.sv:75$31'.
Found async reset \rst_n in `\divider_core.$proc$../design/divider_core.sv:39$16'.
Found async reset \rst_n in `\display_mux4.$proc$../design/display_mux4.sv:16$4'.

16.3.6. Executing PROC_ROM pass (convert switches to ROMs).
Converted 1 switch.
<suppressed ~52 debug messages>

16.3.7. Executing PROC_MUX pass (convert decision trees to multiplexers).
Creating decoders for process `\ALU.$proc$/home/adonay/Downloads/oss-cad-suite-linux-x64-20230210/oss-cad-suite/lib/../share/yosys/gowin/cells_sim.v:661$295'.
Creating decoders for process `\DFFNCE.$proc$/home/adonay/Downloads/oss-cad-suite-linux-x64-20230210/oss-cad-suite/lib/../share/yosys/gowin/cells_sim.v:0$292'.
Creating decoders for process `\DFFNCE.$proc$/home/adonay/Downloads/oss-cad-suite-linux-x64-20230210/oss-cad-suite/lib/../share/yosys/gowin/cells_sim.v:535$291'.
     1/1: $0\Q[0:0]
Creating decoders for process `\DFFNC.$proc$/home/adonay/Downloads/oss-cad-suite-linux-x64-20230210/oss-cad-suite/lib/../share/yosys/gowin/cells_sim.v:0$290'.
Creating decoders for process `\DFFNC.$proc$/home/adonay/Downloads/oss-cad-suite-linux-x64-20230210/oss-cad-suite/lib/../share/yosys/gowin/cells_sim.v:515$289'.
     1/1: $0\Q[0:0]
Creating decoders for process `\DFFNPE.$proc$/home/adonay/Downloads/oss-cad-suite-linux-x64-20230210/oss-cad-suite/lib/../share/yosys/gowin/cells_sim.v:0$288'.
Creating decoders for process `\DFFNPE.$proc$/home/adonay/Downloads/oss-cad-suite-linux-x64-20230210/oss-cad-suite/lib/../share/yosys/gowin/cells_sim.v:496$287'.
     1/1: $0\Q[0:0]
Creating decoders for process `\DFFNP.$proc$/home/adonay/Downloads/oss-cad-suite-linux-x64-20230210/oss-cad-suite/lib/../share/yosys/gowin/cells_sim.v:0$286'.
Creating decoders for process `\DFFNP.$proc$/home/adonay/Downloads/oss-cad-suite-linux-x64-20230210/oss-cad-suite/lib/../share/yosys/gowin/cells_sim.v:476$285'.
     1/1: $0\Q[0:0]
Creating decoders for process `\DFFNRE.$proc$/home/adonay/Downloads/oss-cad-suite-linux-x64-20230210/oss-cad-suite/lib/../share/yosys/gowin/cells_sim.v:0$284'.
Creating decoders for process `\DFFNRE.$proc$/home/adonay/Downloads/oss-cad-suite-linux-x64-20230210/oss-cad-suite/lib/../share/yosys/gowin/cells_sim.v:457$283'.
     1/1: $0\Q[0:0]
Creating decoders for process `\DFFNR.$proc$/home/adonay/Downloads/oss-cad-suite-linux-x64-20230210/oss-cad-suite/lib/../share/yosys/gowin/cells_sim.v:0$282'.
Creating decoders for process `\DFFNR.$proc$/home/adonay/Downloads/oss-cad-suite-linux-x64-20230210/oss-cad-suite/lib/../share/yosys/gowin/cells_sim.v:437$281'.
     1/1: $0\Q[0:0]
Creating decoders for process `\DFFNSE.$proc$/home/adonay/Downloads/oss-cad-suite-linux-x64-20230210/oss-cad-suite/lib/../share/yosys/gowin/cells_sim.v:0$280'.
Creating decoders for process `\DFFNSE.$proc$/home/adonay/Downloads/oss-cad-suite-linux-x64-20230210/oss-cad-suite/lib/../share/yosys/gowin/cells_sim.v:418$279'.
     1/1: $0\Q[0:0]
Creating decoders for process `\DFFNS.$proc$/home/adonay/Downloads/oss-cad-suite-linux-x64-20230210/oss-cad-suite/lib/../share/yosys/gowin/cells_sim.v:0$278'.
Creating decoders for process `\DFFNS.$proc$/home/adonay/Downloads/oss-cad-suite-linux-x64-20230210/oss-cad-suite/lib/../share/yosys/gowin/cells_sim.v:398$277'.
     1/1: $0\Q[0:0]
Creating decoders for process `\DFFNE.$proc$/home/adonay/Downloads/oss-cad-suite-linux-x64-20230210/oss-cad-suite/lib/../share/yosys/gowin/cells_sim.v:0$276'.
Creating decoders for process `\DFFNE.$proc$/home/adonay/Downloads/oss-cad-suite-linux-x64-20230210/oss-cad-suite/lib/../share/yosys/gowin/cells_sim.v:381$275'.
     1/1: $0\Q[0:0]
Creating decoders for process `\DFFN.$proc$/home/adonay/Downloads/oss-cad-suite-linux-x64-20230210/oss-cad-suite/lib/../share/yosys/gowin/cells_sim.v:0$274'.
Creating decoders for process `\DFFN.$proc$/home/adonay/Downloads/oss-cad-suite-linux-x64-20230210/oss-cad-suite/lib/../share/yosys/gowin/cells_sim.v:366$273'.
Creating decoders for process `\DFFCE.$proc$/home/adonay/Downloads/oss-cad-suite-linux-x64-20230210/oss-cad-suite/lib/../share/yosys/gowin/cells_sim.v:0$272'.
Creating decoders for process `\DFFCE.$proc$/home/adonay/Downloads/oss-cad-suite-linux-x64-20230210/oss-cad-suite/lib/../share/yosys/gowin/cells_sim.v:348$271'.
     1/1: $0\Q[0:0]
Creating decoders for process `\DFFC.$proc$/home/adonay/Downloads/oss-cad-suite-linux-x64-20230210/oss-cad-suite/lib/../share/yosys/gowin/cells_sim.v:0$270'.
Creating decoders for process `\DFFC.$proc$/home/adonay/Downloads/oss-cad-suite-linux-x64-20230210/oss-cad-suite/lib/../share/yosys/gowin/cells_sim.v:328$269'.
     1/1: $0\Q[0:0]
Creating decoders for process `\DFFPE.$proc$/home/adonay/Downloads/oss-cad-suite-linux-x64-20230210/oss-cad-suite/lib/../share/yosys/gowin/cells_sim.v:0$268'.
Creating decoders for process `\DFFPE.$proc$/home/adonay/Downloads/oss-cad-suite-linux-x64-20230210/oss-cad-suite/lib/../share/yosys/gowin/cells_sim.v:309$267'.
     1/1: $0\Q[0:0]
Creating decoders for process `\DFFP.$proc$/home/adonay/Downloads/oss-cad-suite-linux-x64-20230210/oss-cad-suite/lib/../share/yosys/gowin/cells_sim.v:0$266'.
Creating decoders for process `\DFFP.$proc$/home/adonay/Downloads/oss-cad-suite-linux-x64-20230210/oss-cad-suite/lib/../share/yosys/gowin/cells_sim.v:289$265'.
     1/1: $0\Q[0:0]
Creating decoders for process `\DFFRE.$proc$/home/adonay/Downloads/oss-cad-suite-linux-x64-20230210/oss-cad-suite/lib/../share/yosys/gowin/cells_sim.v:0$264'.
Creating decoders for process `\DFFRE.$proc$/home/adonay/Downloads/oss-cad-suite-linux-x64-20230210/oss-cad-suite/lib/../share/yosys/gowin/cells_sim.v:270$263'.
     1/1: $0\Q[0:0]
Creating decoders for process `\DFFR.$proc$/home/adonay/Downloads/oss-cad-suite-linux-x64-20230210/oss-cad-suite/lib/../share/yosys/gowin/cells_sim.v:0$262'.
Creating decoders for process `\DFFR.$proc$/home/adonay/Downloads/oss-cad-suite-linux-x64-20230210/oss-cad-suite/lib/../share/yosys/gowin/cells_sim.v:250$261'.
     1/1: $0\Q[0:0]
Creating decoders for process `\DFFSE.$proc$/home/adonay/Downloads/oss-cad-suite-linux-x64-20230210/oss-cad-suite/lib/../share/yosys/gowin/cells_sim.v:0$260'.
Creating decoders for process `\DFFSE.$proc$/home/adonay/Downloads/oss-cad-suite-linux-x64-20230210/oss-cad-suite/lib/../share/yosys/gowin/cells_sim.v:231$259'.
     1/1: $0\Q[0:0]
Creating decoders for process `\DFFS.$proc$/home/adonay/Downloads/oss-cad-suite-linux-x64-20230210/oss-cad-suite/lib/../share/yosys/gowin/cells_sim.v:0$258'.
Creating decoders for process `\DFFS.$proc$/home/adonay/Downloads/oss-cad-suite-linux-x64-20230210/oss-cad-suite/lib/../share/yosys/gowin/cells_sim.v:211$257'.
     1/1: $0\Q[0:0]
Creating decoders for process `\DFFE.$proc$/home/adonay/Downloads/oss-cad-suite-linux-x64-20230210/oss-cad-suite/lib/../share/yosys/gowin/cells_sim.v:0$256'.
Creating decoders for process `\DFFE.$proc$/home/adonay/Downloads/oss-cad-suite-linux-x64-20230210/oss-cad-suite/lib/../share/yosys/gowin/cells_sim.v:194$255'.
     1/1: $0\Q[0:0]
Creating decoders for process `\DFF.$proc$/home/adonay/Downloads/oss-cad-suite-linux-x64-20230210/oss-cad-suite/lib/../share/yosys/gowin/cells_sim.v:0$254'.
Creating decoders for process `\DFF.$proc$/home/adonay/Downloads/oss-cad-suite-linux-x64-20230210/oss-cad-suite/lib/../share/yosys/gowin/cells_sim.v:179$253'.
Creating decoders for process `\system_top.$proc$../design/system_top.sv:87$63'.
     1/1: $0\result_ready[0:0]
Creating decoders for process `\system_top.$proc$../design/system_top.sv:76$57'.
     1/1: $0\select_reg[0:0]
Creating decoders for process `$paramod$f95e2001cef0bcdb0a3281eaa8b8f08641c3fc47\keypad_reader.$proc$../design/keypad_reader.sv:120$352'.
     1/4: $0\key_valid[0:0]
     2/4: $0\locked[0:0]
     3/4: $0\release_cnt[17:0]
     4/4: $0\key_value[3:0]
Creating decoders for process `$paramod$f95e2001cef0bcdb0a3281eaa8b8f08641c3fc47\keypad_reader.$proc$../design/keypad_reader.sv:0$351'.
     1/10: $5\detected[0:0]
     2/10: $5\key_code[3:0]
     3/10: $4\detected[0:0]
     4/10: $4\key_code[3:0]
     5/10: $3\detected[0:0]
     6/10: $3\key_code[3:0]
     7/10: $2\detected[0:0]
     8/10: $2\key_code[3:0]
     9/10: $1\detected[0:0]
    10/10: $1\key_code[3:0]
Creating decoders for process `$paramod$f95e2001cef0bcdb0a3281eaa8b8f08641c3fc47\keypad_reader.$proc$../design/keypad_reader.sv:61$349'.
     1/2: $0\fila_read[1:0]
     2/2: $0\col_read[3:0]
Creating decoders for process `$paramod$f95e2001cef0bcdb0a3281eaa8b8f08641c3fc47\keypad_reader.$proc$../design/keypad_reader.sv:0$348'.
     1/1: $1\filas[3:0]
Creating decoders for process `$paramod$f95e2001cef0bcdb0a3281eaa8b8f08641c3fc47\keypad_reader.$proc$../design/keypad_reader.sv:37$342'.
     1/2: $0\scan_cnt[15:0]
     2/2: $0\fila_index[1:0]
Creating decoders for process `$paramod$f95e2001cef0bcdb0a3281eaa8b8f08641c3fc47\keypad_reader.$proc$../design/keypad_reader.sv:27$340'.
     1/2: $0\columnas_sync[3:0]
     2/2: $0\columnas_ff1[3:0]
Creating decoders for process `\input_controller.$proc$../design/input_controller.sv:75$31'.
     1/6: $0\valid_o[0:0]
     2/6: $0\divisor_temp[4:0]
     3/6: $0\dividend_temp[6:0]
     4/6: $0\divisor_o[3:0]
     5/6: $0\dividend_o[5:0]
     6/6: $0\state_reg[1:0]
Creating decoders for process `\input_controller.$proc$../design/input_controller.sv:0$26'.
     1/6: $3\divisor_next[4:0]
     2/6: $3\dividend_next[6:0]
     3/6: $2\dividend_next[6:0]
     4/6: $2\divisor_next[4:0]
     5/6: $1\divisor_next[4:0]
     6/6: $1\dividend_next[6:0]
Creating decoders for process `\divider_core.$proc$../design/divider_core.sv:0$18'.
     1/2: $2\state_next[1:0]
     2/2: $1\state_next[1:0]
Creating decoders for process `\divider_core.$proc$../design/divider_core.sv:39$16'.
     1/7: $0\done_o[0:0]
     2/7: $0\state_reg[1:0]
     3/7: $0\divisor_reg[3:0]
     4/7: $0\dividend_reg[5:0]
     5/7: $0\div_zero_o[0:0]
     6/7: $0\remainder_o[3:0]
     7/7: $0\quotient_o[5:0]
Creating decoders for process `\display_mux4.$proc$../design/display_mux4.sv:0$7'.
     1/2: $1\anodo[3:0]
     2/2: $1\digit[3:0]
Creating decoders for process `\display_mux4.$proc$../design/display_mux4.sv:16$4'.
     1/1: $0\refresh_count[15:0]
Creating decoders for process `\display_hex_decoder.$proc$../design/display_hex_decoder.sv:0$3'.
     1/1: $1\seg[6:0]

16.3.8. Executing PROC_DLATCH pass (convert process syncs to latches).
No latch inferred for signal `$paramod$f95e2001cef0bcdb0a3281eaa8b8f08641c3fc47\keypad_reader.\key_code' from process `$paramod$f95e2001cef0bcdb0a3281eaa8b8f08641c3fc47\keypad_reader.$proc$../design/keypad_reader.sv:0$351'.
No latch inferred for signal `$paramod$f95e2001cef0bcdb0a3281eaa8b8f08641c3fc47\keypad_reader.\detected' from process `$paramod$f95e2001cef0bcdb0a3281eaa8b8f08641c3fc47\keypad_reader.$proc$../design/keypad_reader.sv:0$351'.
No latch inferred for signal `$paramod$f95e2001cef0bcdb0a3281eaa8b8f08641c3fc47\keypad_reader.\filas' from process `$paramod$f95e2001cef0bcdb0a3281eaa8b8f08641c3fc47\keypad_reader.$proc$../design/keypad_reader.sv:0$348'.
No latch inferred for signal `\input_controller.\dividend_next' from process `\input_controller.$proc$../design/input_controller.sv:0$26'.
No latch inferred for signal `\input_controller.\divisor_next' from process `\input_controller.$proc$../design/input_controller.sv:0$26'.
No latch inferred for signal `\divider_core.\state_next' from process `\divider_core.$proc$../design/divider_core.sv:0$18'.
No latch inferred for signal `\display_mux4.\anodo' from process `\display_mux4.$proc$../design/display_mux4.sv:0$7'.
No latch inferred for signal `\display_mux4.\digit' from process `\display_mux4.$proc$../design/display_mux4.sv:0$7'.
No latch inferred for signal `\display_hex_decoder.\seg' from process `\display_hex_decoder.$proc$../design/display_hex_decoder.sv:0$3'.

16.3.9. Executing PROC_DFF pass (convert process syncs to FFs).
Creating register for signal `\ALU.\C' using process `\ALU.$proc$/home/adonay/Downloads/oss-cad-suite-linux-x64-20230210/oss-cad-suite/lib/../share/yosys/gowin/cells_sim.v:661$295'.
  created direct connection (no actual register cell created).
Creating register for signal `\ALU.\S' using process `\ALU.$proc$/home/adonay/Downloads/oss-cad-suite-linux-x64-20230210/oss-cad-suite/lib/../share/yosys/gowin/cells_sim.v:661$295'.
  created direct connection (no actual register cell created).
Creating register for signal `\DFFNCE.\Q' using process `\DFFNCE.$proc$/home/adonay/Downloads/oss-cad-suite-linux-x64-20230210/oss-cad-suite/lib/../share/yosys/gowin/cells_sim.v:535$291'.
  created $adff cell `$procdff$722' with negative edge clock and positive level reset.
Creating register for signal `\DFFNC.\Q' using process `\DFFNC.$proc$/home/adonay/Downloads/oss-cad-suite-linux-x64-20230210/oss-cad-suite/lib/../share/yosys/gowin/cells_sim.v:515$289'.
  created $adff cell `$procdff$723' with negative edge clock and positive level reset.
Creating register for signal `\DFFNPE.\Q' using process `\DFFNPE.$proc$/home/adonay/Downloads/oss-cad-suite-linux-x64-20230210/oss-cad-suite/lib/../share/yosys/gowin/cells_sim.v:496$287'.
  created $adff cell `$procdff$724' with negative edge clock and positive level reset.
Creating register for signal `\DFFNP.\Q' using process `\DFFNP.$proc$/home/adonay/Downloads/oss-cad-suite-linux-x64-20230210/oss-cad-suite/lib/../share/yosys/gowin/cells_sim.v:476$285'.
  created $adff cell `$procdff$725' with negative edge clock and positive level reset.
Creating register for signal `\DFFNRE.\Q' using process `\DFFNRE.$proc$/home/adonay/Downloads/oss-cad-suite-linux-x64-20230210/oss-cad-suite/lib/../share/yosys/gowin/cells_sim.v:457$283'.
  created $dff cell `$procdff$726' with negative edge clock.
Creating register for signal `\DFFNR.\Q' using process `\DFFNR.$proc$/home/adonay/Downloads/oss-cad-suite-linux-x64-20230210/oss-cad-suite/lib/../share/yosys/gowin/cells_sim.v:437$281'.
  created $dff cell `$procdff$727' with negative edge clock.
Creating register for signal `\DFFNSE.\Q' using process `\DFFNSE.$proc$/home/adonay/Downloads/oss-cad-suite-linux-x64-20230210/oss-cad-suite/lib/../share/yosys/gowin/cells_sim.v:418$279'.
  created $dff cell `$procdff$728' with negative edge clock.
Creating register for signal `\DFFNS.\Q' using process `\DFFNS.$proc$/home/adonay/Downloads/oss-cad-suite-linux-x64-20230210/oss-cad-suite/lib/../share/yosys/gowin/cells_sim.v:398$277'.
  created $dff cell `$procdff$729' with negative edge clock.
Creating register for signal `\DFFNE.\Q' using process `\DFFNE.$proc$/home/adonay/Downloads/oss-cad-suite-linux-x64-20230210/oss-cad-suite/lib/../share/yosys/gowin/cells_sim.v:381$275'.
  created $dff cell `$procdff$730' with negative edge clock.
Creating register for signal `\DFFN.\Q' using process `\DFFN.$proc$/home/adonay/Downloads/oss-cad-suite-linux-x64-20230210/oss-cad-suite/lib/../share/yosys/gowin/cells_sim.v:366$273'.
  created $dff cell `$procdff$731' with negative edge clock.
Creating register for signal `\DFFCE.\Q' using process `\DFFCE.$proc$/home/adonay/Downloads/oss-cad-suite-linux-x64-20230210/oss-cad-suite/lib/../share/yosys/gowin/cells_sim.v:348$271'.
  created $adff cell `$procdff$732' with positive edge clock and positive level reset.
Creating register for signal `\DFFC.\Q' using process `\DFFC.$proc$/home/adonay/Downloads/oss-cad-suite-linux-x64-20230210/oss-cad-suite/lib/../share/yosys/gowin/cells_sim.v:328$269'.
  created $adff cell `$procdff$733' with positive edge clock and positive level reset.
Creating register for signal `\DFFPE.\Q' using process `\DFFPE.$proc$/home/adonay/Downloads/oss-cad-suite-linux-x64-20230210/oss-cad-suite/lib/../share/yosys/gowin/cells_sim.v:309$267'.
  created $adff cell `$procdff$734' with positive edge clock and positive level reset.
Creating register for signal `\DFFP.\Q' using process `\DFFP.$proc$/home/adonay/Downloads/oss-cad-suite-linux-x64-20230210/oss-cad-suite/lib/../share/yosys/gowin/cells_sim.v:289$265'.
  created $adff cell `$procdff$735' with positive edge clock and positive level reset.
Creating register for signal `\DFFRE.\Q' using process `\DFFRE.$proc$/home/adonay/Downloads/oss-cad-suite-linux-x64-20230210/oss-cad-suite/lib/../share/yosys/gowin/cells_sim.v:270$263'.
  created $dff cell `$procdff$736' with positive edge clock.
Creating register for signal `\DFFR.\Q' using process `\DFFR.$proc$/home/adonay/Downloads/oss-cad-suite-linux-x64-20230210/oss-cad-suite/lib/../share/yosys/gowin/cells_sim.v:250$261'.
  created $dff cell `$procdff$737' with positive edge clock.
Creating register for signal `\DFFSE.\Q' using process `\DFFSE.$proc$/home/adonay/Downloads/oss-cad-suite-linux-x64-20230210/oss-cad-suite/lib/../share/yosys/gowin/cells_sim.v:231$259'.
  created $dff cell `$procdff$738' with positive edge clock.
Creating register for signal `\DFFS.\Q' using process `\DFFS.$proc$/home/adonay/Downloads/oss-cad-suite-linux-x64-20230210/oss-cad-suite/lib/../share/yosys/gowin/cells_sim.v:211$257'.
  created $dff cell `$procdff$739' with positive edge clock.
Creating register for signal `\DFFE.\Q' using process `\DFFE.$proc$/home/adonay/Downloads/oss-cad-suite-linux-x64-20230210/oss-cad-suite/lib/../share/yosys/gowin/cells_sim.v:194$255'.
  created $dff cell `$procdff$740' with positive edge clock.
Creating register for signal `\DFF.\Q' using process `\DFF.$proc$/home/adonay/Downloads/oss-cad-suite-linux-x64-20230210/oss-cad-suite/lib/../share/yosys/gowin/cells_sim.v:179$253'.
  created $dff cell `$procdff$741' with positive edge clock.
Creating register for signal `\system_top.\result_ready' using process `\system_top.$proc$../design/system_top.sv:87$63'.
  created $adff cell `$procdff$742' with positive edge clock and negative level reset.
Creating register for signal `\system_top.\select_reg' using process `\system_top.$proc$../design/system_top.sv:76$57'.
  created $adff cell `$procdff$743' with positive edge clock and negative level reset.
Creating register for signal `$paramod$f95e2001cef0bcdb0a3281eaa8b8f08641c3fc47\keypad_reader.\key_value' using process `$paramod$f95e2001cef0bcdb0a3281eaa8b8f08641c3fc47\keypad_reader.$proc$../design/keypad_reader.sv:120$352'.
  created $adff cell `$procdff$744' with positive edge clock and negative level reset.
Creating register for signal `$paramod$f95e2001cef0bcdb0a3281eaa8b8f08641c3fc47\keypad_reader.\key_valid' using process `$paramod$f95e2001cef0bcdb0a3281eaa8b8f08641c3fc47\keypad_reader.$proc$../design/keypad_reader.sv:120$352'.
  created $adff cell `$procdff$745' with positive edge clock and negative level reset.
Creating register for signal `$paramod$f95e2001cef0bcdb0a3281eaa8b8f08641c3fc47\keypad_reader.\release_cnt' using process `$paramod$f95e2001cef0bcdb0a3281eaa8b8f08641c3fc47\keypad_reader.$proc$../design/keypad_reader.sv:120$352'.
  created $adff cell `$procdff$746' with positive edge clock and negative level reset.
Creating register for signal `$paramod$f95e2001cef0bcdb0a3281eaa8b8f08641c3fc47\keypad_reader.\locked' using process `$paramod$f95e2001cef0bcdb0a3281eaa8b8f08641c3fc47\keypad_reader.$proc$../design/keypad_reader.sv:120$352'.
  created $adff cell `$procdff$747' with positive edge clock and negative level reset.
Creating register for signal `$paramod$f95e2001cef0bcdb0a3281eaa8b8f08641c3fc47\keypad_reader.\col_read' using process `$paramod$f95e2001cef0bcdb0a3281eaa8b8f08641c3fc47\keypad_reader.$proc$../design/keypad_reader.sv:61$349'.
  created $adff cell `$procdff$748' with positive edge clock and negative level reset.
Creating register for signal `$paramod$f95e2001cef0bcdb0a3281eaa8b8f08641c3fc47\keypad_reader.\fila_read' using process `$paramod$f95e2001cef0bcdb0a3281eaa8b8f08641c3fc47\keypad_reader.$proc$../design/keypad_reader.sv:61$349'.
  created $adff cell `$procdff$749' with positive edge clock and negative level reset.
Creating register for signal `$paramod$f95e2001cef0bcdb0a3281eaa8b8f08641c3fc47\keypad_reader.\fila_index' using process `$paramod$f95e2001cef0bcdb0a3281eaa8b8f08641c3fc47\keypad_reader.$proc$../design/keypad_reader.sv:37$342'.
  created $adff cell `$procdff$750' with positive edge clock and negative level reset.
Creating register for signal `$paramod$f95e2001cef0bcdb0a3281eaa8b8f08641c3fc47\keypad_reader.\scan_cnt' using process `$paramod$f95e2001cef0bcdb0a3281eaa8b8f08641c3fc47\keypad_reader.$proc$../design/keypad_reader.sv:37$342'.
  created $adff cell `$procdff$751' with positive edge clock and negative level reset.
Creating register for signal `$paramod$f95e2001cef0bcdb0a3281eaa8b8f08641c3fc47\keypad_reader.\columnas_ff1' using process `$paramod$f95e2001cef0bcdb0a3281eaa8b8f08641c3fc47\keypad_reader.$proc$../design/keypad_reader.sv:27$340'.
  created $adff cell `$procdff$752' with positive edge clock and negative level reset.
Creating register for signal `$paramod$f95e2001cef0bcdb0a3281eaa8b8f08641c3fc47\keypad_reader.\columnas_sync' using process `$paramod$f95e2001cef0bcdb0a3281eaa8b8f08641c3fc47\keypad_reader.$proc$../design/keypad_reader.sv:27$340'.
  created $adff cell `$procdff$753' with positive edge clock and negative level reset.
Creating register for signal `\input_controller.\state_reg' using process `\input_controller.$proc$../design/input_controller.sv:75$31'.
  created $adff cell `$procdff$754' with positive edge clock and negative level reset.
Creating register for signal `\input_controller.\dividend_o' using process `\input_controller.$proc$../design/input_controller.sv:75$31'.
  created $adff cell `$procdff$755' with positive edge clock and negative level reset.
Creating register for signal `\input_controller.\divisor_o' using process `\input_controller.$proc$../design/input_controller.sv:75$31'.
  created $adff cell `$procdff$756' with positive edge clock and negative level reset.
Creating register for signal `\input_controller.\valid_o' using process `\input_controller.$proc$../design/input_controller.sv:75$31'.
  created $adff cell `$procdff$757' with positive edge clock and negative level reset.
Creating register for signal `\input_controller.\dividend_temp' using process `\input_controller.$proc$../design/input_controller.sv:75$31'.
  created $adff cell `$procdff$758' with positive edge clock and negative level reset.
Creating register for signal `\input_controller.\divisor_temp' using process `\input_controller.$proc$../design/input_controller.sv:75$31'.
  created $adff cell `$procdff$759' with positive edge clock and negative level reset.
Creating register for signal `\divider_core.\quotient_o' using process `\divider_core.$proc$../design/divider_core.sv:39$16'.
  created $adff cell `$procdff$760' with positive edge clock and negative level reset.
Creating register for signal `\divider_core.\remainder_o' using process `\divider_core.$proc$../design/divider_core.sv:39$16'.
  created $adff cell `$procdff$761' with positive edge clock and negative level reset.
Creating register for signal `\divider_core.\div_zero_o' using process `\divider_core.$proc$../design/divider_core.sv:39$16'.
  created $adff cell `$procdff$762' with positive edge clock and negative level reset.
Creating register for signal `\divider_core.\done_o' using process `\divider_core.$proc$../design/divider_core.sv:39$16'.
  created $adff cell `$procdff$763' with positive edge clock and negative level reset.
Creating register for signal `\divider_core.\state_reg' using process `\divider_core.$proc$../design/divider_core.sv:39$16'.
  created $adff cell `$procdff$764' with positive edge clock and negative level reset.
Creating register for signal `\divider_core.\dividend_reg' using process `\divider_core.$proc$../design/divider_core.sv:39$16'.
  created $adff cell `$procdff$765' with positive edge clock and negative level reset.
Creating register for signal `\divider_core.\divisor_reg' using process `\divider_core.$proc$../design/divider_core.sv:39$16'.
  created $adff cell `$procdff$766' with positive edge clock and negative level reset.
Creating register for signal `\display_mux4.\refresh_count' using process `\display_mux4.$proc$../design/display_mux4.sv:16$4'.
  created $adff cell `$procdff$767' with positive edge clock and negative level reset.

16.3.10. Executing PROC_MEMWR pass (convert process memory writes to cells).

16.3.11. Executing PROC_CLEAN pass (remove empty switches from decision trees).
Removing empty process `ALU.$proc$/home/adonay/Downloads/oss-cad-suite-linux-x64-20230210/oss-cad-suite/lib/../share/yosys/gowin/cells_sim.v:661$295'.
Removing empty process `DFFNCE.$proc$/home/adonay/Downloads/oss-cad-suite-linux-x64-20230210/oss-cad-suite/lib/../share/yosys/gowin/cells_sim.v:0$292'.
Found and cleaned up 1 empty switch in `\DFFNCE.$proc$/home/adonay/Downloads/oss-cad-suite-linux-x64-20230210/oss-cad-suite/lib/../share/yosys/gowin/cells_sim.v:535$291'.
Removing empty process `DFFNCE.$proc$/home/adonay/Downloads/oss-cad-suite-linux-x64-20230210/oss-cad-suite/lib/../share/yosys/gowin/cells_sim.v:535$291'.
Removing empty process `DFFNC.$proc$/home/adonay/Downloads/oss-cad-suite-linux-x64-20230210/oss-cad-suite/lib/../share/yosys/gowin/cells_sim.v:0$290'.
Removing empty process `DFFNC.$proc$/home/adonay/Downloads/oss-cad-suite-linux-x64-20230210/oss-cad-suite/lib/../share/yosys/gowin/cells_sim.v:515$289'.
Removing empty process `DFFNPE.$proc$/home/adonay/Downloads/oss-cad-suite-linux-x64-20230210/oss-cad-suite/lib/../share/yosys/gowin/cells_sim.v:0$288'.
Found and cleaned up 1 empty switch in `\DFFNPE.$proc$/home/adonay/Downloads/oss-cad-suite-linux-x64-20230210/oss-cad-suite/lib/../share/yosys/gowin/cells_sim.v:496$287'.
Removing empty process `DFFNPE.$proc$/home/adonay/Downloads/oss-cad-suite-linux-x64-20230210/oss-cad-suite/lib/../share/yosys/gowin/cells_sim.v:496$287'.
Removing empty process `DFFNP.$proc$/home/adonay/Downloads/oss-cad-suite-linux-x64-20230210/oss-cad-suite/lib/../share/yosys/gowin/cells_sim.v:0$286'.
Removing empty process `DFFNP.$proc$/home/adonay/Downloads/oss-cad-suite-linux-x64-20230210/oss-cad-suite/lib/../share/yosys/gowin/cells_sim.v:476$285'.
Removing empty process `DFFNRE.$proc$/home/adonay/Downloads/oss-cad-suite-linux-x64-20230210/oss-cad-suite/lib/../share/yosys/gowin/cells_sim.v:0$284'.
Found and cleaned up 2 empty switches in `\DFFNRE.$proc$/home/adonay/Downloads/oss-cad-suite-linux-x64-20230210/oss-cad-suite/lib/../share/yosys/gowin/cells_sim.v:457$283'.
Removing empty process `DFFNRE.$proc$/home/adonay/Downloads/oss-cad-suite-linux-x64-20230210/oss-cad-suite/lib/../share/yosys/gowin/cells_sim.v:457$283'.
Removing empty process `DFFNR.$proc$/home/adonay/Downloads/oss-cad-suite-linux-x64-20230210/oss-cad-suite/lib/../share/yosys/gowin/cells_sim.v:0$282'.
Found and cleaned up 1 empty switch in `\DFFNR.$proc$/home/adonay/Downloads/oss-cad-suite-linux-x64-20230210/oss-cad-suite/lib/../share/yosys/gowin/cells_sim.v:437$281'.
Removing empty process `DFFNR.$proc$/home/adonay/Downloads/oss-cad-suite-linux-x64-20230210/oss-cad-suite/lib/../share/yosys/gowin/cells_sim.v:437$281'.
Removing empty process `DFFNSE.$proc$/home/adonay/Downloads/oss-cad-suite-linux-x64-20230210/oss-cad-suite/lib/../share/yosys/gowin/cells_sim.v:0$280'.
Found and cleaned up 2 empty switches in `\DFFNSE.$proc$/home/adonay/Downloads/oss-cad-suite-linux-x64-20230210/oss-cad-suite/lib/../share/yosys/gowin/cells_sim.v:418$279'.
Removing empty process `DFFNSE.$proc$/home/adonay/Downloads/oss-cad-suite-linux-x64-20230210/oss-cad-suite/lib/../share/yosys/gowin/cells_sim.v:418$279'.
Removing empty process `DFFNS.$proc$/home/adonay/Downloads/oss-cad-suite-linux-x64-20230210/oss-cad-suite/lib/../share/yosys/gowin/cells_sim.v:0$278'.
Found and cleaned up 1 empty switch in `\DFFNS.$proc$/home/adonay/Downloads/oss-cad-suite-linux-x64-20230210/oss-cad-suite/lib/../share/yosys/gowin/cells_sim.v:398$277'.
Removing empty process `DFFNS.$proc$/home/adonay/Downloads/oss-cad-suite-linux-x64-20230210/oss-cad-suite/lib/../share/yosys/gowin/cells_sim.v:398$277'.
Removing empty process `DFFNE.$proc$/home/adonay/Downloads/oss-cad-suite-linux-x64-20230210/oss-cad-suite/lib/../share/yosys/gowin/cells_sim.v:0$276'.
Found and cleaned up 1 empty switch in `\DFFNE.$proc$/home/adonay/Downloads/oss-cad-suite-linux-x64-20230210/oss-cad-suite/lib/../share/yosys/gowin/cells_sim.v:381$275'.
Removing empty process `DFFNE.$proc$/home/adonay/Downloads/oss-cad-suite-linux-x64-20230210/oss-cad-suite/lib/../share/yosys/gowin/cells_sim.v:381$275'.
Removing empty process `DFFN.$proc$/home/adonay/Downloads/oss-cad-suite-linux-x64-20230210/oss-cad-suite/lib/../share/yosys/gowin/cells_sim.v:0$274'.
Removing empty process `DFFN.$proc$/home/adonay/Downloads/oss-cad-suite-linux-x64-20230210/oss-cad-suite/lib/../share/yosys/gowin/cells_sim.v:366$273'.
Removing empty process `DFFCE.$proc$/home/adonay/Downloads/oss-cad-suite-linux-x64-20230210/oss-cad-suite/lib/../share/yosys/gowin/cells_sim.v:0$272'.
Found and cleaned up 1 empty switch in `\DFFCE.$proc$/home/adonay/Downloads/oss-cad-suite-linux-x64-20230210/oss-cad-suite/lib/../share/yosys/gowin/cells_sim.v:348$271'.
Removing empty process `DFFCE.$proc$/home/adonay/Downloads/oss-cad-suite-linux-x64-20230210/oss-cad-suite/lib/../share/yosys/gowin/cells_sim.v:348$271'.
Removing empty process `DFFC.$proc$/home/adonay/Downloads/oss-cad-suite-linux-x64-20230210/oss-cad-suite/lib/../share/yosys/gowin/cells_sim.v:0$270'.
Removing empty process `DFFC.$proc$/home/adonay/Downloads/oss-cad-suite-linux-x64-20230210/oss-cad-suite/lib/../share/yosys/gowin/cells_sim.v:328$269'.
Removing empty process `DFFPE.$proc$/home/adonay/Downloads/oss-cad-suite-linux-x64-20230210/oss-cad-suite/lib/../share/yosys/gowin/cells_sim.v:0$268'.
Found and cleaned up 1 empty switch in `\DFFPE.$proc$/home/adonay/Downloads/oss-cad-suite-linux-x64-20230210/oss-cad-suite/lib/../share/yosys/gowin/cells_sim.v:309$267'.
Removing empty process `DFFPE.$proc$/home/adonay/Downloads/oss-cad-suite-linux-x64-20230210/oss-cad-suite/lib/../share/yosys/gowin/cells_sim.v:309$267'.
Removing empty process `DFFP.$proc$/home/adonay/Downloads/oss-cad-suite-linux-x64-20230210/oss-cad-suite/lib/../share/yosys/gowin/cells_sim.v:0$266'.
Removing empty process `DFFP.$proc$/home/adonay/Downloads/oss-cad-suite-linux-x64-20230210/oss-cad-suite/lib/../share/yosys/gowin/cells_sim.v:289$265'.
Removing empty process `DFFRE.$proc$/home/adonay/Downloads/oss-cad-suite-linux-x64-20230210/oss-cad-suite/lib/../share/yosys/gowin/cells_sim.v:0$264'.
Found and cleaned up 2 empty switches in `\DFFRE.$proc$/home/adonay/Downloads/oss-cad-suite-linux-x64-20230210/oss-cad-suite/lib/../share/yosys/gowin/cells_sim.v:270$263'.
Removing empty process `DFFRE.$proc$/home/adonay/Downloads/oss-cad-suite-linux-x64-20230210/oss-cad-suite/lib/../share/yosys/gowin/cells_sim.v:270$263'.
Removing empty process `DFFR.$proc$/home/adonay/Downloads/oss-cad-suite-linux-x64-20230210/oss-cad-suite/lib/../share/yosys/gowin/cells_sim.v:0$262'.
Found and cleaned up 1 empty switch in `\DFFR.$proc$/home/adonay/Downloads/oss-cad-suite-linux-x64-20230210/oss-cad-suite/lib/../share/yosys/gowin/cells_sim.v:250$261'.
Removing empty process `DFFR.$proc$/home/adonay/Downloads/oss-cad-suite-linux-x64-20230210/oss-cad-suite/lib/../share/yosys/gowin/cells_sim.v:250$261'.
Removing empty process `DFFSE.$proc$/home/adonay/Downloads/oss-cad-suite-linux-x64-20230210/oss-cad-suite/lib/../share/yosys/gowin/cells_sim.v:0$260'.
Found and cleaned up 2 empty switches in `\DFFSE.$proc$/home/adonay/Downloads/oss-cad-suite-linux-x64-20230210/oss-cad-suite/lib/../share/yosys/gowin/cells_sim.v:231$259'.
Removing empty process `DFFSE.$proc$/home/adonay/Downloads/oss-cad-suite-linux-x64-20230210/oss-cad-suite/lib/../share/yosys/gowin/cells_sim.v:231$259'.
Removing empty process `DFFS.$proc$/home/adonay/Downloads/oss-cad-suite-linux-x64-20230210/oss-cad-suite/lib/../share/yosys/gowin/cells_sim.v:0$258'.
Found and cleaned up 1 empty switch in `\DFFS.$proc$/home/adonay/Downloads/oss-cad-suite-linux-x64-20230210/oss-cad-suite/lib/../share/yosys/gowin/cells_sim.v:211$257'.
Removing empty process `DFFS.$proc$/home/adonay/Downloads/oss-cad-suite-linux-x64-20230210/oss-cad-suite/lib/../share/yosys/gowin/cells_sim.v:211$257'.
Removing empty process `DFFE.$proc$/home/adonay/Downloads/oss-cad-suite-linux-x64-20230210/oss-cad-suite/lib/../share/yosys/gowin/cells_sim.v:0$256'.
Found and cleaned up 1 empty switch in `\DFFE.$proc$/home/adonay/Downloads/oss-cad-suite-linux-x64-20230210/oss-cad-suite/lib/../share/yosys/gowin/cells_sim.v:194$255'.
Removing empty process `DFFE.$proc$/home/adonay/Downloads/oss-cad-suite-linux-x64-20230210/oss-cad-suite/lib/../share/yosys/gowin/cells_sim.v:194$255'.
Removing empty process `DFF.$proc$/home/adonay/Downloads/oss-cad-suite-linux-x64-20230210/oss-cad-suite/lib/../share/yosys/gowin/cells_sim.v:0$254'.
Removing empty process `DFF.$proc$/home/adonay/Downloads/oss-cad-suite-linux-x64-20230210/oss-cad-suite/lib/../share/yosys/gowin/cells_sim.v:179$253'.
Found and cleaned up 3 empty switches in `\system_top.$proc$../design/system_top.sv:87$63'.
Removing empty process `system_top.$proc$../design/system_top.sv:87$63'.
Found and cleaned up 1 empty switch in `\system_top.$proc$../design/system_top.sv:76$57'.
Removing empty process `system_top.$proc$../design/system_top.sv:76$57'.
Found and cleaned up 4 empty switches in `$paramod$f95e2001cef0bcdb0a3281eaa8b8f08641c3fc47\keypad_reader.$proc$../design/keypad_reader.sv:120$352'.
Removing empty process `$paramod$f95e2001cef0bcdb0a3281eaa8b8f08641c3fc47\keypad_reader.$proc$../design/keypad_reader.sv:120$352'.
Found and cleaned up 5 empty switches in `$paramod$f95e2001cef0bcdb0a3281eaa8b8f08641c3fc47\keypad_reader.$proc$../design/keypad_reader.sv:0$351'.
Removing empty process `$paramod$f95e2001cef0bcdb0a3281eaa8b8f08641c3fc47\keypad_reader.$proc$../design/keypad_reader.sv:0$351'.
Removing empty process `$paramod$f95e2001cef0bcdb0a3281eaa8b8f08641c3fc47\keypad_reader.$proc$../design/keypad_reader.sv:61$349'.
Found and cleaned up 1 empty switch in `$paramod$f95e2001cef0bcdb0a3281eaa8b8f08641c3fc47\keypad_reader.$proc$../design/keypad_reader.sv:0$348'.
Removing empty process `$paramod$f95e2001cef0bcdb0a3281eaa8b8f08641c3fc47\keypad_reader.$proc$../design/keypad_reader.sv:0$348'.
Found and cleaned up 2 empty switches in `$paramod$f95e2001cef0bcdb0a3281eaa8b8f08641c3fc47\keypad_reader.$proc$../design/keypad_reader.sv:37$342'.
Removing empty process `$paramod$f95e2001cef0bcdb0a3281eaa8b8f08641c3fc47\keypad_reader.$proc$../design/keypad_reader.sv:37$342'.
Removing empty process `$paramod$f95e2001cef0bcdb0a3281eaa8b8f08641c3fc47\keypad_reader.$proc$../design/keypad_reader.sv:27$340'.
Found and cleaned up 9 empty switches in `\input_controller.$proc$../design/input_controller.sv:75$31'.
Removing empty process `input_controller.$proc$../design/input_controller.sv:75$31'.
Found and cleaned up 4 empty switches in `\input_controller.$proc$../design/input_controller.sv:0$26'.
Removing empty process `input_controller.$proc$../design/input_controller.sv:0$26'.
Found and cleaned up 2 empty switches in `\divider_core.$proc$../design/divider_core.sv:0$18'.
Removing empty process `divider_core.$proc$../design/divider_core.sv:0$18'.
Found and cleaned up 2 empty switches in `\divider_core.$proc$../design/divider_core.sv:39$16'.
Removing empty process `divider_core.$proc$../design/divider_core.sv:39$16'.
Found and cleaned up 1 empty switch in `\display_mux4.$proc$../design/display_mux4.sv:0$7'.
Removing empty process `display_mux4.$proc$../design/display_mux4.sv:0$7'.
Removing empty process `display_mux4.$proc$../design/display_mux4.sv:16$4'.
Found and cleaned up 1 empty switch in `\display_hex_decoder.$proc$../design/display_hex_decoder.sv:0$3'.
Removing empty process `display_hex_decoder.$proc$../design/display_hex_decoder.sv:0$3'.
Cleaned up 53 empty switches.

16.3.12. Executing OPT_EXPR pass (perform const folding).
Optimizing module system_top.
Optimizing module $paramod$f95e2001cef0bcdb0a3281eaa8b8f08641c3fc47\keypad_reader.
<suppressed ~7 debug messages>
Optimizing module $paramod\divider_row\WIDTH=s32'00000000000000000000000000000101.
Optimizing module result_selector.
Optimizing module $paramod\divider_stage\WIDTH=s32'00000000000000000000000000000101.
Optimizing module input_controller.
<suppressed ~5 debug messages>
Optimizing module divider_core.
<suppressed ~4 debug messages>
Optimizing module divider_comb.
<suppressed ~1 debug messages>
Optimizing module divider_cell.
Optimizing module display_result_controller.
Optimizing module display_mux4.
<suppressed ~2 debug messages>
Optimizing module display_hex_decoder.
Optimizing module bin_to_bcd.

16.4. Executing FLATTEN pass (flatten design).
Deleting now unused module $paramod$f95e2001cef0bcdb0a3281eaa8b8f08641c3fc47\keypad_reader.
Deleting now unused module $paramod\divider_row\WIDTH=s32'00000000000000000000000000000101.
Deleting now unused module result_selector.
Deleting now unused module $paramod\divider_stage\WIDTH=s32'00000000000000000000000000000101.
Deleting now unused module input_controller.
Deleting now unused module divider_core.
Deleting now unused module divider_comb.
Deleting now unused module divider_cell.
Deleting now unused module display_result_controller.
Deleting now unused module display_mux4.
Deleting now unused module display_hex_decoder.
Deleting now unused module bin_to_bcd.
<suppressed ~21 debug messages>

16.5. Executing TRIBUF pass.

16.6. Executing DEMINOUT pass (demote inout ports to input or output).

16.7. Executing SYNTH pass.

16.7.1. Executing PROC pass (convert processes to netlists).

16.7.1.1. Executing PROC_CLEAN pass (remove empty switches from decision trees).
Cleaned up 0 empty switches.

16.7.1.2. Executing PROC_RMDEAD pass (remove dead branches from decision trees).
Removed a total of 0 dead cases.

16.7.1.3. Executing PROC_PRUNE pass (remove redundant assignments in processes).
Removed 0 redundant assignments.
Promoted 0 assignments to connections.

16.7.1.4. Executing PROC_INIT pass (extract init attributes).

16.7.1.5. Executing PROC_ARST pass (detect async resets in processes).

16.7.1.6. Executing PROC_ROM pass (convert switches to ROMs).
Converted 0 switches.

16.7.1.7. Executing PROC_MUX pass (convert decision trees to multiplexers).

16.7.1.8. Executing PROC_DLATCH pass (convert process syncs to latches).

16.7.1.9. Executing PROC_DFF pass (convert process syncs to FFs).

16.7.1.10. Executing PROC_MEMWR pass (convert process memory writes to cells).

16.7.1.11. Executing PROC_CLEAN pass (remove empty switches from decision trees).
Cleaned up 0 empty switches.

16.7.1.12. Executing OPT_EXPR pass (perform const folding).
Optimizing module system_top.
<suppressed ~38 debug messages>

16.7.2. Executing OPT_EXPR pass (perform const folding).
Optimizing module system_top.
<suppressed ~5 debug messages>

16.7.3. Executing OPT_CLEAN pass (remove unused cells and wires).
Finding unused cells or wires in module \system_top..
Removed 15 unused cells and 228 unused wires.
<suppressed ~24 debug messages>

16.7.4. Executing CHECK pass (checking for obvious problems).
Checking module system_top...
Found and reported 0 problems.

16.7.5. Executing OPT pass (performing simple optimizations).

16.7.5.1. Executing OPT_EXPR pass (perform const folding).
Optimizing module system_top.

16.7.5.2. Executing OPT_MERGE pass (detect identical cells).
Finding identical cells in module `\system_top'.
<suppressed ~240 debug messages>
Removed a total of 80 cells.

16.7.5.3. Executing OPT_MUXTREE pass (detect dead branches in mux trees).
Running muxtree optimizer on module \system_top..
  Creating internal representation of mux trees.
  Evaluating internal representation of mux trees.
      Replacing known input bits on port A of cell $flatten\keypad_inst.$procmux$426: \keypad_inst.locked -> 1'0
      Replacing known input bits on port A of cell $flatten\keypad_inst.$procmux$424: \keypad_inst.locked -> 1'1
      Replacing known input bits on port B of cell $flatten\keypad_inst.$procmux$422: \keypad_inst.locked -> 1'1
  Analyzing evaluation results.
    dead port 2/2 on $mux $flatten\divider_inst.$procmux$675.
    dead port 2/2 on $mux $flatten\input_inst.$procmux$636.
    dead port 2/2 on $mux $flatten\input_inst.$procmux$638.
    dead port 2/2 on $mux $flatten\input_inst.$procmux$646.
    dead port 2/2 on $mux $flatten\input_inst.$procmux$648.
    dead port 2/2 on $mux $flatten\input_inst.$procmux$655.
    dead port 2/2 on $mux $flatten\input_inst.$procmux$661.
    dead port 2/2 on $mux $flatten\keypad_inst.$procmux$451.
    dead port 2/2 on $mux $flatten\keypad_inst.$procmux$459.
    dead port 2/2 on $mux $flatten\keypad_inst.$procmux$468.
    dead port 2/2 on $mux $flatten\keypad_inst.$procmux$477.
    dead port 2/2 on $mux $flatten\keypad_inst.$procmux$487.
    dead port 2/2 on $mux $flatten\keypad_inst.$procmux$497.
    dead port 2/2 on $mux $flatten\keypad_inst.$procmux$508.
    dead port 2/2 on $mux $flatten\keypad_inst.$procmux$518.
Removed 15 multiplexer ports.
<suppressed ~32 debug messages>

16.7.5.4. Executing OPT_REDUCE pass (consolidate $*mux and $reduce_* inputs).
  Optimizing cells in module \system_top.
    New ctrl vector for $pmux cell $flatten\keypad_inst.$procmux$446: $auto$opt_reduce.cc:134:opt_pmux$769
    New ctrl vector for $pmux cell $flatten\keypad_inst.$procmux$463: $auto$opt_reduce.cc:134:opt_pmux$771
    New ctrl vector for $pmux cell $flatten\keypad_inst.$procmux$482: $auto$opt_reduce.cc:134:opt_pmux$773
    New ctrl vector for $pmux cell $flatten\keypad_inst.$procmux$503: $auto$opt_reduce.cc:134:opt_pmux$775
    New ctrl vector for $pmux cell $flatten\display_inst.\mux_inst.$procmux$716: { $auto$opt_reduce.cc:134:opt_pmux$777 $flatten\display_inst.\mux_inst.$procmux$713_CMP $flatten\display_inst.\mux_inst.$procmux$712_CMP }
  Optimizing cells in module \system_top.
Performed a total of 5 changes.

16.7.5.5. Executing OPT_MERGE pass (detect identical cells).
Finding identical cells in module `\system_top'.
<suppressed ~18 debug messages>
Removed a total of 6 cells.

16.7.5.6. Executing OPT_DFF pass (perform DFF optimizations).

16.7.5.7. Executing OPT_CLEAN pass (remove unused cells and wires).
Finding unused cells or wires in module \system_top..
Removed 0 unused cells and 101 unused wires.
<suppressed ~1 debug messages>

16.7.5.8. Executing OPT_EXPR pass (perform const folding).
Optimizing module system_top.

16.7.5.9. Rerunning OPT passes. (Maybe there is more to do..)

16.7.5.10. Executing OPT_MUXTREE pass (detect dead branches in mux trees).
Running muxtree optimizer on module \system_top..
  Creating internal representation of mux trees.
  Evaluating internal representation of mux trees.
  Analyzing evaluation results.
Removed 0 multiplexer ports.
<suppressed ~32 debug messages>

16.7.5.11. Executing OPT_REDUCE pass (consolidate $*mux and $reduce_* inputs).
  Optimizing cells in module \system_top.
    New ctrl vector for $pmux cell $flatten\keypad_inst.$procmux$520: $auto$opt_reduce.cc:134:opt_pmux$779
  Optimizing cells in module \system_top.
Performed a total of 1 changes.

16.7.5.12. Executing OPT_MERGE pass (detect identical cells).
Finding identical cells in module `\system_top'.
Removed a total of 0 cells.

16.7.5.13. Executing OPT_DFF pass (perform DFF optimizations).

16.7.5.14. Executing OPT_CLEAN pass (remove unused cells and wires).
Finding unused cells or wires in module \system_top..

16.7.5.15. Executing OPT_EXPR pass (perform const folding).
Optimizing module system_top.

16.7.5.16. Rerunning OPT passes. (Maybe there is more to do..)

16.7.5.17. Executing OPT_MUXTREE pass (detect dead branches in mux trees).
Running muxtree optimizer on module \system_top..
  Creating internal representation of mux trees.
  Evaluating internal representation of mux trees.
  Analyzing evaluation results.
Removed 0 multiplexer ports.
<suppressed ~32 debug messages>

16.7.5.18. Executing OPT_REDUCE pass (consolidate $*mux and $reduce_* inputs).
  Optimizing cells in module \system_top.
Performed a total of 0 changes.

16.7.5.19. Executing OPT_MERGE pass (detect identical cells).
Finding identical cells in module `\system_top'.
Removed a total of 0 cells.

16.7.5.20. Executing OPT_DFF pass (perform DFF optimizations).

16.7.5.21. Executing OPT_CLEAN pass (remove unused cells and wires).
Finding unused cells or wires in module \system_top..

16.7.5.22. Executing OPT_EXPR pass (perform const folding).
Optimizing module system_top.

16.7.5.23. Finished OPT passes. (There is nothing left to do.)

16.7.6. Executing FSM pass (extract and optimize FSM).

16.7.6.1. Executing FSM_DETECT pass (finding FSMs in design).
Not marking system_top.divider_inst.state_reg as FSM state register:
    Circuit seems to be self-resetting.
Found FSM state register system_top.input_inst.state_reg.
Not marking system_top.keypad_inst.key_value as FSM state register:
    Users of register don't seem to benefit from recoding.

16.7.6.2. Executing FSM_EXTRACT pass (extracting FSM from design).
Extracting FSM `\input_inst.state_reg' from module `\system_top'.
  found $adff cell for state register: $flatten\input_inst.$procdff$754
  root of input selection tree: $flatten\input_inst.$0\state_reg[1:0]
  found reset state: 2'00 (from async reset)
  found ctrl input: \keypad_inst.key_valid
  found ctrl input: \input_inst.is_clear
  found ctrl input: $flatten\input_inst.$procmux$551_CMP
  found ctrl input: $flatten\input_inst.$eq$../design/input_controller.sv:44$24_Y
  found ctrl input: \input_inst.is_digit
  found ctrl input: \input_inst.is_confirm
  found state code: 2'01
  found ctrl output: $flatten\input_inst.$procmux$551_CMP
  found ctrl output: $flatten\input_inst.$eq$../design/input_controller.sv:44$24_Y
  ctrl inputs: { \input_inst.is_digit \input_inst.is_confirm \input_inst.is_clear \keypad_inst.key_valid }
  ctrl outputs: { $flatten\input_inst.$eq$../design/input_controller.sv:44$24_Y $flatten\input_inst.$0\state_reg[1:0] $flatten\input_inst.$procmux$551_CMP }
  transition:       2'00 4'---0 ->       2'00 4'1000
  transition:       2'00 4'0001 ->       2'00 4'1000
  transition:       2'00 4'0101 ->       2'01 4'1010
  transition:       2'00 4'1-01 ->       2'00 4'1000
  transition:       2'00 4'--11 ->       2'00 4'1000
  transition:       2'01 4'---0 ->       2'01 4'0011
  transition:       2'01 4'0001 ->       2'01 4'0011
  transition:       2'01 4'0101 ->       2'00 4'0001
  transition:       2'01 4'1-01 ->       2'01 4'0011
  transition:       2'01 4'--11 ->       2'00 4'0001

16.7.6.3. Executing FSM_OPT pass (simple optimizations of FSMs).
Optimizing FSM `$fsm$\input_inst.state_reg$780' from module `\system_top'.

16.7.6.4. Executing OPT_CLEAN pass (remove unused cells and wires).
Finding unused cells or wires in module \system_top..
Removed 10 unused cells and 10 unused wires.
<suppressed ~11 debug messages>

16.7.6.5. Executing FSM_OPT pass (simple optimizations of FSMs).
Optimizing FSM `$fsm$\input_inst.state_reg$780' from module `\system_top'.
  Removing unused output signal $flatten\input_inst.$0\state_reg[1:0] [0].
  Removing unused output signal $flatten\input_inst.$0\state_reg[1:0] [1].

16.7.6.6. Executing FSM_RECODE pass (re-assigning FSM state encoding).
Recoding FSM `$fsm$\input_inst.state_reg$780' from module `\system_top' using `auto' encoding:
  mapping auto encoding to `one-hot` for this FSM.
  00 -> -1
  01 -> 1-

16.7.6.7. Executing FSM_INFO pass (dumping all available information on FSM cells).

FSM `$fsm$\input_inst.state_reg$780' from module `system_top':
-------------------------------------

  Information on FSM $fsm$\input_inst.state_reg$780 (\input_inst.state_reg):

  Number of input signals:    4
  Number of output signals:   2
  Number of state bits:       2

  Input signals:
    0: \keypad_inst.key_valid
    1: \input_inst.is_clear
    2: \input_inst.is_confirm
    3: \input_inst.is_digit

  Output signals:
    0: $flatten\input_inst.$procmux$551_CMP
    1: $flatten\input_inst.$eq$../design/input_controller.sv:44$24_Y

  State encoding:
    0:       2'-1  <RESET STATE>
    1:       2'1-

  Transition Table (state_in, ctrl_in, state_out, ctrl_out):
      0:     0 4'---0   ->     0 2'10
      1:     0 4'0001   ->     0 2'10
      2:     0 4'1-01   ->     0 2'10
      3:     0 4'--11   ->     0 2'10
      4:     0 4'0101   ->     1 2'10
      5:     1 4'0101   ->     0 2'01
      6:     1 4'--11   ->     0 2'01
      7:     1 4'---0   ->     1 2'01
      8:     1 4'0001   ->     1 2'01
      9:     1 4'1-01   ->     1 2'01

-------------------------------------

16.7.6.8. Executing FSM_MAP pass (mapping FSMs to basic logic).
Mapping FSM `$fsm$\input_inst.state_reg$780' from module `\system_top'.

16.7.7. Executing OPT pass (performing simple optimizations).

16.7.7.1. Executing OPT_EXPR pass (perform const folding).
Optimizing module system_top.
<suppressed ~2 debug messages>

16.7.7.2. Executing OPT_MERGE pass (detect identical cells).
Finding identical cells in module `\system_top'.
<suppressed ~12 debug messages>
Removed a total of 4 cells.

16.7.7.3. Executing OPT_MUXTREE pass (detect dead branches in mux trees).
Running muxtree optimizer on module \system_top..
  Creating internal representation of mux trees.
  Evaluating internal representation of mux trees.
  Analyzing evaluation results.
Removed 0 multiplexer ports.
<suppressed ~31 debug messages>

16.7.7.4. Executing OPT_REDUCE pass (consolidate $*mux and $reduce_* inputs).
  Optimizing cells in module \system_top.
Performed a total of 0 changes.

16.7.7.5. Executing OPT_MERGE pass (detect identical cells).
Finding identical cells in module `\system_top'.
Removed a total of 0 cells.

16.7.7.6. Executing OPT_DFF pass (perform DFF optimizations).
Adding EN signal on $procdff$743 ($adff) from module system_top (D = $not$../design/system_top.sv:81$62_Y, Q = \select_reg).
Adding EN signal on $procdff$742 ($adff) from module system_top (D = $0\result_ready[0:0], Q = \result_ready).
Adding EN signal on $flatten\keypad_inst.$procdff$751 ($adff) from module system_top (D = $flatten\keypad_inst.$procmux$536_Y, Q = \keypad_inst.scan_cnt).
Adding EN signal on $flatten\keypad_inst.$procdff$750 ($adff) from module system_top (D = $flatten\keypad_inst.$add$../design/keypad_reader.sv:44$346_Y [1:0], Q = \keypad_inst.fila_index).
Adding EN signal on $flatten\keypad_inst.$procdff$746 ($adff) from module system_top (D = $flatten\keypad_inst.$0\release_cnt[17:0], Q = \keypad_inst.release_cnt).
Adding EN signal on $flatten\keypad_inst.$procdff$744 ($adff) from module system_top (D = \keypad_inst.key_code, Q = \keypad_inst.key_value).
Adding EN signal on $flatten\input_inst.$procdff$759 ($adff) from module system_top (D = $flatten\input_inst.$procmux$567_Y, Q = \input_inst.divisor_temp).
Adding EN signal on $flatten\input_inst.$procdff$758 ($adff) from module system_top (D = $flatten\input_inst.$procmux$585_Y, Q = \input_inst.dividend_temp).
Adding EN signal on $flatten\input_inst.$procdff$756 ($adff) from module system_top (D = $flatten\input_inst.$procmux$597_Y, Q = \input_inst.divisor_o).
Adding EN signal on $flatten\input_inst.$procdff$755 ($adff) from module system_top (D = $flatten\input_inst.$procmux$609_Y, Q = \input_inst.dividend_o).
Adding EN signal on $flatten\divider_inst.$procdff$766 ($adff) from module system_top (D = \input_inst.divisor_o, Q = \divider_inst.divisor_reg).
Adding EN signal on $flatten\divider_inst.$procdff$765 ($adff) from module system_top (D = \input_inst.dividend_o, Q = \divider_inst.dividend_reg).
Adding EN signal on $flatten\divider_inst.$procdff$764 ($adff) from module system_top (D = \divider_inst.state_next, Q = \divider_inst.state_reg).
Adding EN signal on $flatten\divider_inst.$procdff$761 ($adff) from module system_top (D = \divider_inst.remainder_comb, Q = \divider_inst.remainder_o).
Adding EN signal on $flatten\divider_inst.$procdff$760 ($adff) from module system_top (D = \divider_inst.quotient_comb, Q = \divider_inst.quotient_o).

16.7.7.7. Executing OPT_CLEAN pass (remove unused cells and wires).
Finding unused cells or wires in module \system_top..
Removed 15 unused cells and 24 unused wires.
<suppressed ~16 debug messages>

16.7.7.8. Executing OPT_EXPR pass (perform const folding).
Optimizing module system_top.
<suppressed ~6 debug messages>

16.7.7.9. Rerunning OPT passes. (Maybe there is more to do..)

16.7.7.10. Executing OPT_MUXTREE pass (detect dead branches in mux trees).
Running muxtree optimizer on module \system_top..
  Creating internal representation of mux trees.
  Evaluating internal representation of mux trees.
  Analyzing evaluation results.
Removed 0 multiplexer ports.
<suppressed ~27 debug messages>

16.7.7.11. Executing OPT_REDUCE pass (consolidate $*mux and $reduce_* inputs).
  Optimizing cells in module \system_top.
Performed a total of 0 changes.

16.7.7.12. Executing OPT_MERGE pass (detect identical cells).
Finding identical cells in module `\system_top'.
<suppressed ~27 debug messages>
Removed a total of 9 cells.

16.7.7.13. Executing OPT_DFF pass (perform DFF optimizations).

16.7.7.14. Executing OPT_CLEAN pass (remove unused cells and wires).
Finding unused cells or wires in module \system_top..
Removed 0 unused cells and 9 unused wires.
<suppressed ~1 debug messages>

16.7.7.15. Executing OPT_EXPR pass (perform const folding).
Optimizing module system_top.

16.7.7.16. Rerunning OPT passes. (Maybe there is more to do..)

16.7.7.17. Executing OPT_MUXTREE pass (detect dead branches in mux trees).
Running muxtree optimizer on module \system_top..
  Creating internal representation of mux trees.
  Evaluating internal representation of mux trees.
  Analyzing evaluation results.
Removed 0 multiplexer ports.
<suppressed ~27 debug messages>

16.7.7.18. Executing OPT_REDUCE pass (consolidate $*mux and $reduce_* inputs).
  Optimizing cells in module \system_top.
Performed a total of 0 changes.

16.7.7.19. Executing OPT_MERGE pass (detect identical cells).
Finding identical cells in module `\system_top'.
Removed a total of 0 cells.

16.7.7.20. Executing OPT_DFF pass (perform DFF optimizations).

16.7.7.21. Executing OPT_CLEAN pass (remove unused cells and wires).
Finding unused cells or wires in module \system_top..

16.7.7.22. Executing OPT_EXPR pass (perform const folding).
Optimizing module system_top.

16.7.7.23. Finished OPT passes. (There is nothing left to do.)

16.7.8. Executing WREDUCE pass (reducing word size of cells).
Removed top 2 bits (of 6) from port B of cell system_top.$flatten\display_inst.\bcd_inst.$div$../design/bin_to_bcd.sv:10$1 ($div).
Removed top 2 bits (of 6) from port B of cell system_top.$flatten\display_inst.\bcd_inst.$mod$../design/bin_to_bcd.sv:11$2 ($mod).
Removed top 28 address bits (of 32) from memory init port system_top.$flatten\display_inst.\mux_inst.\decoder_inst.$auto$mem.cc:319:emit$362 ($flatten\display_inst.\mux_inst.\decoder_inst.$auto$proc_rom.cc:150:do_switch$360).
Removed top 1 bits (of 2) from port B of cell system_top.$flatten\keypad_inst.$procmux$533_CMP0 ($eq).
Removed top 1 bits (of 2) from port B of cell system_top.$flatten\keypad_inst.$procmux$488_CMP0 ($eq).
Removed top 1 bits (of 4) from port B of cell system_top.$flatten\keypad_inst.$procmux$447_CMP0 ($eq).
Removed top 31 bits (of 32) from port B of cell system_top.$flatten\keypad_inst.$add$../design/keypad_reader.sv:137$358 ($add).
Removed top 14 bits (of 32) from port Y of cell system_top.$flatten\keypad_inst.$add$../design/keypad_reader.sv:137$358 ($add).
Removed top 14 bits (of 32) from port B of cell system_top.$flatten\keypad_inst.$lt$../design/keypad_reader.sv:136$357 ($lt).
Removed top 31 bits (of 32) from port B of cell system_top.$flatten\keypad_inst.$add$../design/keypad_reader.sv:46$347 ($add).
Removed top 16 bits (of 32) from port Y of cell system_top.$flatten\keypad_inst.$add$../design/keypad_reader.sv:46$347 ($add).
Removed top 31 bits (of 32) from port B of cell system_top.$flatten\keypad_inst.$add$../design/keypad_reader.sv:44$346 ($add).
Removed top 30 bits (of 32) from port Y of cell system_top.$flatten\keypad_inst.$add$../design/keypad_reader.sv:44$346 ($add).
Removed top 1 bits (of 16) from port B of cell system_top.$flatten\keypad_inst.$eq$../design/keypad_reader.sv:42$345 ($eq).
Removed top 1 bits (of 5) from port B of cell system_top.$flatten\input_inst.$le$../design/input_controller.sv:116$34 ($le).
Removed top 1 bits (of 7) from port B of cell system_top.$flatten\input_inst.$le$../design/input_controller.sv:106$33 ($le).
Removed top 27 bits (of 32) from port Y of cell system_top.$flatten\input_inst.$add$../design/input_controller.sv:65$30 ($add).
Removed top 27 bits (of 32) from port A of cell system_top.$flatten\input_inst.$add$../design/input_controller.sv:65$30 ($add).
Removed top 28 bits (of 31) from port B of cell system_top.$flatten\input_inst.$mul$../design/input_controller.sv:65$29 ($mul).
Removed top 27 bits (of 31) from port Y of cell system_top.$flatten\input_inst.$mul$../design/input_controller.sv:65$29 ($mul).
Removed top 25 bits (of 32) from port Y of cell system_top.$flatten\input_inst.$add$../design/input_controller.sv:60$28 ($add).
Removed top 25 bits (of 32) from port A of cell system_top.$flatten\input_inst.$add$../design/input_controller.sv:60$28 ($add).
Removed top 28 bits (of 31) from port B of cell system_top.$flatten\input_inst.$mul$../design/input_controller.sv:60$27 ($mul).
Removed top 25 bits (of 31) from port Y of cell system_top.$flatten\input_inst.$mul$../design/input_controller.sv:60$27 ($mul).
Removed top 1 bits (of 4) from port B of cell system_top.$auto$fsm_map.cc:77:implement_pattern_cache$816 ($eq).
Removed top 3 bits (of 4) from port B of cell system_top.$auto$fsm_map.cc:77:implement_pattern_cache$812 ($eq).
Removed top 1 bits (of 2) from port B of cell system_top.$flatten\divider_inst.\comb_inst.\stage_5.\row_inst.\gen_cells[0].cell_inst.$add$../design/divider_cell.sv:16$11 ($add).
Removed top 1 bits (of 2) from port A of cell system_top.$flatten\divider_inst.\comb_inst.\stage_5.\row_inst.\gen_cells[0].cell_inst.$add$../design/divider_cell.sv:16$10 ($add).
Removed top 1 bits (of 2) from port B of cell system_top.$flatten\divider_inst.\comb_inst.\stage_5.\row_inst.\gen_cells[0].cell_inst.$add$../design/divider_cell.sv:16$10 ($add).
Removed top 1 bits (of 2) from port A of cell system_top.$flatten\divider_inst.\comb_inst.\stage_5.\row_inst.\gen_cells[1].cell_inst.$add$../design/divider_cell.sv:16$11 ($add).
Removed top 1 bits (of 2) from port B of cell system_top.$flatten\divider_inst.\comb_inst.\stage_5.\row_inst.\gen_cells[1].cell_inst.$add$../design/divider_cell.sv:16$11 ($add).
Removed top 1 bits (of 2) from port A of cell system_top.$flatten\divider_inst.\comb_inst.\stage_5.\row_inst.\gen_cells[2].cell_inst.$add$../design/divider_cell.sv:16$11 ($add).
Removed top 1 bits (of 2) from port B of cell system_top.$flatten\divider_inst.\comb_inst.\stage_5.\row_inst.\gen_cells[2].cell_inst.$add$../design/divider_cell.sv:16$11 ($add).
Removed top 1 bits (of 2) from port A of cell system_top.$flatten\divider_inst.\comb_inst.\stage_5.\row_inst.\gen_cells[3].cell_inst.$add$../design/divider_cell.sv:16$11 ($add).
Removed top 1 bits (of 2) from port B of cell system_top.$flatten\divider_inst.\comb_inst.\stage_5.\row_inst.\gen_cells[3].cell_inst.$add$../design/divider_cell.sv:16$11 ($add).
Removed top 1 bits (of 2) from port A of cell system_top.$flatten\divider_inst.\comb_inst.\stage_5.\row_inst.\gen_cells[4].cell_inst.$add$../design/divider_cell.sv:16$11 ($add).
Removed top 1 bits (of 2) from port B of cell system_top.$flatten\divider_inst.\comb_inst.\stage_5.\row_inst.\gen_cells[4].cell_inst.$add$../design/divider_cell.sv:16$11 ($add).
Removed top 1 bits (of 5) from mux cell system_top.$flatten\divider_inst.\comb_inst.\stage_5.$ternary$../design/divider_stage.sv:36$339 ($mux).
Removed top 1 bits (of 2) from port B of cell system_top.$flatten\divider_inst.\comb_inst.\stage_4.\row_inst.\gen_cells[0].cell_inst.$add$../design/divider_cell.sv:16$11 ($add).
Removed top 1 bits (of 2) from port A of cell system_top.$flatten\divider_inst.\comb_inst.\stage_4.\row_inst.\gen_cells[0].cell_inst.$add$../design/divider_cell.sv:16$10 ($add).
Removed top 1 bits (of 2) from port B of cell system_top.$flatten\divider_inst.\comb_inst.\stage_4.\row_inst.\gen_cells[0].cell_inst.$add$../design/divider_cell.sv:16$10 ($add).
Removed top 1 bits (of 2) from port B of cell system_top.$flatten\divider_inst.\comb_inst.\stage_4.\row_inst.\gen_cells[1].cell_inst.$add$../design/divider_cell.sv:16$11 ($add).
Removed top 1 bits (of 2) from port A of cell system_top.$flatten\divider_inst.\comb_inst.\stage_4.\row_inst.\gen_cells[1].cell_inst.$add$../design/divider_cell.sv:16$10 ($add).
Removed top 1 bits (of 2) from port B of cell system_top.$flatten\divider_inst.\comb_inst.\stage_4.\row_inst.\gen_cells[1].cell_inst.$add$../design/divider_cell.sv:16$10 ($add).
Removed top 1 bits (of 2) from port B of cell system_top.$flatten\divider_inst.\comb_inst.\stage_4.\row_inst.\gen_cells[2].cell_inst.$add$../design/divider_cell.sv:16$11 ($add).
Removed top 1 bits (of 2) from port A of cell system_top.$flatten\divider_inst.\comb_inst.\stage_4.\row_inst.\gen_cells[2].cell_inst.$add$../design/divider_cell.sv:16$10 ($add).
Removed top 1 bits (of 2) from port B of cell system_top.$flatten\divider_inst.\comb_inst.\stage_4.\row_inst.\gen_cells[2].cell_inst.$add$../design/divider_cell.sv:16$10 ($add).
Removed top 1 bits (of 2) from port B of cell system_top.$flatten\divider_inst.\comb_inst.\stage_4.\row_inst.\gen_cells[3].cell_inst.$add$../design/divider_cell.sv:16$11 ($add).
Removed top 1 bits (of 2) from port A of cell system_top.$flatten\divider_inst.\comb_inst.\stage_4.\row_inst.\gen_cells[3].cell_inst.$add$../design/divider_cell.sv:16$10 ($add).
Removed top 1 bits (of 2) from port B of cell system_top.$flatten\divider_inst.\comb_inst.\stage_4.\row_inst.\gen_cells[3].cell_inst.$add$../design/divider_cell.sv:16$10 ($add).
Removed top 1 bits (of 2) from port B of cell system_top.$flatten\divider_inst.\comb_inst.\stage_4.\row_inst.\gen_cells[4].cell_inst.$add$../design/divider_cell.sv:16$11 ($add).
Removed top 1 bits (of 2) from port A of cell system_top.$flatten\divider_inst.\comb_inst.\stage_4.\row_inst.\gen_cells[4].cell_inst.$add$../design/divider_cell.sv:16$10 ($add).
Removed top 1 bits (of 2) from port B of cell system_top.$flatten\divider_inst.\comb_inst.\stage_4.\row_inst.\gen_cells[4].cell_inst.$add$../design/divider_cell.sv:16$10 ($add).
Removed top 1 bits (of 5) from mux cell system_top.$flatten\divider_inst.\comb_inst.\stage_4.$ternary$../design/divider_stage.sv:36$339 ($mux).
Removed top 1 bits (of 2) from port B of cell system_top.$flatten\divider_inst.\comb_inst.\stage_3.\row_inst.\gen_cells[0].cell_inst.$add$../design/divider_cell.sv:16$11 ($add).
Removed top 1 bits (of 2) from port A of cell system_top.$flatten\divider_inst.\comb_inst.\stage_3.\row_inst.\gen_cells[0].cell_inst.$add$../design/divider_cell.sv:16$10 ($add).
Removed top 1 bits (of 2) from port B of cell system_top.$flatten\divider_inst.\comb_inst.\stage_3.\row_inst.\gen_cells[0].cell_inst.$add$../design/divider_cell.sv:16$10 ($add).
Removed top 1 bits (of 2) from port B of cell system_top.$flatten\divider_inst.\comb_inst.\stage_3.\row_inst.\gen_cells[1].cell_inst.$add$../design/divider_cell.sv:16$11 ($add).
Removed top 1 bits (of 2) from port A of cell system_top.$flatten\divider_inst.\comb_inst.\stage_3.\row_inst.\gen_cells[1].cell_inst.$add$../design/divider_cell.sv:16$10 ($add).
Removed top 1 bits (of 2) from port B of cell system_top.$flatten\divider_inst.\comb_inst.\stage_3.\row_inst.\gen_cells[1].cell_inst.$add$../design/divider_cell.sv:16$10 ($add).
Removed top 1 bits (of 2) from port B of cell system_top.$flatten\divider_inst.\comb_inst.\stage_3.\row_inst.\gen_cells[2].cell_inst.$add$../design/divider_cell.sv:16$11 ($add).
Removed top 1 bits (of 2) from port A of cell system_top.$flatten\divider_inst.\comb_inst.\stage_3.\row_inst.\gen_cells[2].cell_inst.$add$../design/divider_cell.sv:16$10 ($add).
Removed top 1 bits (of 2) from port B of cell system_top.$flatten\divider_inst.\comb_inst.\stage_3.\row_inst.\gen_cells[2].cell_inst.$add$../design/divider_cell.sv:16$10 ($add).
Removed top 1 bits (of 2) from port B of cell system_top.$flatten\divider_inst.\comb_inst.\stage_3.\row_inst.\gen_cells[3].cell_inst.$add$../design/divider_cell.sv:16$11 ($add).
Removed top 1 bits (of 2) from port A of cell system_top.$flatten\divider_inst.\comb_inst.\stage_3.\row_inst.\gen_cells[3].cell_inst.$add$../design/divider_cell.sv:16$10 ($add).
Removed top 1 bits (of 2) from port B of cell system_top.$flatten\divider_inst.\comb_inst.\stage_3.\row_inst.\gen_cells[3].cell_inst.$add$../design/divider_cell.sv:16$10 ($add).
Removed top 1 bits (of 2) from port B of cell system_top.$flatten\divider_inst.\comb_inst.\stage_3.\row_inst.\gen_cells[4].cell_inst.$add$../design/divider_cell.sv:16$11 ($add).
Removed top 1 bits (of 2) from port A of cell system_top.$flatten\divider_inst.\comb_inst.\stage_3.\row_inst.\gen_cells[4].cell_inst.$add$../design/divider_cell.sv:16$10 ($add).
Removed top 1 bits (of 2) from port B of cell system_top.$flatten\divider_inst.\comb_inst.\stage_3.\row_inst.\gen_cells[4].cell_inst.$add$../design/divider_cell.sv:16$10 ($add).
Removed top 1 bits (of 5) from mux cell system_top.$flatten\divider_inst.\comb_inst.\stage_3.$ternary$../design/divider_stage.sv:36$339 ($mux).
Removed top 1 bits (of 2) from port B of cell system_top.$flatten\divider_inst.\comb_inst.\stage_2.\row_inst.\gen_cells[0].cell_inst.$add$../design/divider_cell.sv:16$11 ($add).
Removed top 1 bits (of 2) from port A of cell system_top.$flatten\divider_inst.\comb_inst.\stage_2.\row_inst.\gen_cells[0].cell_inst.$add$../design/divider_cell.sv:16$10 ($add).
Removed top 1 bits (of 2) from port B of cell system_top.$flatten\divider_inst.\comb_inst.\stage_2.\row_inst.\gen_cells[0].cell_inst.$add$../design/divider_cell.sv:16$10 ($add).
Removed top 1 bits (of 2) from port B of cell system_top.$flatten\divider_inst.\comb_inst.\stage_2.\row_inst.\gen_cells[1].cell_inst.$add$../design/divider_cell.sv:16$11 ($add).
Removed top 1 bits (of 2) from port A of cell system_top.$flatten\divider_inst.\comb_inst.\stage_2.\row_inst.\gen_cells[1].cell_inst.$add$../design/divider_cell.sv:16$10 ($add).
Removed top 1 bits (of 2) from port B of cell system_top.$flatten\divider_inst.\comb_inst.\stage_2.\row_inst.\gen_cells[1].cell_inst.$add$../design/divider_cell.sv:16$10 ($add).
Removed top 1 bits (of 2) from port B of cell system_top.$flatten\divider_inst.\comb_inst.\stage_2.\row_inst.\gen_cells[2].cell_inst.$add$../design/divider_cell.sv:16$11 ($add).
Removed top 1 bits (of 2) from port A of cell system_top.$flatten\divider_inst.\comb_inst.\stage_2.\row_inst.\gen_cells[2].cell_inst.$add$../design/divider_cell.sv:16$10 ($add).
Removed top 1 bits (of 2) from port B of cell system_top.$flatten\divider_inst.\comb_inst.\stage_2.\row_inst.\gen_cells[2].cell_inst.$add$../design/divider_cell.sv:16$10 ($add).
Removed top 1 bits (of 2) from port B of cell system_top.$flatten\divider_inst.\comb_inst.\stage_2.\row_inst.\gen_cells[3].cell_inst.$add$../design/divider_cell.sv:16$11 ($add).
Removed top 1 bits (of 2) from port A of cell system_top.$flatten\divider_inst.\comb_inst.\stage_2.\row_inst.\gen_cells[3].cell_inst.$add$../design/divider_cell.sv:16$10 ($add).
Removed top 1 bits (of 2) from port B of cell system_top.$flatten\divider_inst.\comb_inst.\stage_2.\row_inst.\gen_cells[3].cell_inst.$add$../design/divider_cell.sv:16$10 ($add).
Removed top 1 bits (of 2) from port B of cell system_top.$flatten\divider_inst.\comb_inst.\stage_2.\row_inst.\gen_cells[4].cell_inst.$add$../design/divider_cell.sv:16$11 ($add).
Removed top 1 bits (of 2) from port A of cell system_top.$flatten\divider_inst.\comb_inst.\stage_2.\row_inst.\gen_cells[4].cell_inst.$add$../design/divider_cell.sv:16$10 ($add).
Removed top 1 bits (of 2) from port B of cell system_top.$flatten\divider_inst.\comb_inst.\stage_2.\row_inst.\gen_cells[4].cell_inst.$add$../design/divider_cell.sv:16$10 ($add).
Removed top 1 bits (of 5) from mux cell system_top.$flatten\divider_inst.\comb_inst.\stage_2.$ternary$../design/divider_stage.sv:36$339 ($mux).
Removed top 1 bits (of 2) from port B of cell system_top.$flatten\divider_inst.\comb_inst.\stage_1.\row_inst.\gen_cells[0].cell_inst.$add$../design/divider_cell.sv:16$11 ($add).
Removed top 1 bits (of 2) from port A of cell system_top.$flatten\divider_inst.\comb_inst.\stage_1.\row_inst.\gen_cells[0].cell_inst.$add$../design/divider_cell.sv:16$10 ($add).
Removed top 1 bits (of 2) from port B of cell system_top.$flatten\divider_inst.\comb_inst.\stage_1.\row_inst.\gen_cells[0].cell_inst.$add$../design/divider_cell.sv:16$10 ($add).
Removed top 1 bits (of 2) from port B of cell system_top.$flatten\divider_inst.\comb_inst.\stage_1.\row_inst.\gen_cells[1].cell_inst.$add$../design/divider_cell.sv:16$11 ($add).
Removed top 1 bits (of 2) from port A of cell system_top.$flatten\divider_inst.\comb_inst.\stage_1.\row_inst.\gen_cells[1].cell_inst.$add$../design/divider_cell.sv:16$10 ($add).
Removed top 1 bits (of 2) from port B of cell system_top.$flatten\divider_inst.\comb_inst.\stage_1.\row_inst.\gen_cells[1].cell_inst.$add$../design/divider_cell.sv:16$10 ($add).
Removed top 1 bits (of 2) from port B of cell system_top.$flatten\divider_inst.\comb_inst.\stage_1.\row_inst.\gen_cells[2].cell_inst.$add$../design/divider_cell.sv:16$11 ($add).
Removed top 1 bits (of 2) from port A of cell system_top.$flatten\divider_inst.\comb_inst.\stage_1.\row_inst.\gen_cells[2].cell_inst.$add$../design/divider_cell.sv:16$10 ($add).
Removed top 1 bits (of 2) from port B of cell system_top.$flatten\divider_inst.\comb_inst.\stage_1.\row_inst.\gen_cells[2].cell_inst.$add$../design/divider_cell.sv:16$10 ($add).
Removed top 1 bits (of 2) from port B of cell system_top.$flatten\divider_inst.\comb_inst.\stage_1.\row_inst.\gen_cells[3].cell_inst.$add$../design/divider_cell.sv:16$11 ($add).
Removed top 1 bits (of 2) from port A of cell system_top.$flatten\divider_inst.\comb_inst.\stage_1.\row_inst.\gen_cells[3].cell_inst.$add$../design/divider_cell.sv:16$10 ($add).
Removed top 1 bits (of 2) from port B of cell system_top.$flatten\divider_inst.\comb_inst.\stage_1.\row_inst.\gen_cells[3].cell_inst.$add$../design/divider_cell.sv:16$10 ($add).
Removed top 1 bits (of 2) from port B of cell system_top.$flatten\divider_inst.\comb_inst.\stage_1.\row_inst.\gen_cells[4].cell_inst.$add$../design/divider_cell.sv:16$11 ($add).
Removed top 1 bits (of 2) from port A of cell system_top.$flatten\divider_inst.\comb_inst.\stage_1.\row_inst.\gen_cells[4].cell_inst.$add$../design/divider_cell.sv:16$10 ($add).
Removed top 1 bits (of 2) from port B of cell system_top.$flatten\divider_inst.\comb_inst.\stage_1.\row_inst.\gen_cells[4].cell_inst.$add$../design/divider_cell.sv:16$10 ($add).
Removed top 1 bits (of 5) from mux cell system_top.$flatten\divider_inst.\comb_inst.\stage_1.$ternary$../design/divider_stage.sv:36$339 ($mux).
Removed top 1 bits (of 2) from port B of cell system_top.$flatten\divider_inst.\comb_inst.\stage_0.\row_inst.\gen_cells[0].cell_inst.$add$../design/divider_cell.sv:16$11 ($add).
Removed top 1 bits (of 2) from port A of cell system_top.$flatten\divider_inst.\comb_inst.\stage_0.\row_inst.\gen_cells[0].cell_inst.$add$../design/divider_cell.sv:16$10 ($add).
Removed top 1 bits (of 2) from port B of cell system_top.$flatten\divider_inst.\comb_inst.\stage_0.\row_inst.\gen_cells[0].cell_inst.$add$../design/divider_cell.sv:16$10 ($add).
Removed top 1 bits (of 2) from port B of cell system_top.$flatten\divider_inst.\comb_inst.\stage_0.\row_inst.\gen_cells[1].cell_inst.$add$../design/divider_cell.sv:16$11 ($add).
Removed top 1 bits (of 2) from port A of cell system_top.$flatten\divider_inst.\comb_inst.\stage_0.\row_inst.\gen_cells[1].cell_inst.$add$../design/divider_cell.sv:16$10 ($add).
Removed top 1 bits (of 2) from port B of cell system_top.$flatten\divider_inst.\comb_inst.\stage_0.\row_inst.\gen_cells[1].cell_inst.$add$../design/divider_cell.sv:16$10 ($add).
Removed top 1 bits (of 2) from port B of cell system_top.$flatten\divider_inst.\comb_inst.\stage_0.\row_inst.\gen_cells[2].cell_inst.$add$../design/divider_cell.sv:16$11 ($add).
Removed top 1 bits (of 2) from port A of cell system_top.$flatten\divider_inst.\comb_inst.\stage_0.\row_inst.\gen_cells[2].cell_inst.$add$../design/divider_cell.sv:16$10 ($add).
Removed top 1 bits (of 2) from port B of cell system_top.$flatten\divider_inst.\comb_inst.\stage_0.\row_inst.\gen_cells[2].cell_inst.$add$../design/divider_cell.sv:16$10 ($add).
Removed top 1 bits (of 2) from port B of cell system_top.$flatten\divider_inst.\comb_inst.\stage_0.\row_inst.\gen_cells[3].cell_inst.$add$../design/divider_cell.sv:16$11 ($add).
Removed top 1 bits (of 2) from port A of cell system_top.$flatten\divider_inst.\comb_inst.\stage_0.\row_inst.\gen_cells[3].cell_inst.$add$../design/divider_cell.sv:16$10 ($add).
Removed top 1 bits (of 2) from port B of cell system_top.$flatten\divider_inst.\comb_inst.\stage_0.\row_inst.\gen_cells[3].cell_inst.$add$../design/divider_cell.sv:16$10 ($add).
Removed top 1 bits (of 2) from port B of cell system_top.$flatten\divider_inst.\comb_inst.\stage_0.\row_inst.\gen_cells[4].cell_inst.$add$../design/divider_cell.sv:16$11 ($add).
Removed top 1 bits (of 2) from port A of cell system_top.$flatten\divider_inst.\comb_inst.\stage_0.\row_inst.\gen_cells[4].cell_inst.$add$../design/divider_cell.sv:16$10 ($add).
Removed top 1 bits (of 2) from port B of cell system_top.$flatten\divider_inst.\comb_inst.\stage_0.\row_inst.\gen_cells[4].cell_inst.$add$../design/divider_cell.sv:16$10 ($add).
Removed top 1 bits (of 5) from mux cell system_top.$flatten\divider_inst.\comb_inst.\stage_0.$ternary$../design/divider_stage.sv:36$339 ($mux).
Removed top 1 bits (of 2) from port B of cell system_top.$flatten\divider_inst.$procmux$680_CMP0 ($eq).
Removed top 15 bits (of 16) from port B of cell system_top.$flatten\display_inst.\mux_inst.$add$../design/display_mux4.sv:20$6 ($add).
Removed top 1 bits (of 2) from port B of cell system_top.$flatten\display_inst.\mux_inst.$procmux$714_CMP0 ($eq).
Removed top 25 bits (of 32) from wire system_top.$flatten\input_inst.$add$../design/input_controller.sv:60$28_Y.
Removed top 25 bits (of 32) from wire system_top.$flatten\input_inst.$mul$../design/input_controller.sv:60$27_Y.
Removed top 14 bits (of 32) from wire system_top.$flatten\keypad_inst.$add$../design/keypad_reader.sv:137$358_Y.
Removed top 30 bits (of 32) from wire system_top.$flatten\keypad_inst.$add$../design/keypad_reader.sv:44$346_Y.

16.7.9. Executing PEEPOPT pass (run peephole optimizers).

16.7.10. Executing OPT_CLEAN pass (remove unused cells and wires).
Finding unused cells or wires in module \system_top..
Removed 0 unused cells and 4 unused wires.
<suppressed ~1 debug messages>

16.7.11. Executing ALUMACC pass (create $alu and $macc cells).
Extracting $alu and $macc cells in module system_top:
  creating $macc model for $flatten\display_inst.\mux_inst.$add$../design/display_mux4.sv:20$6 ($add).
  creating $macc model for $flatten\divider_inst.\comb_inst.\stage_0.\row_inst.\gen_cells[0].cell_inst.$add$../design/divider_cell.sv:16$10 ($add).
  creating $macc model for $flatten\divider_inst.\comb_inst.\stage_0.\row_inst.\gen_cells[0].cell_inst.$add$../design/divider_cell.sv:16$11 ($add).
  creating $macc model for $flatten\divider_inst.\comb_inst.\stage_0.\row_inst.\gen_cells[1].cell_inst.$add$../design/divider_cell.sv:16$10 ($add).
  creating $macc model for $flatten\divider_inst.\comb_inst.\stage_0.\row_inst.\gen_cells[1].cell_inst.$add$../design/divider_cell.sv:16$11 ($add).
  creating $macc model for $flatten\divider_inst.\comb_inst.\stage_0.\row_inst.\gen_cells[2].cell_inst.$add$../design/divider_cell.sv:16$10 ($add).
  creating $macc model for $flatten\divider_inst.\comb_inst.\stage_0.\row_inst.\gen_cells[2].cell_inst.$add$../design/divider_cell.sv:16$11 ($add).
  creating $macc model for $flatten\divider_inst.\comb_inst.\stage_0.\row_inst.\gen_cells[3].cell_inst.$add$../design/divider_cell.sv:16$10 ($add).
  creating $macc model for $flatten\divider_inst.\comb_inst.\stage_0.\row_inst.\gen_cells[3].cell_inst.$add$../design/divider_cell.sv:16$11 ($add).
  creating $macc model for $flatten\divider_inst.\comb_inst.\stage_0.\row_inst.\gen_cells[4].cell_inst.$add$../design/divider_cell.sv:16$10 ($add).
  creating $macc model for $flatten\divider_inst.\comb_inst.\stage_0.\row_inst.\gen_cells[4].cell_inst.$add$../design/divider_cell.sv:16$11 ($add).
  creating $macc model for $flatten\divider_inst.\comb_inst.\stage_1.\row_inst.\gen_cells[0].cell_inst.$add$../design/divider_cell.sv:16$10 ($add).
  creating $macc model for $flatten\divider_inst.\comb_inst.\stage_1.\row_inst.\gen_cells[0].cell_inst.$add$../design/divider_cell.sv:16$11 ($add).
  creating $macc model for $flatten\divider_inst.\comb_inst.\stage_1.\row_inst.\gen_cells[1].cell_inst.$add$../design/divider_cell.sv:16$10 ($add).
  creating $macc model for $flatten\divider_inst.\comb_inst.\stage_1.\row_inst.\gen_cells[1].cell_inst.$add$../design/divider_cell.sv:16$11 ($add).
  creating $macc model for $flatten\divider_inst.\comb_inst.\stage_1.\row_inst.\gen_cells[2].cell_inst.$add$../design/divider_cell.sv:16$10 ($add).
  creating $macc model for $flatten\divider_inst.\comb_inst.\stage_1.\row_inst.\gen_cells[2].cell_inst.$add$../design/divider_cell.sv:16$11 ($add).
  creating $macc model for $flatten\divider_inst.\comb_inst.\stage_1.\row_inst.\gen_cells[3].cell_inst.$add$../design/divider_cell.sv:16$10 ($add).
  creating $macc model for $flatten\divider_inst.\comb_inst.\stage_1.\row_inst.\gen_cells[3].cell_inst.$add$../design/divider_cell.sv:16$11 ($add).
  creating $macc model for $flatten\divider_inst.\comb_inst.\stage_1.\row_inst.\gen_cells[4].cell_inst.$add$../design/divider_cell.sv:16$10 ($add).
  creating $macc model for $flatten\divider_inst.\comb_inst.\stage_1.\row_inst.\gen_cells[4].cell_inst.$add$../design/divider_cell.sv:16$11 ($add).
  creating $macc model for $flatten\divider_inst.\comb_inst.\stage_2.\row_inst.\gen_cells[0].cell_inst.$add$../design/divider_cell.sv:16$10 ($add).
  creating $macc model for $flatten\divider_inst.\comb_inst.\stage_2.\row_inst.\gen_cells[0].cell_inst.$add$../design/divider_cell.sv:16$11 ($add).
  creating $macc model for $flatten\divider_inst.\comb_inst.\stage_2.\row_inst.\gen_cells[1].cell_inst.$add$../design/divider_cell.sv:16$10 ($add).
  creating $macc model for $flatten\divider_inst.\comb_inst.\stage_2.\row_inst.\gen_cells[1].cell_inst.$add$../design/divider_cell.sv:16$11 ($add).
  creating $macc model for $flatten\divider_inst.\comb_inst.\stage_2.\row_inst.\gen_cells[2].cell_inst.$add$../design/divider_cell.sv:16$10 ($add).
  creating $macc model for $flatten\divider_inst.\comb_inst.\stage_2.\row_inst.\gen_cells[2].cell_inst.$add$../design/divider_cell.sv:16$11 ($add).
  creating $macc model for $flatten\divider_inst.\comb_inst.\stage_2.\row_inst.\gen_cells[3].cell_inst.$add$../design/divider_cell.sv:16$10 ($add).
  creating $macc model for $flatten\divider_inst.\comb_inst.\stage_2.\row_inst.\gen_cells[3].cell_inst.$add$../design/divider_cell.sv:16$11 ($add).
  creating $macc model for $flatten\divider_inst.\comb_inst.\stage_2.\row_inst.\gen_cells[4].cell_inst.$add$../design/divider_cell.sv:16$10 ($add).
  creating $macc model for $flatten\divider_inst.\comb_inst.\stage_2.\row_inst.\gen_cells[4].cell_inst.$add$../design/divider_cell.sv:16$11 ($add).
  creating $macc model for $flatten\divider_inst.\comb_inst.\stage_3.\row_inst.\gen_cells[0].cell_inst.$add$../design/divider_cell.sv:16$10 ($add).
  creating $macc model for $flatten\divider_inst.\comb_inst.\stage_3.\row_inst.\gen_cells[0].cell_inst.$add$../design/divider_cell.sv:16$11 ($add).
  creating $macc model for $flatten\divider_inst.\comb_inst.\stage_3.\row_inst.\gen_cells[1].cell_inst.$add$../design/divider_cell.sv:16$10 ($add).
  creating $macc model for $flatten\divider_inst.\comb_inst.\stage_3.\row_inst.\gen_cells[1].cell_inst.$add$../design/divider_cell.sv:16$11 ($add).
  creating $macc model for $flatten\divider_inst.\comb_inst.\stage_3.\row_inst.\gen_cells[2].cell_inst.$add$../design/divider_cell.sv:16$10 ($add).
  creating $macc model for $flatten\divider_inst.\comb_inst.\stage_3.\row_inst.\gen_cells[2].cell_inst.$add$../design/divider_cell.sv:16$11 ($add).
  creating $macc model for $flatten\divider_inst.\comb_inst.\stage_3.\row_inst.\gen_cells[3].cell_inst.$add$../design/divider_cell.sv:16$10 ($add).
  creating $macc model for $flatten\divider_inst.\comb_inst.\stage_3.\row_inst.\gen_cells[3].cell_inst.$add$../design/divider_cell.sv:16$11 ($add).
  creating $macc model for $flatten\divider_inst.\comb_inst.\stage_3.\row_inst.\gen_cells[4].cell_inst.$add$../design/divider_cell.sv:16$10 ($add).
  creating $macc model for $flatten\divider_inst.\comb_inst.\stage_3.\row_inst.\gen_cells[4].cell_inst.$add$../design/divider_cell.sv:16$11 ($add).
  creating $macc model for $flatten\divider_inst.\comb_inst.\stage_4.\row_inst.\gen_cells[0].cell_inst.$add$../design/divider_cell.sv:16$10 ($add).
  creating $macc model for $flatten\divider_inst.\comb_inst.\stage_4.\row_inst.\gen_cells[0].cell_inst.$add$../design/divider_cell.sv:16$11 ($add).
  creating $macc model for $flatten\divider_inst.\comb_inst.\stage_4.\row_inst.\gen_cells[1].cell_inst.$add$../design/divider_cell.sv:16$10 ($add).
  creating $macc model for $flatten\divider_inst.\comb_inst.\stage_4.\row_inst.\gen_cells[1].cell_inst.$add$../design/divider_cell.sv:16$11 ($add).
  creating $macc model for $flatten\divider_inst.\comb_inst.\stage_4.\row_inst.\gen_cells[2].cell_inst.$add$../design/divider_cell.sv:16$10 ($add).
  creating $macc model for $flatten\divider_inst.\comb_inst.\stage_4.\row_inst.\gen_cells[2].cell_inst.$add$../design/divider_cell.sv:16$11 ($add).
  creating $macc model for $flatten\divider_inst.\comb_inst.\stage_4.\row_inst.\gen_cells[3].cell_inst.$add$../design/divider_cell.sv:16$10 ($add).
  creating $macc model for $flatten\divider_inst.\comb_inst.\stage_4.\row_inst.\gen_cells[3].cell_inst.$add$../design/divider_cell.sv:16$11 ($add).
  creating $macc model for $flatten\divider_inst.\comb_inst.\stage_4.\row_inst.\gen_cells[4].cell_inst.$add$../design/divider_cell.sv:16$10 ($add).
  creating $macc model for $flatten\divider_inst.\comb_inst.\stage_4.\row_inst.\gen_cells[4].cell_inst.$add$../design/divider_cell.sv:16$11 ($add).
  creating $macc model for $flatten\divider_inst.\comb_inst.\stage_5.\row_inst.\gen_cells[0].cell_inst.$add$../design/divider_cell.sv:16$10 ($add).
  creating $macc model for $flatten\divider_inst.\comb_inst.\stage_5.\row_inst.\gen_cells[0].cell_inst.$add$../design/divider_cell.sv:16$11 ($add).
  creating $macc model for $flatten\divider_inst.\comb_inst.\stage_5.\row_inst.\gen_cells[1].cell_inst.$add$../design/divider_cell.sv:16$11 ($add).
  creating $macc model for $flatten\divider_inst.\comb_inst.\stage_5.\row_inst.\gen_cells[2].cell_inst.$add$../design/divider_cell.sv:16$11 ($add).
  creating $macc model for $flatten\divider_inst.\comb_inst.\stage_5.\row_inst.\gen_cells[3].cell_inst.$add$../design/divider_cell.sv:16$11 ($add).
  creating $macc model for $flatten\divider_inst.\comb_inst.\stage_5.\row_inst.\gen_cells[4].cell_inst.$add$../design/divider_cell.sv:16$11 ($add).
  creating $macc model for $flatten\input_inst.$add$../design/input_controller.sv:60$28 ($add).
  creating $macc model for $flatten\input_inst.$add$../design/input_controller.sv:65$30 ($add).
  creating $macc model for $flatten\input_inst.$mul$../design/input_controller.sv:60$27 ($mul).
  creating $macc model for $flatten\input_inst.$mul$../design/input_controller.sv:65$29 ($mul).
  creating $macc model for $flatten\keypad_inst.$add$../design/keypad_reader.sv:137$358 ($add).
  creating $macc model for $flatten\keypad_inst.$add$../design/keypad_reader.sv:44$346 ($add).
  creating $macc model for $flatten\keypad_inst.$add$../design/keypad_reader.sv:46$347 ($add).
  merging $macc model for $flatten\divider_inst.\comb_inst.\stage_5.\row_inst.\gen_cells[0].cell_inst.$add$../design/divider_cell.sv:16$10 into $flatten\divider_inst.\comb_inst.\stage_5.\row_inst.\gen_cells[0].cell_inst.$add$../design/divider_cell.sv:16$11.
  merging $macc model for $flatten\divider_inst.\comb_inst.\stage_4.\row_inst.\gen_cells[4].cell_inst.$add$../design/divider_cell.sv:16$10 into $flatten\divider_inst.\comb_inst.\stage_4.\row_inst.\gen_cells[4].cell_inst.$add$../design/divider_cell.sv:16$11.
  merging $macc model for $flatten\divider_inst.\comb_inst.\stage_4.\row_inst.\gen_cells[3].cell_inst.$add$../design/divider_cell.sv:16$10 into $flatten\divider_inst.\comb_inst.\stage_4.\row_inst.\gen_cells[3].cell_inst.$add$../design/divider_cell.sv:16$11.
  merging $macc model for $flatten\divider_inst.\comb_inst.\stage_4.\row_inst.\gen_cells[2].cell_inst.$add$../design/divider_cell.sv:16$10 into $flatten\divider_inst.\comb_inst.\stage_4.\row_inst.\gen_cells[2].cell_inst.$add$../design/divider_cell.sv:16$11.
  merging $macc model for $flatten\divider_inst.\comb_inst.\stage_4.\row_inst.\gen_cells[1].cell_inst.$add$../design/divider_cell.sv:16$10 into $flatten\divider_inst.\comb_inst.\stage_4.\row_inst.\gen_cells[1].cell_inst.$add$../design/divider_cell.sv:16$11.
  merging $macc model for $flatten\divider_inst.\comb_inst.\stage_4.\row_inst.\gen_cells[0].cell_inst.$add$../design/divider_cell.sv:16$10 into $flatten\divider_inst.\comb_inst.\stage_4.\row_inst.\gen_cells[0].cell_inst.$add$../design/divider_cell.sv:16$11.
  merging $macc model for $flatten\divider_inst.\comb_inst.\stage_3.\row_inst.\gen_cells[4].cell_inst.$add$../design/divider_cell.sv:16$10 into $flatten\divider_inst.\comb_inst.\stage_3.\row_inst.\gen_cells[4].cell_inst.$add$../design/divider_cell.sv:16$11.
  merging $macc model for $flatten\divider_inst.\comb_inst.\stage_3.\row_inst.\gen_cells[3].cell_inst.$add$../design/divider_cell.sv:16$10 into $flatten\divider_inst.\comb_inst.\stage_3.\row_inst.\gen_cells[3].cell_inst.$add$../design/divider_cell.sv:16$11.
  merging $macc model for $flatten\divider_inst.\comb_inst.\stage_3.\row_inst.\gen_cells[2].cell_inst.$add$../design/divider_cell.sv:16$10 into $flatten\divider_inst.\comb_inst.\stage_3.\row_inst.\gen_cells[2].cell_inst.$add$../design/divider_cell.sv:16$11.
  merging $macc model for $flatten\divider_inst.\comb_inst.\stage_3.\row_inst.\gen_cells[1].cell_inst.$add$../design/divider_cell.sv:16$10 into $flatten\divider_inst.\comb_inst.\stage_3.\row_inst.\gen_cells[1].cell_inst.$add$../design/divider_cell.sv:16$11.
  merging $macc model for $flatten\divider_inst.\comb_inst.\stage_3.\row_inst.\gen_cells[0].cell_inst.$add$../design/divider_cell.sv:16$10 into $flatten\divider_inst.\comb_inst.\stage_3.\row_inst.\gen_cells[0].cell_inst.$add$../design/divider_cell.sv:16$11.
  merging $macc model for $flatten\divider_inst.\comb_inst.\stage_2.\row_inst.\gen_cells[4].cell_inst.$add$../design/divider_cell.sv:16$10 into $flatten\divider_inst.\comb_inst.\stage_2.\row_inst.\gen_cells[4].cell_inst.$add$../design/divider_cell.sv:16$11.
  merging $macc model for $flatten\divider_inst.\comb_inst.\stage_2.\row_inst.\gen_cells[3].cell_inst.$add$../design/divider_cell.sv:16$10 into $flatten\divider_inst.\comb_inst.\stage_2.\row_inst.\gen_cells[3].cell_inst.$add$../design/divider_cell.sv:16$11.
  merging $macc model for $flatten\divider_inst.\comb_inst.\stage_2.\row_inst.\gen_cells[2].cell_inst.$add$../design/divider_cell.sv:16$10 into $flatten\divider_inst.\comb_inst.\stage_2.\row_inst.\gen_cells[2].cell_inst.$add$../design/divider_cell.sv:16$11.
  merging $macc model for $flatten\divider_inst.\comb_inst.\stage_2.\row_inst.\gen_cells[1].cell_inst.$add$../design/divider_cell.sv:16$10 into $flatten\divider_inst.\comb_inst.\stage_2.\row_inst.\gen_cells[1].cell_inst.$add$../design/divider_cell.sv:16$11.
  merging $macc model for $flatten\divider_inst.\comb_inst.\stage_2.\row_inst.\gen_cells[0].cell_inst.$add$../design/divider_cell.sv:16$10 into $flatten\divider_inst.\comb_inst.\stage_2.\row_inst.\gen_cells[0].cell_inst.$add$../design/divider_cell.sv:16$11.
  merging $macc model for $flatten\divider_inst.\comb_inst.\stage_1.\row_inst.\gen_cells[4].cell_inst.$add$../design/divider_cell.sv:16$10 into $flatten\divider_inst.\comb_inst.\stage_1.\row_inst.\gen_cells[4].cell_inst.$add$../design/divider_cell.sv:16$11.
  merging $macc model for $flatten\divider_inst.\comb_inst.\stage_1.\row_inst.\gen_cells[3].cell_inst.$add$../design/divider_cell.sv:16$10 into $flatten\divider_inst.\comb_inst.\stage_1.\row_inst.\gen_cells[3].cell_inst.$add$../design/divider_cell.sv:16$11.
  merging $macc model for $flatten\divider_inst.\comb_inst.\stage_1.\row_inst.\gen_cells[2].cell_inst.$add$../design/divider_cell.sv:16$10 into $flatten\divider_inst.\comb_inst.\stage_1.\row_inst.\gen_cells[2].cell_inst.$add$../design/divider_cell.sv:16$11.
  merging $macc model for $flatten\divider_inst.\comb_inst.\stage_1.\row_inst.\gen_cells[1].cell_inst.$add$../design/divider_cell.sv:16$10 into $flatten\divider_inst.\comb_inst.\stage_1.\row_inst.\gen_cells[1].cell_inst.$add$../design/divider_cell.sv:16$11.
  merging $macc model for $flatten\divider_inst.\comb_inst.\stage_1.\row_inst.\gen_cells[0].cell_inst.$add$../design/divider_cell.sv:16$10 into $flatten\divider_inst.\comb_inst.\stage_1.\row_inst.\gen_cells[0].cell_inst.$add$../design/divider_cell.sv:16$11.
  merging $macc model for $flatten\divider_inst.\comb_inst.\stage_0.\row_inst.\gen_cells[4].cell_inst.$add$../design/divider_cell.sv:16$10 into $flatten\divider_inst.\comb_inst.\stage_0.\row_inst.\gen_cells[4].cell_inst.$add$../design/divider_cell.sv:16$11.
  merging $macc model for $flatten\divider_inst.\comb_inst.\stage_0.\row_inst.\gen_cells[3].cell_inst.$add$../design/divider_cell.sv:16$10 into $flatten\divider_inst.\comb_inst.\stage_0.\row_inst.\gen_cells[3].cell_inst.$add$../design/divider_cell.sv:16$11.
  merging $macc model for $flatten\divider_inst.\comb_inst.\stage_0.\row_inst.\gen_cells[2].cell_inst.$add$../design/divider_cell.sv:16$10 into $flatten\divider_inst.\comb_inst.\stage_0.\row_inst.\gen_cells[2].cell_inst.$add$../design/divider_cell.sv:16$11.
  merging $macc model for $flatten\divider_inst.\comb_inst.\stage_0.\row_inst.\gen_cells[1].cell_inst.$add$../design/divider_cell.sv:16$10 into $flatten\divider_inst.\comb_inst.\stage_0.\row_inst.\gen_cells[1].cell_inst.$add$../design/divider_cell.sv:16$11.
  merging $macc model for $flatten\divider_inst.\comb_inst.\stage_0.\row_inst.\gen_cells[0].cell_inst.$add$../design/divider_cell.sv:16$10 into $flatten\divider_inst.\comb_inst.\stage_0.\row_inst.\gen_cells[0].cell_inst.$add$../design/divider_cell.sv:16$11.
  creating $alu model for $macc $flatten\divider_inst.\comb_inst.\stage_4.\row_inst.\gen_cells[0].cell_inst.$add$../design/divider_cell.sv:16$11.
  creating $alu model for $macc $flatten\divider_inst.\comb_inst.\stage_3.\row_inst.\gen_cells[2].cell_inst.$add$../design/divider_cell.sv:16$11.
  creating $alu model for $macc $flatten\divider_inst.\comb_inst.\stage_4.\row_inst.\gen_cells[2].cell_inst.$add$../design/divider_cell.sv:16$11.
  creating $alu model for $macc $flatten\divider_inst.\comb_inst.\stage_3.\row_inst.\gen_cells[1].cell_inst.$add$../design/divider_cell.sv:16$11.
  creating $alu model for $macc $flatten\divider_inst.\comb_inst.\stage_3.\row_inst.\gen_cells[4].cell_inst.$add$../design/divider_cell.sv:16$11.
  creating $alu model for $macc $flatten\divider_inst.\comb_inst.\stage_3.\row_inst.\gen_cells[0].cell_inst.$add$../design/divider_cell.sv:16$11.
  creating $alu model for $macc $flatten\divider_inst.\comb_inst.\stage_4.\row_inst.\gen_cells[3].cell_inst.$add$../design/divider_cell.sv:16$11.
  creating $alu model for $macc $flatten\divider_inst.\comb_inst.\stage_2.\row_inst.\gen_cells[4].cell_inst.$add$../design/divider_cell.sv:16$11.
  creating $alu model for $macc $flatten\divider_inst.\comb_inst.\stage_4.\row_inst.\gen_cells[1].cell_inst.$add$../design/divider_cell.sv:16$11.
  creating $alu model for $macc $flatten\divider_inst.\comb_inst.\stage_2.\row_inst.\gen_cells[3].cell_inst.$add$../design/divider_cell.sv:16$11.
  creating $alu model for $macc $flatten\divider_inst.\comb_inst.\stage_4.\row_inst.\gen_cells[4].cell_inst.$add$../design/divider_cell.sv:16$11.
  creating $alu model for $macc $flatten\divider_inst.\comb_inst.\stage_2.\row_inst.\gen_cells[2].cell_inst.$add$../design/divider_cell.sv:16$11.
  creating $alu model for $macc $flatten\divider_inst.\comb_inst.\stage_3.\row_inst.\gen_cells[3].cell_inst.$add$../design/divider_cell.sv:16$11.
  creating $alu model for $macc $flatten\divider_inst.\comb_inst.\stage_2.\row_inst.\gen_cells[1].cell_inst.$add$../design/divider_cell.sv:16$11.
  creating $alu model for $macc $flatten\divider_inst.\comb_inst.\stage_5.\row_inst.\gen_cells[0].cell_inst.$add$../design/divider_cell.sv:16$11.
  creating $alu model for $macc $flatten\divider_inst.\comb_inst.\stage_2.\row_inst.\gen_cells[0].cell_inst.$add$../design/divider_cell.sv:16$11.
  creating $alu model for $macc $flatten\divider_inst.\comb_inst.\stage_5.\row_inst.\gen_cells[1].cell_inst.$add$../design/divider_cell.sv:16$11.
  creating $alu model for $macc $flatten\divider_inst.\comb_inst.\stage_1.\row_inst.\gen_cells[4].cell_inst.$add$../design/divider_cell.sv:16$11.
  creating $alu model for $macc $flatten\divider_inst.\comb_inst.\stage_5.\row_inst.\gen_cells[2].cell_inst.$add$../design/divider_cell.sv:16$11.
  creating $alu model for $macc $flatten\divider_inst.\comb_inst.\stage_1.\row_inst.\gen_cells[3].cell_inst.$add$../design/divider_cell.sv:16$11.
  creating $alu model for $macc $flatten\divider_inst.\comb_inst.\stage_5.\row_inst.\gen_cells[3].cell_inst.$add$../design/divider_cell.sv:16$11.
  creating $alu model for $macc $flatten\divider_inst.\comb_inst.\stage_1.\row_inst.\gen_cells[2].cell_inst.$add$../design/divider_cell.sv:16$11.
  creating $alu model for $macc $flatten\divider_inst.\comb_inst.\stage_5.\row_inst.\gen_cells[4].cell_inst.$add$../design/divider_cell.sv:16$11.
  creating $alu model for $macc $flatten\divider_inst.\comb_inst.\stage_1.\row_inst.\gen_cells[1].cell_inst.$add$../design/divider_cell.sv:16$11.
  creating $alu model for $macc $flatten\input_inst.$add$../design/input_controller.sv:60$28.
  creating $alu model for $macc $flatten\divider_inst.\comb_inst.\stage_1.\row_inst.\gen_cells[0].cell_inst.$add$../design/divider_cell.sv:16$11.
  creating $alu model for $macc $flatten\input_inst.$add$../design/input_controller.sv:65$30.
  creating $alu model for $macc $flatten\divider_inst.\comb_inst.\stage_0.\row_inst.\gen_cells[4].cell_inst.$add$../design/divider_cell.sv:16$11.
  creating $alu model for $macc $flatten\divider_inst.\comb_inst.\stage_0.\row_inst.\gen_cells[3].cell_inst.$add$../design/divider_cell.sv:16$11.
  creating $alu model for $macc $flatten\divider_inst.\comb_inst.\stage_0.\row_inst.\gen_cells[2].cell_inst.$add$../design/divider_cell.sv:16$11.
  creating $alu model for $macc $flatten\keypad_inst.$add$../design/keypad_reader.sv:137$358.
  creating $alu model for $macc $flatten\divider_inst.\comb_inst.\stage_0.\row_inst.\gen_cells[1].cell_inst.$add$../design/divider_cell.sv:16$11.
  creating $alu model for $macc $flatten\keypad_inst.$add$../design/keypad_reader.sv:44$346.
  creating $alu model for $macc $flatten\divider_inst.\comb_inst.\stage_0.\row_inst.\gen_cells[0].cell_inst.$add$../design/divider_cell.sv:16$11.
  creating $alu model for $macc $flatten\keypad_inst.$add$../design/keypad_reader.sv:46$347.
  creating $alu model for $macc $flatten\display_inst.\mux_inst.$add$../design/display_mux4.sv:20$6.
  creating $macc cell for $flatten\input_inst.$mul$../design/input_controller.sv:65$29: $auto$alumacc.cc:365:replace_macc$893
  creating $macc cell for $flatten\input_inst.$mul$../design/input_controller.sv:60$27: $auto$alumacc.cc:365:replace_macc$894
  creating $alu model for $flatten\input_inst.$le$../design/input_controller.sv:106$33 ($le): new $alu
  creating $alu model for $flatten\input_inst.$le$../design/input_controller.sv:116$34 ($le): new $alu
  creating $alu model for $flatten\input_inst.$lt$../design/input_controller.sv:38$20 ($lt): new $alu
  creating $alu model for $flatten\keypad_inst.$lt$../design/keypad_reader.sv:136$357 ($lt): new $alu
  creating $alu model for $le$../design/system_top.sv:94$67 ($le): new $alu
  creating $alu cell for $le$../design/system_top.sv:94$67: $auto$alumacc.cc:485:replace_alu$900
  creating $alu cell for $flatten\keypad_inst.$lt$../design/keypad_reader.sv:136$357: $auto$alumacc.cc:485:replace_alu$909
  creating $alu cell for $flatten\input_inst.$lt$../design/input_controller.sv:38$20: $auto$alumacc.cc:485:replace_alu$914
  creating $alu cell for $flatten\input_inst.$le$../design/input_controller.sv:116$34: $auto$alumacc.cc:485:replace_alu$919
  creating $alu cell for $flatten\input_inst.$le$../design/input_controller.sv:106$33: $auto$alumacc.cc:485:replace_alu$932
  creating $alu cell for $flatten\display_inst.\mux_inst.$add$../design/display_mux4.sv:20$6: $auto$alumacc.cc:485:replace_alu$945
  creating $alu cell for $flatten\keypad_inst.$add$../design/keypad_reader.sv:46$347: $auto$alumacc.cc:485:replace_alu$948
  creating $alu cell for $flatten\divider_inst.\comb_inst.\stage_0.\row_inst.\gen_cells[0].cell_inst.$add$../design/divider_cell.sv:16$11: $auto$alumacc.cc:485:replace_alu$951
  creating $alu cell for $flatten\keypad_inst.$add$../design/keypad_reader.sv:44$346: $auto$alumacc.cc:485:replace_alu$954
  creating $alu cell for $flatten\divider_inst.\comb_inst.\stage_0.\row_inst.\gen_cells[1].cell_inst.$add$../design/divider_cell.sv:16$11: $auto$alumacc.cc:485:replace_alu$957
  creating $alu cell for $flatten\keypad_inst.$add$../design/keypad_reader.sv:137$358: $auto$alumacc.cc:485:replace_alu$960
  creating $alu cell for $flatten\divider_inst.\comb_inst.\stage_0.\row_inst.\gen_cells[2].cell_inst.$add$../design/divider_cell.sv:16$11: $auto$alumacc.cc:485:replace_alu$963
  creating $alu cell for $flatten\divider_inst.\comb_inst.\stage_0.\row_inst.\gen_cells[3].cell_inst.$add$../design/divider_cell.sv:16$11: $auto$alumacc.cc:485:replace_alu$966
  creating $alu cell for $flatten\divider_inst.\comb_inst.\stage_0.\row_inst.\gen_cells[4].cell_inst.$add$../design/divider_cell.sv:16$11: $auto$alumacc.cc:485:replace_alu$969
  creating $alu cell for $flatten\input_inst.$add$../design/input_controller.sv:65$30: $auto$alumacc.cc:485:replace_alu$972
  creating $alu cell for $flatten\divider_inst.\comb_inst.\stage_1.\row_inst.\gen_cells[0].cell_inst.$add$../design/divider_cell.sv:16$11: $auto$alumacc.cc:485:replace_alu$975
  creating $alu cell for $flatten\input_inst.$add$../design/input_controller.sv:60$28: $auto$alumacc.cc:485:replace_alu$978
  creating $alu cell for $flatten\divider_inst.\comb_inst.\stage_1.\row_inst.\gen_cells[1].cell_inst.$add$../design/divider_cell.sv:16$11: $auto$alumacc.cc:485:replace_alu$981
  creating $alu cell for $flatten\divider_inst.\comb_inst.\stage_5.\row_inst.\gen_cells[4].cell_inst.$add$../design/divider_cell.sv:16$11: $auto$alumacc.cc:485:replace_alu$984
  creating $alu cell for $flatten\divider_inst.\comb_inst.\stage_1.\row_inst.\gen_cells[2].cell_inst.$add$../design/divider_cell.sv:16$11: $auto$alumacc.cc:485:replace_alu$987
  creating $alu cell for $flatten\divider_inst.\comb_inst.\stage_5.\row_inst.\gen_cells[3].cell_inst.$add$../design/divider_cell.sv:16$11: $auto$alumacc.cc:485:replace_alu$990
  creating $alu cell for $flatten\divider_inst.\comb_inst.\stage_1.\row_inst.\gen_cells[3].cell_inst.$add$../design/divider_cell.sv:16$11: $auto$alumacc.cc:485:replace_alu$993
  creating $alu cell for $flatten\divider_inst.\comb_inst.\stage_5.\row_inst.\gen_cells[2].cell_inst.$add$../design/divider_cell.sv:16$11: $auto$alumacc.cc:485:replace_alu$996
  creating $alu cell for $flatten\divider_inst.\comb_inst.\stage_1.\row_inst.\gen_cells[4].cell_inst.$add$../design/divider_cell.sv:16$11: $auto$alumacc.cc:485:replace_alu$999
  creating $alu cell for $flatten\divider_inst.\comb_inst.\stage_5.\row_inst.\gen_cells[1].cell_inst.$add$../design/divider_cell.sv:16$11: $auto$alumacc.cc:485:replace_alu$1002
  creating $alu cell for $flatten\divider_inst.\comb_inst.\stage_2.\row_inst.\gen_cells[0].cell_inst.$add$../design/divider_cell.sv:16$11: $auto$alumacc.cc:485:replace_alu$1005
  creating $alu cell for $flatten\divider_inst.\comb_inst.\stage_5.\row_inst.\gen_cells[0].cell_inst.$add$../design/divider_cell.sv:16$11: $auto$alumacc.cc:485:replace_alu$1008
  creating $alu cell for $flatten\divider_inst.\comb_inst.\stage_2.\row_inst.\gen_cells[1].cell_inst.$add$../design/divider_cell.sv:16$11: $auto$alumacc.cc:485:replace_alu$1011
  creating $alu cell for $flatten\divider_inst.\comb_inst.\stage_3.\row_inst.\gen_cells[3].cell_inst.$add$../design/divider_cell.sv:16$11: $auto$alumacc.cc:485:replace_alu$1014
  creating $alu cell for $flatten\divider_inst.\comb_inst.\stage_2.\row_inst.\gen_cells[2].cell_inst.$add$../design/divider_cell.sv:16$11: $auto$alumacc.cc:485:replace_alu$1017
  creating $alu cell for $flatten\divider_inst.\comb_inst.\stage_4.\row_inst.\gen_cells[4].cell_inst.$add$../design/divider_cell.sv:16$11: $auto$alumacc.cc:485:replace_alu$1020
  creating $alu cell for $flatten\divider_inst.\comb_inst.\stage_2.\row_inst.\gen_cells[3].cell_inst.$add$../design/divider_cell.sv:16$11: $auto$alumacc.cc:485:replace_alu$1023
  creating $alu cell for $flatten\divider_inst.\comb_inst.\stage_4.\row_inst.\gen_cells[1].cell_inst.$add$../design/divider_cell.sv:16$11: $auto$alumacc.cc:485:replace_alu$1026
  creating $alu cell for $flatten\divider_inst.\comb_inst.\stage_2.\row_inst.\gen_cells[4].cell_inst.$add$../design/divider_cell.sv:16$11: $auto$alumacc.cc:485:replace_alu$1029
  creating $alu cell for $flatten\divider_inst.\comb_inst.\stage_4.\row_inst.\gen_cells[3].cell_inst.$add$../design/divider_cell.sv:16$11: $auto$alumacc.cc:485:replace_alu$1032
  creating $alu cell for $flatten\divider_inst.\comb_inst.\stage_3.\row_inst.\gen_cells[0].cell_inst.$add$../design/divider_cell.sv:16$11: $auto$alumacc.cc:485:replace_alu$1035
  creating $alu cell for $flatten\divider_inst.\comb_inst.\stage_3.\row_inst.\gen_cells[4].cell_inst.$add$../design/divider_cell.sv:16$11: $auto$alumacc.cc:485:replace_alu$1038
  creating $alu cell for $flatten\divider_inst.\comb_inst.\stage_3.\row_inst.\gen_cells[1].cell_inst.$add$../design/divider_cell.sv:16$11: $auto$alumacc.cc:485:replace_alu$1041
  creating $alu cell for $flatten\divider_inst.\comb_inst.\stage_4.\row_inst.\gen_cells[2].cell_inst.$add$../design/divider_cell.sv:16$11: $auto$alumacc.cc:485:replace_alu$1044
  creating $alu cell for $flatten\divider_inst.\comb_inst.\stage_3.\row_inst.\gen_cells[2].cell_inst.$add$../design/divider_cell.sv:16$11: $auto$alumacc.cc:485:replace_alu$1047
  creating $alu cell for $flatten\divider_inst.\comb_inst.\stage_4.\row_inst.\gen_cells[0].cell_inst.$add$../design/divider_cell.sv:16$11: $auto$alumacc.cc:485:replace_alu$1050
  created 41 $alu and 2 $macc cells.

16.7.12. Executing SHARE pass (SAT-based resource sharing).
Found 2 cells in module system_top that may be considered for resource sharing.
  Analyzing resource sharing options for $flatten\display_inst.\bcd_inst.$mod$../design/bin_to_bcd.sv:11$2 ($mod):
    Found 1 activation_patterns using ctrl signal $flatten\display_inst.\mux_inst.$procmux$712_CMP.
    No candidates found.
  Analyzing resource sharing options for $flatten\display_inst.\bcd_inst.$div$../design/bin_to_bcd.sv:10$1 ($div):
    Found 1 activation_patterns using ctrl signal $flatten\display_inst.\mux_inst.$procmux$713_CMP.
    No candidates found.

16.7.13. Executing OPT pass (performing simple optimizations).

16.7.13.1. Executing OPT_EXPR pass (perform const folding).
Optimizing module system_top.
<suppressed ~10 debug messages>

16.7.13.2. Executing OPT_MERGE pass (detect identical cells).
Finding identical cells in module `\system_top'.
Removed a total of 0 cells.

16.7.13.3. Executing OPT_MUXTREE pass (detect dead branches in mux trees).
Running muxtree optimizer on module \system_top..
  Creating internal representation of mux trees.
  Evaluating internal representation of mux trees.
  Analyzing evaluation results.
Removed 0 multiplexer ports.
<suppressed ~27 debug messages>

16.7.13.4. Executing OPT_REDUCE pass (consolidate $*mux and $reduce_* inputs).
  Optimizing cells in module \system_top.
Performed a total of 0 changes.

16.7.13.5. Executing OPT_MERGE pass (detect identical cells).
Finding identical cells in module `\system_top'.
Removed a total of 0 cells.

16.7.13.6. Executing OPT_DFF pass (perform DFF optimizations).

16.7.13.7. Executing OPT_CLEAN pass (remove unused cells and wires).
Finding unused cells or wires in module \system_top..
Removed 27 unused cells and 32 unused wires.
<suppressed ~28 debug messages>

16.7.13.8. Executing OPT_EXPR pass (perform const folding).
Optimizing module system_top.

16.7.13.9. Rerunning OPT passes. (Maybe there is more to do..)

16.7.13.10. Executing OPT_MUXTREE pass (detect dead branches in mux trees).
Running muxtree optimizer on module \system_top..
  Creating internal representation of mux trees.
  Evaluating internal representation of mux trees.
  Analyzing evaluation results.
Removed 0 multiplexer ports.
<suppressed ~27 debug messages>

16.7.13.11. Executing OPT_REDUCE pass (consolidate $*mux and $reduce_* inputs).
  Optimizing cells in module \system_top.
Performed a total of 0 changes.

16.7.13.12. Executing OPT_MERGE pass (detect identical cells).
Finding identical cells in module `\system_top'.
Removed a total of 0 cells.

16.7.13.13. Executing OPT_DFF pass (perform DFF optimizations).

16.7.13.14. Executing OPT_CLEAN pass (remove unused cells and wires).
Finding unused cells or wires in module \system_top..

16.7.13.15. Executing OPT_EXPR pass (perform const folding).
Optimizing module system_top.

16.7.13.16. Finished OPT passes. (There is nothing left to do.)

16.7.14. Executing MEMORY pass.

16.7.14.1. Executing OPT_MEM pass (optimize memories).
Performed a total of 0 transformations.

16.7.14.2. Executing OPT_MEM_PRIORITY pass (removing unnecessary memory write priority relations).
Performed a total of 0 transformations.

16.7.14.3. Executing OPT_MEM_FEEDBACK pass (finding memory read-to-write feedback paths).

16.7.14.4. Executing MEMORY_BMUX2ROM pass (converting muxes to ROMs).

16.7.14.5. Executing MEMORY_DFF pass (merging $dff cells to $memrd).
Checking read port `$flatten\display_inst.\mux_inst.\decoder_inst.$auto$proc_rom.cc:150:do_switch$360'[0] in module `\system_top': no output FF found.
Checking read port address `$flatten\display_inst.\mux_inst.\decoder_inst.$auto$proc_rom.cc:150:do_switch$360'[0] in module `\system_top': no address FF found.

16.7.14.6. Executing OPT_CLEAN pass (remove unused cells and wires).
Finding unused cells or wires in module \system_top..

16.7.14.7. Executing MEMORY_SHARE pass (consolidating $memrd/$memwr cells).

16.7.14.8. Executing OPT_MEM_WIDEN pass (optimize memories where all ports are wide).
Performed a total of 0 transformations.

16.7.14.9. Executing OPT_CLEAN pass (remove unused cells and wires).
Finding unused cells or wires in module \system_top..

16.7.14.10. Executing MEMORY_COLLECT pass (generating $mem cells).

16.7.15. Executing OPT_CLEAN pass (remove unused cells and wires).
Finding unused cells or wires in module \system_top..

16.8. Executing MEMORY_LIBMAP pass (mapping memories to cells).
using FF mapping for memory system_top.$flatten\display_inst.\mux_inst.\decoder_inst.$auto$proc_rom.cc:150:do_switch$360
<suppressed ~6 debug messages>

16.9. Executing TECHMAP pass (map to technology primitives).

16.9.1. Executing Verilog-2005 frontend: /home/adonay/Downloads/oss-cad-suite-linux-x64-20230210/oss-cad-suite/lib/../share/yosys/gowin/lutrams_map.v
Parsing Verilog input from `/home/adonay/Downloads/oss-cad-suite-linux-x64-20230210/oss-cad-suite/lib/../share/yosys/gowin/lutrams_map.v' to AST representation.
Generating RTLIL representation for module `\$__GOWIN_LUTRAM_'.
Successfully finished Verilog frontend.

16.9.2. Executing Verilog-2005 frontend: /home/adonay/Downloads/oss-cad-suite-linux-x64-20230210/oss-cad-suite/lib/../share/yosys/gowin/brams_map.v
Parsing Verilog input from `/home/adonay/Downloads/oss-cad-suite-linux-x64-20230210/oss-cad-suite/lib/../share/yosys/gowin/brams_map.v' to AST representation.
Generating RTLIL representation for module `\$__GOWIN_SP_'.
Generating RTLIL representation for module `\$__GOWIN_DP_'.
Generating RTLIL representation for module `\$__GOWIN_SDP_'.
Successfully finished Verilog frontend.

16.9.3. Continuing TECHMAP pass.
No more expansions possible.
<suppressed ~6 debug messages>

16.10. Executing OPT pass (performing simple optimizations).

16.10.1. Executing OPT_EXPR pass (perform const folding).
Optimizing module system_top.
<suppressed ~32 debug messages>

16.10.2. Executing OPT_MERGE pass (detect identical cells).
Finding identical cells in module `\system_top'.
Removed a total of 0 cells.

16.10.3. Executing OPT_DFF pass (perform DFF optimizations).

16.10.4. Executing OPT_CLEAN pass (remove unused cells and wires).
Finding unused cells or wires in module \system_top..
Removed 22 unused cells and 43 unused wires.
<suppressed ~23 debug messages>

16.10.5. Finished fast OPT passes.

16.11. Executing MEMORY_MAP pass (converting memories to logic and flip-flops).
Mapping memory $flatten\display_inst.\mux_inst.\decoder_inst.$auto$proc_rom.cc:150:do_switch$360 in module \system_top:
  created 16 $dff cells and 0 static cells of width 7.
  read interface: 0 $dff and 15 $mux cells.
  write interface: 0 write mux blocks.

16.12. Executing OPT pass (performing simple optimizations).

16.12.1. Executing OPT_EXPR pass (perform const folding).
Optimizing module system_top.

16.12.2. Executing OPT_MERGE pass (detect identical cells).
Finding identical cells in module `\system_top'.
Removed a total of 0 cells.

16.12.3. Executing OPT_MUXTREE pass (detect dead branches in mux trees).
Running muxtree optimizer on module \system_top..
  Creating internal representation of mux trees.
  Evaluating internal representation of mux trees.
  Analyzing evaluation results.
Removed 0 multiplexer ports.
<suppressed ~25 debug messages>

16.12.4. Executing OPT_REDUCE pass (consolidate $*mux and $reduce_* inputs).
  Optimizing cells in module \system_top.
    Consolidated identical input bits for $mux cell $memory$flatten\display_inst.\mux_inst.\decoder_inst.$auto$proc_rom.cc:150:do_switch$360$rdmux[0][3][6]$1328:
      Old ports: A=7'1001110, B=7'0111101, Y=$memory$flatten\display_inst.\mux_inst.\decoder_inst.$auto$proc_rom.cc:150:do_switch$360$rdmux[0][2][3]$a$1308
      New ports: A=2'10, B=2'01, Y=$memory$flatten\display_inst.\mux_inst.\decoder_inst.$auto$proc_rom.cc:150:do_switch$360$rdmux[0][2][3]$a$1308 [1:0]
      New connections: $memory$flatten\display_inst.\mux_inst.\decoder_inst.$auto$proc_rom.cc:150:do_switch$360$rdmux[0][2][3]$a$1308 [6:2] = { $memory$flatten\display_inst.\mux_inst.\decoder_inst.$auto$proc_rom.cc:150:do_switch$360$rdmux[0][2][3]$a$1308 [1:0] $memory$flatten\display_inst.\mux_inst.\decoder_inst.$auto$proc_rom.cc:150:do_switch$360$rdmux[0][2][3]$a$1308 [0] 2'11 }
    Consolidated identical input bits for $mux cell $memory$flatten\display_inst.\mux_inst.\decoder_inst.$auto$proc_rom.cc:150:do_switch$360$rdmux[0][3][5]$1325:
      Old ports: A=7'1110111, B=7'0011111, Y=$memory$flatten\display_inst.\mux_inst.\decoder_inst.$auto$proc_rom.cc:150:do_switch$360$rdmux[0][2][2]$b$1306
      New ports: A=2'10, B=2'01, Y={ $memory$flatten\display_inst.\mux_inst.\decoder_inst.$auto$proc_rom.cc:150:do_switch$360$rdmux[0][2][2]$b$1306 [5] $memory$flatten\display_inst.\mux_inst.\decoder_inst.$auto$proc_rom.cc:150:do_switch$360$rdmux[0][2][2]$b$1306 [3] }
      New connections: { $memory$flatten\display_inst.\mux_inst.\decoder_inst.$auto$proc_rom.cc:150:do_switch$360$rdmux[0][2][2]$b$1306 [6] $memory$flatten\display_inst.\mux_inst.\decoder_inst.$auto$proc_rom.cc:150:do_switch$360$rdmux[0][2][2]$b$1306 [4] $memory$flatten\display_inst.\mux_inst.\decoder_inst.$auto$proc_rom.cc:150:do_switch$360$rdmux[0][2][2]$b$1306 [2:0] } = { $memory$flatten\display_inst.\mux_inst.\decoder_inst.$auto$proc_rom.cc:150:do_switch$360$rdmux[0][2][2]$b$1306 [5] 4'1111 }
    Consolidated identical input bits for $mux cell $memory$flatten\display_inst.\mux_inst.\decoder_inst.$auto$proc_rom.cc:150:do_switch$360$rdmux[0][3][4]$1322:
      Old ports: A=7'1111111, B=7'1111011, Y=$memory$flatten\display_inst.\mux_inst.\decoder_inst.$auto$proc_rom.cc:150:do_switch$360$rdmux[0][2][2]$a$1305
      New ports: A=1'1, B=1'0, Y=$memory$flatten\display_inst.\mux_inst.\decoder_inst.$auto$proc_rom.cc:150:do_switch$360$rdmux[0][2][2]$a$1305 [2]
      New connections: { $memory$flatten\display_inst.\mux_inst.\decoder_inst.$auto$proc_rom.cc:150:do_switch$360$rdmux[0][2][2]$a$1305 [6:3] $memory$flatten\display_inst.\mux_inst.\decoder_inst.$auto$proc_rom.cc:150:do_switch$360$rdmux[0][2][2]$a$1305 [1:0] } = 6'111111
    Consolidated identical input bits for $mux cell $memory$flatten\display_inst.\mux_inst.\decoder_inst.$auto$proc_rom.cc:150:do_switch$360$rdmux[0][3][3]$1319:
      Old ports: A=7'1011111, B=7'1110000, Y=$memory$flatten\display_inst.\mux_inst.\decoder_inst.$auto$proc_rom.cc:150:do_switch$360$rdmux[0][2][1]$b$1303
      New ports: A=2'01, B=2'10, Y={ $memory$flatten\display_inst.\mux_inst.\decoder_inst.$auto$proc_rom.cc:150:do_switch$360$rdmux[0][2][1]$b$1303 [5] $memory$flatten\display_inst.\mux_inst.\decoder_inst.$auto$proc_rom.cc:150:do_switch$360$rdmux[0][2][1]$b$1303 [0] }
      New connections: { $memory$flatten\display_inst.\mux_inst.\decoder_inst.$auto$proc_rom.cc:150:do_switch$360$rdmux[0][2][1]$b$1303 [6] $memory$flatten\display_inst.\mux_inst.\decoder_inst.$auto$proc_rom.cc:150:do_switch$360$rdmux[0][2][1]$b$1303 [4:1] } = { 2'11 $memory$flatten\display_inst.\mux_inst.\decoder_inst.$auto$proc_rom.cc:150:do_switch$360$rdmux[0][2][1]$b$1303 [0] $memory$flatten\display_inst.\mux_inst.\decoder_inst.$auto$proc_rom.cc:150:do_switch$360$rdmux[0][2][1]$b$1303 [0] $memory$flatten\display_inst.\mux_inst.\decoder_inst.$auto$proc_rom.cc:150:do_switch$360$rdmux[0][2][1]$b$1303 [0] }
    Consolidated identical input bits for $mux cell $memory$flatten\display_inst.\mux_inst.\decoder_inst.$auto$proc_rom.cc:150:do_switch$360$rdmux[0][3][2]$1316:
      Old ports: A=7'0110011, B=7'1011011, Y=$memory$flatten\display_inst.\mux_inst.\decoder_inst.$auto$proc_rom.cc:150:do_switch$360$rdmux[0][2][1]$a$1302
      New ports: A=2'10, B=2'01, Y={ $memory$flatten\display_inst.\mux_inst.\decoder_inst.$auto$proc_rom.cc:150:do_switch$360$rdmux[0][2][1]$a$1302 [5] $memory$flatten\display_inst.\mux_inst.\decoder_inst.$auto$proc_rom.cc:150:do_switch$360$rdmux[0][2][1]$a$1302 [3] }
      New connections: { $memory$flatten\display_inst.\mux_inst.\decoder_inst.$auto$proc_rom.cc:150:do_switch$360$rdmux[0][2][1]$a$1302 [6] $memory$flatten\display_inst.\mux_inst.\decoder_inst.$auto$proc_rom.cc:150:do_switch$360$rdmux[0][2][1]$a$1302 [4] $memory$flatten\display_inst.\mux_inst.\decoder_inst.$auto$proc_rom.cc:150:do_switch$360$rdmux[0][2][1]$a$1302 [2:0] } = { $memory$flatten\display_inst.\mux_inst.\decoder_inst.$auto$proc_rom.cc:150:do_switch$360$rdmux[0][2][1]$a$1302 [3] 4'1011 }
    Consolidated identical input bits for $mux cell $memory$flatten\display_inst.\mux_inst.\decoder_inst.$auto$proc_rom.cc:150:do_switch$360$rdmux[0][3][1]$1313:
      Old ports: A=7'1101101, B=7'1111001, Y=$memory$flatten\display_inst.\mux_inst.\decoder_inst.$auto$proc_rom.cc:150:do_switch$360$rdmux[0][2][0]$b$1300
      New ports: A=2'01, B=2'10, Y={ $memory$flatten\display_inst.\mux_inst.\decoder_inst.$auto$proc_rom.cc:150:do_switch$360$rdmux[0][2][0]$b$1300 [4] $memory$flatten\display_inst.\mux_inst.\decoder_inst.$auto$proc_rom.cc:150:do_switch$360$rdmux[0][2][0]$b$1300 [2] }
      New connections: { $memory$flatten\display_inst.\mux_inst.\decoder_inst.$auto$proc_rom.cc:150:do_switch$360$rdmux[0][2][0]$b$1300 [6:5] $memory$flatten\display_inst.\mux_inst.\decoder_inst.$auto$proc_rom.cc:150:do_switch$360$rdmux[0][2][0]$b$1300 [3] $memory$flatten\display_inst.\mux_inst.\decoder_inst.$auto$proc_rom.cc:150:do_switch$360$rdmux[0][2][0]$b$1300 [1:0] } = 5'11101
    Consolidated identical input bits for $mux cell $memory$flatten\display_inst.\mux_inst.\decoder_inst.$auto$proc_rom.cc:150:do_switch$360$rdmux[0][3][0]$1310:
      Old ports: A=7'1111110, B=7'0110000, Y=$memory$flatten\display_inst.\mux_inst.\decoder_inst.$auto$proc_rom.cc:150:do_switch$360$rdmux[0][2][0]$a$1299
      New ports: A=1'1, B=1'0, Y=$memory$flatten\display_inst.\mux_inst.\decoder_inst.$auto$proc_rom.cc:150:do_switch$360$rdmux[0][2][0]$a$1299 [1]
      New connections: { $memory$flatten\display_inst.\mux_inst.\decoder_inst.$auto$proc_rom.cc:150:do_switch$360$rdmux[0][2][0]$a$1299 [6:2] $memory$flatten\display_inst.\mux_inst.\decoder_inst.$auto$proc_rom.cc:150:do_switch$360$rdmux[0][2][0]$a$1299 [0] } = { $memory$flatten\display_inst.\mux_inst.\decoder_inst.$auto$proc_rom.cc:150:do_switch$360$rdmux[0][2][0]$a$1299 [1] 2'11 $memory$flatten\display_inst.\mux_inst.\decoder_inst.$auto$proc_rom.cc:150:do_switch$360$rdmux[0][2][0]$a$1299 [1] $memory$flatten\display_inst.\mux_inst.\decoder_inst.$auto$proc_rom.cc:150:do_switch$360$rdmux[0][2][0]$a$1299 [1] 1'0 }
    Consolidated identical input bits for $mux cell $memory$flatten\display_inst.\mux_inst.\decoder_inst.$auto$proc_rom.cc:150:do_switch$360$rdmux[0][3][7]$1331:
      Old ports: A=7'1001111, B=7'1000111, Y=$memory$flatten\display_inst.\mux_inst.\decoder_inst.$auto$proc_rom.cc:150:do_switch$360$rdmux[0][2][3]$b$1309
      New ports: A=1'1, B=1'0, Y=$memory$flatten\display_inst.\mux_inst.\decoder_inst.$auto$proc_rom.cc:150:do_switch$360$rdmux[0][2][3]$b$1309 [3]
      New connections: { $memory$flatten\display_inst.\mux_inst.\decoder_inst.$auto$proc_rom.cc:150:do_switch$360$rdmux[0][2][3]$b$1309 [6:4] $memory$flatten\display_inst.\mux_inst.\decoder_inst.$auto$proc_rom.cc:150:do_switch$360$rdmux[0][2][3]$b$1309 [2:0] } = 6'100111
    Consolidated identical input bits for $pmux cell $flatten\keypad_inst.$procmux$454:
      Old ports: A=4'0000, B=16'0001001000111010, Y=$flatten\keypad_inst.$5\key_code[3:0]
      New ports: A=3'000, B=12'001010011110, Y={ $flatten\keypad_inst.$5\key_code[3:0] [3] $flatten\keypad_inst.$5\key_code[3:0] [1:0] }
      New connections: $flatten\keypad_inst.$5\key_code[3:0] [2] = 1'0
    Consolidated identical input bits for $pmux cell $flatten\keypad_inst.$procmux$514:
      Old ports: A=4'0000, B=12'111011111101, Y=$flatten\keypad_inst.$2\key_code[3:0]
      New ports: A=3'000, B=9'110111101, Y=$flatten\keypad_inst.$2\key_code[3:0] [2:0]
      New connections: $flatten\keypad_inst.$2\key_code[3:0] [3] = $flatten\keypad_inst.$2\key_code[3:0] [2]
  Optimizing cells in module \system_top.
    Consolidated identical input bits for $mux cell $memory$flatten\display_inst.\mux_inst.\decoder_inst.$auto$proc_rom.cc:150:do_switch$360$rdmux[0][2][3]$1307:
      Old ports: A=$memory$flatten\display_inst.\mux_inst.\decoder_inst.$auto$proc_rom.cc:150:do_switch$360$rdmux[0][2][3]$a$1308, B=$memory$flatten\display_inst.\mux_inst.\decoder_inst.$auto$proc_rom.cc:150:do_switch$360$rdmux[0][2][3]$b$1309, Y=$memory$flatten\display_inst.\mux_inst.\decoder_inst.$auto$proc_rom.cc:150:do_switch$360$rdmux[0][1][1]$b$1297
      New ports: A={ $memory$flatten\display_inst.\mux_inst.\decoder_inst.$auto$proc_rom.cc:150:do_switch$360$rdmux[0][2][3]$a$1308 [0] 1'1 $memory$flatten\display_inst.\mux_inst.\decoder_inst.$auto$proc_rom.cc:150:do_switch$360$rdmux[0][2][3]$a$1308 [1:0] }, B={ 1'0 $memory$flatten\display_inst.\mux_inst.\decoder_inst.$auto$proc_rom.cc:150:do_switch$360$rdmux[0][2][3]$b$1309 [3] 2'11 }, Y={ $memory$flatten\display_inst.\mux_inst.\decoder_inst.$auto$proc_rom.cc:150:do_switch$360$rdmux[0][1][1]$b$1297 [4:3] $memory$flatten\display_inst.\mux_inst.\decoder_inst.$auto$proc_rom.cc:150:do_switch$360$rdmux[0][1][1]$b$1297 [1:0] }
      New connections: { $memory$flatten\display_inst.\mux_inst.\decoder_inst.$auto$proc_rom.cc:150:do_switch$360$rdmux[0][1][1]$b$1297 [6:5] $memory$flatten\display_inst.\mux_inst.\decoder_inst.$auto$proc_rom.cc:150:do_switch$360$rdmux[0][1][1]$b$1297 [2] } = { $memory$flatten\display_inst.\mux_inst.\decoder_inst.$auto$proc_rom.cc:150:do_switch$360$rdmux[0][1][1]$b$1297 [1] $memory$flatten\display_inst.\mux_inst.\decoder_inst.$auto$proc_rom.cc:150:do_switch$360$rdmux[0][1][1]$b$1297 [4] 1'1 }
    Consolidated identical input bits for $mux cell $memory$flatten\display_inst.\mux_inst.\decoder_inst.$auto$proc_rom.cc:150:do_switch$360$rdmux[0][2][2]$1304:
      Old ports: A=$memory$flatten\display_inst.\mux_inst.\decoder_inst.$auto$proc_rom.cc:150:do_switch$360$rdmux[0][2][2]$a$1305, B=$memory$flatten\display_inst.\mux_inst.\decoder_inst.$auto$proc_rom.cc:150:do_switch$360$rdmux[0][2][2]$b$1306, Y=$memory$flatten\display_inst.\mux_inst.\decoder_inst.$auto$proc_rom.cc:150:do_switch$360$rdmux[0][1][1]$a$1296
      New ports: A={ 2'11 $memory$flatten\display_inst.\mux_inst.\decoder_inst.$auto$proc_rom.cc:150:do_switch$360$rdmux[0][2][2]$a$1305 [2] }, B={ $memory$flatten\display_inst.\mux_inst.\decoder_inst.$auto$proc_rom.cc:150:do_switch$360$rdmux[0][2][2]$b$1306 [5] $memory$flatten\display_inst.\mux_inst.\decoder_inst.$auto$proc_rom.cc:150:do_switch$360$rdmux[0][2][2]$b$1306 [3] 1'1 }, Y={ $memory$flatten\display_inst.\mux_inst.\decoder_inst.$auto$proc_rom.cc:150:do_switch$360$rdmux[0][1][1]$a$1296 [5] $memory$flatten\display_inst.\mux_inst.\decoder_inst.$auto$proc_rom.cc:150:do_switch$360$rdmux[0][1][1]$a$1296 [3:2] }
      New connections: { $memory$flatten\display_inst.\mux_inst.\decoder_inst.$auto$proc_rom.cc:150:do_switch$360$rdmux[0][1][1]$a$1296 [6] $memory$flatten\display_inst.\mux_inst.\decoder_inst.$auto$proc_rom.cc:150:do_switch$360$rdmux[0][1][1]$a$1296 [4] $memory$flatten\display_inst.\mux_inst.\decoder_inst.$auto$proc_rom.cc:150:do_switch$360$rdmux[0][1][1]$a$1296 [1:0] } = { $memory$flatten\display_inst.\mux_inst.\decoder_inst.$auto$proc_rom.cc:150:do_switch$360$rdmux[0][1][1]$a$1296 [5] 3'111 }
    Consolidated identical input bits for $mux cell $memory$flatten\display_inst.\mux_inst.\decoder_inst.$auto$proc_rom.cc:150:do_switch$360$rdmux[0][2][1]$1301:
      Old ports: A=$memory$flatten\display_inst.\mux_inst.\decoder_inst.$auto$proc_rom.cc:150:do_switch$360$rdmux[0][2][1]$a$1302, B=$memory$flatten\display_inst.\mux_inst.\decoder_inst.$auto$proc_rom.cc:150:do_switch$360$rdmux[0][2][1]$b$1303, Y=$memory$flatten\display_inst.\mux_inst.\decoder_inst.$auto$proc_rom.cc:150:do_switch$360$rdmux[0][1][0]$b$1294
      New ports: A={ $memory$flatten\display_inst.\mux_inst.\decoder_inst.$auto$proc_rom.cc:150:do_switch$360$rdmux[0][2][1]$a$1302 [3] $memory$flatten\display_inst.\mux_inst.\decoder_inst.$auto$proc_rom.cc:150:do_switch$360$rdmux[0][2][1]$a$1302 [5] $memory$flatten\display_inst.\mux_inst.\decoder_inst.$auto$proc_rom.cc:150:do_switch$360$rdmux[0][2][1]$a$1302 [3] 2'01 }, B={ 1'1 $memory$flatten\display_inst.\mux_inst.\decoder_inst.$auto$proc_rom.cc:150:do_switch$360$rdmux[0][2][1]$b$1303 [5] $memory$flatten\display_inst.\mux_inst.\decoder_inst.$auto$proc_rom.cc:150:do_switch$360$rdmux[0][2][1]$b$1303 [0] $memory$flatten\display_inst.\mux_inst.\decoder_inst.$auto$proc_rom.cc:150:do_switch$360$rdmux[0][2][1]$b$1303 [0] $memory$flatten\display_inst.\mux_inst.\decoder_inst.$auto$proc_rom.cc:150:do_switch$360$rdmux[0][2][1]$b$1303 [0] }, Y={ $memory$flatten\display_inst.\mux_inst.\decoder_inst.$auto$proc_rom.cc:150:do_switch$360$rdmux[0][1][0]$b$1294 [6:5] $memory$flatten\display_inst.\mux_inst.\decoder_inst.$auto$proc_rom.cc:150:do_switch$360$rdmux[0][1][0]$b$1294 [3:2] $memory$flatten\display_inst.\mux_inst.\decoder_inst.$auto$proc_rom.cc:150:do_switch$360$rdmux[0][1][0]$b$1294 [0] }
      New connections: { $memory$flatten\display_inst.\mux_inst.\decoder_inst.$auto$proc_rom.cc:150:do_switch$360$rdmux[0][1][0]$b$1294 [4] $memory$flatten\display_inst.\mux_inst.\decoder_inst.$auto$proc_rom.cc:150:do_switch$360$rdmux[0][1][0]$b$1294 [1] } = { 1'1 $memory$flatten\display_inst.\mux_inst.\decoder_inst.$auto$proc_rom.cc:150:do_switch$360$rdmux[0][1][0]$b$1294 [0] }
    Consolidated identical input bits for $mux cell $memory$flatten\display_inst.\mux_inst.\decoder_inst.$auto$proc_rom.cc:150:do_switch$360$rdmux[0][2][0]$1298:
      Old ports: A=$memory$flatten\display_inst.\mux_inst.\decoder_inst.$auto$proc_rom.cc:150:do_switch$360$rdmux[0][2][0]$a$1299, B=$memory$flatten\display_inst.\mux_inst.\decoder_inst.$auto$proc_rom.cc:150:do_switch$360$rdmux[0][2][0]$b$1300, Y=$memory$flatten\display_inst.\mux_inst.\decoder_inst.$auto$proc_rom.cc:150:do_switch$360$rdmux[0][1][0]$a$1293
      New ports: A={ 1'1 $memory$flatten\display_inst.\mux_inst.\decoder_inst.$auto$proc_rom.cc:150:do_switch$360$rdmux[0][2][0]$a$1299 [1] $memory$flatten\display_inst.\mux_inst.\decoder_inst.$auto$proc_rom.cc:150:do_switch$360$rdmux[0][2][0]$a$1299 [1] $memory$flatten\display_inst.\mux_inst.\decoder_inst.$auto$proc_rom.cc:150:do_switch$360$rdmux[0][2][0]$a$1299 [1] 1'0 }, B={ $memory$flatten\display_inst.\mux_inst.\decoder_inst.$auto$proc_rom.cc:150:do_switch$360$rdmux[0][2][0]$b$1300 [4] 1'1 $memory$flatten\display_inst.\mux_inst.\decoder_inst.$auto$proc_rom.cc:150:do_switch$360$rdmux[0][2][0]$b$1300 [2] 2'01 }, Y=$memory$flatten\display_inst.\mux_inst.\decoder_inst.$auto$proc_rom.cc:150:do_switch$360$rdmux[0][1][0]$a$1293 [4:0]
      New connections: $memory$flatten\display_inst.\mux_inst.\decoder_inst.$auto$proc_rom.cc:150:do_switch$360$rdmux[0][1][0]$a$1293 [6:5] = { $memory$flatten\display_inst.\mux_inst.\decoder_inst.$auto$proc_rom.cc:150:do_switch$360$rdmux[0][1][0]$a$1293 [3] 1'1 }
  Optimizing cells in module \system_top.
Performed a total of 14 changes.

16.12.5. Executing OPT_MERGE pass (detect identical cells).
Finding identical cells in module `\system_top'.
<suppressed ~15 debug messages>
Removed a total of 5 cells.

16.12.6. Executing OPT_DFF pass (perform DFF optimizations).

16.12.7. Executing OPT_CLEAN pass (remove unused cells and wires).
Finding unused cells or wires in module \system_top..
Removed 0 unused cells and 21 unused wires.
<suppressed ~1 debug messages>

16.12.8. Executing OPT_EXPR pass (perform const folding).
Optimizing module system_top.

16.12.9. Rerunning OPT passes. (Maybe there is more to do..)

16.12.10. Executing OPT_MUXTREE pass (detect dead branches in mux trees).
Running muxtree optimizer on module \system_top..
  Creating internal representation of mux trees.
  Evaluating internal representation of mux trees.
  Analyzing evaluation results.
Removed 0 multiplexer ports.
<suppressed ~28 debug messages>

16.12.11. Executing OPT_REDUCE pass (consolidate $*mux and $reduce_* inputs).
  Optimizing cells in module \system_top.
Performed a total of 0 changes.

16.12.12. Executing OPT_MERGE pass (detect identical cells).
Finding identical cells in module `\system_top'.
Removed a total of 0 cells.

16.12.13. Executing OPT_DFF pass (perform DFF optimizations).

16.12.14. Executing OPT_CLEAN pass (remove unused cells and wires).
Finding unused cells or wires in module \system_top..

16.12.15. Executing OPT_EXPR pass (perform const folding).
Optimizing module system_top.

16.12.16. Finished OPT passes. (There is nothing left to do.)

16.13. Executing TECHMAP pass (map to technology primitives).

16.13.1. Executing Verilog-2005 frontend: /home/adonay/Downloads/oss-cad-suite-linux-x64-20230210/oss-cad-suite/lib/../share/yosys/techmap.v
Parsing Verilog input from `/home/adonay/Downloads/oss-cad-suite-linux-x64-20230210/oss-cad-suite/lib/../share/yosys/techmap.v' to AST representation.
Generating RTLIL representation for module `\_90_simplemap_bool_ops'.
Generating RTLIL representation for module `\_90_simplemap_reduce_ops'.
Generating RTLIL representation for module `\_90_simplemap_logic_ops'.
Generating RTLIL representation for module `\_90_simplemap_compare_ops'.
Generating RTLIL representation for module `\_90_simplemap_various'.
Generating RTLIL representation for module `\_90_simplemap_registers'.
Generating RTLIL representation for module `\_90_shift_ops_shr_shl_sshl_sshr'.
Generating RTLIL representation for module `\_90_shift_shiftx'.
Generating RTLIL representation for module `\_90_fa'.
Generating RTLIL representation for module `\_90_lcu'.
Generating RTLIL representation for module `\_90_alu'.
Generating RTLIL representation for module `\_90_macc'.
Generating RTLIL representation for module `\_90_alumacc'.
Generating RTLIL representation for module `\$__div_mod_u'.
Generating RTLIL representation for module `\$__div_mod_trunc'.
Generating RTLIL representation for module `\_90_div'.
Generating RTLIL representation for module `\_90_mod'.
Generating RTLIL representation for module `\$__div_mod_floor'.
Generating RTLIL representation for module `\_90_divfloor'.
Generating RTLIL representation for module `\_90_modfloor'.
Generating RTLIL representation for module `\_90_pow'.
Generating RTLIL representation for module `\_90_pmux'.
Generating RTLIL representation for module `\_90_demux'.
Generating RTLIL representation for module `\_90_lut'.
Successfully finished Verilog frontend.

16.13.2. Executing Verilog-2005 frontend: /home/adonay/Downloads/oss-cad-suite-linux-x64-20230210/oss-cad-suite/lib/../share/yosys/gowin/arith_map.v
Parsing Verilog input from `/home/adonay/Downloads/oss-cad-suite-linux-x64-20230210/oss-cad-suite/lib/../share/yosys/gowin/arith_map.v' to AST representation.
Generating RTLIL representation for module `\_80_gw1n_alu'.
Successfully finished Verilog frontend.

16.13.3. Continuing TECHMAP pass.
Using extmapper simplemap for cells of type $not.
Using extmapper simplemap for cells of type $eq.
Using extmapper simplemap for cells of type $logic_and.
Using template $paramod$ee3d784672cdb1cb32d9a801a3af776716f16b74\_80_gw1n_alu for cells of type $alu.
Using extmapper simplemap for cells of type $mux.
Using extmapper simplemap for cells of type $adffe.
Using extmapper simplemap for cells of type $ne.
Using extmapper simplemap for cells of type $reduce_and.
Using template $paramod$740b056ede97228d3eae64ea2fdc81f0a33e0fe7\_80_gw1n_alu for cells of type $alu.
Using extmapper simplemap for cells of type $reduce_or.
Using extmapper maccmap for cells of type $macc.
  add \input_inst.divisor_temp * 3'101 (5x3 bits, unsigned)
Using extmapper simplemap for cells of type $or.
Using extmapper simplemap for cells of type $adff.
Using template $paramod$c2e415ef15bc3ccd2723772353a6b450d3d76206\_90_pmux for cells of type $pmux.
Using template $paramod$85df5dc01c7df96a7d8e5f1fdf76ce9ac452af63\_90_pmux for cells of type $pmux.
Using template $paramod$20d3ee62d72123142eb855d7ddafd835e31ba009\_90_pmux for cells of type $pmux.
Using template $paramod$d31bf4d7d72e59528d18fbd4f322e9d608532043\_90_pmux for cells of type $pmux.
Using template $paramod$1d1e68f77481583066c6d429218f48ea9d5739b3\_90_alu for cells of type $alu.
Using template $paramod$78e969f2586efcf3a5b0b0440bcca0db83d5cca2\_80_gw1n_alu for cells of type $alu.
Using extmapper simplemap for cells of type $logic_not.
Using extmapper simplemap for cells of type $reduce_bool.
Using extmapper simplemap for cells of type $and.
Using template $paramod$adbaf76fa5a3091a329503792521395f8ff4d1a4\_90_alu for cells of type $alu.
Using template $paramod$2af30114e9bd4ccb04dad757b3f0a8f6bf0615b0\_80_gw1n_alu for cells of type $alu.
  add \input_inst.dividend_temp * 3'101 (7x3 bits, unsigned)
Using template $paramod$4f7462fd7944a40ab328577064922bdf555975a5\_80_gw1n_alu for cells of type $alu.
Using template $paramod$175e67c02b86e96b1288b9dc100122520d7240d8\_90_alu for cells of type $alu.
Using template $paramod$ea402187f386206c0840504755479bf827f47707\_80_gw1n_alu for cells of type $alu.
Using template $paramod$1a3a0c35c4a4896fbfd612699525c057298e72d2\_80_gw1n_alu for cells of type $alu.
Using template $paramod$521ce43182eecb9f60c72393a788160d2c356bf5\_90_pmux for cells of type $pmux.
Using template $paramod$ed40eaed6d7865a5f6e873e7da3aa6067d71cfbb\_90_mod for cells of type $mod.
Using template $paramod$ed40eaed6d7865a5f6e873e7da3aa6067d71cfbb\_90_div for cells of type $div.
Using template $paramod$bf2533632d512eac76dd186c0da49367e29b8e98\_90_pmux for cells of type $pmux.
Using extmapper simplemap for cells of type $pos.
Using template $paramod\_90_lcu\WIDTH=32'00000000000000000000000000000010 for cells of type $lcu.
Using extmapper simplemap for cells of type $xor.
Using template $paramod$ed40eaed6d7865a5f6e873e7da3aa6067d71cfbb\$__div_mod_trunc for cells of type $__div_mod_trunc.
Using template $paramod\_90_lcu\WIDTH=32'00000000000000000000000000000001 for cells of type $lcu.
Using template $paramod\_90_fa\WIDTH=32'00000000000000000000000000000110 for cells of type $fa.
Using template $paramod$00298f3f8094950cb9a5ff2fda48d0d8bde8806c\_80_gw1n_alu for cells of type $alu.
Using template $paramod\_90_fa\WIDTH=32'00000000000000000000000000000100 for cells of type $fa.
Running "alumacc" on wrapper $extern:wrap:$neg:Y_WIDTH=6:A_WIDTH=6:A_SIGNED=0:394426c56d1a028ba8fdd5469b163e04011def47.
Using template $extern:wrap:$neg:Y_WIDTH=6:A_WIDTH=6:A_SIGNED=0:394426c56d1a028ba8fdd5469b163e04011def47 for cells of type $extern:wrap:$neg:Y_WIDTH=6:A_WIDTH=6:A_SIGNED=0:394426c56d1a028ba8fdd5469b163e04011def47.
Using template $paramod\$__div_mod_u\WIDTH=32'00000000000000000000000000000110 for cells of type $__div_mod_u.
Using template $paramod$821d2886e47353e724eaca46af4992e9c3e6ac1d\_80_gw1n_alu for cells of type $alu.
Running "alumacc" on wrapper $extern:wrap:$sub:Y_WIDTH=6:B_WIDTH=6:A_WIDTH=6:B_SIGNED=0:A_SIGNED=0:394426c56d1a028ba8fdd5469b163e04011def47.
Using template $extern:wrap:$sub:Y_WIDTH=6:B_WIDTH=6:A_WIDTH=6:B_SIGNED=0:A_SIGNED=0:394426c56d1a028ba8fdd5469b163e04011def47 for cells of type $extern:wrap:$sub:Y_WIDTH=6:B_WIDTH=6:A_WIDTH=6:B_SIGNED=0:A_SIGNED=0:394426c56d1a028ba8fdd5469b163e04011def47.
Running "alumacc" on wrapper $extern:wrap:$ge:Y_WIDTH=1:B_WIDTH=6:A_WIDTH=6:B_SIGNED=0:A_SIGNED=0:394426c56d1a028ba8fdd5469b163e04011def47.
Using template $extern:wrap:$ge:Y_WIDTH=1:B_WIDTH=6:A_WIDTH=6:B_SIGNED=0:A_SIGNED=0:394426c56d1a028ba8fdd5469b163e04011def47 for cells of type $extern:wrap:$ge:Y_WIDTH=1:B_WIDTH=6:A_WIDTH=6:B_SIGNED=0:A_SIGNED=0:394426c56d1a028ba8fdd5469b163e04011def47.
Running "alumacc" on wrapper $extern:wrap:$sub:Y_WIDTH=7:B_WIDTH=7:A_WIDTH=6:B_SIGNED=0:A_SIGNED=0:394426c56d1a028ba8fdd5469b163e04011def47.
Using template $extern:wrap:$sub:Y_WIDTH=7:B_WIDTH=7:A_WIDTH=6:B_SIGNED=0:A_SIGNED=0:394426c56d1a028ba8fdd5469b163e04011def47 for cells of type $extern:wrap:$sub:Y_WIDTH=7:B_WIDTH=7:A_WIDTH=6:B_SIGNED=0:A_SIGNED=0:394426c56d1a028ba8fdd5469b163e04011def47.
Running "alumacc" on wrapper $extern:wrap:$ge:Y_WIDTH=1:B_WIDTH=7:A_WIDTH=6:B_SIGNED=0:A_SIGNED=0:394426c56d1a028ba8fdd5469b163e04011def47.
Using template $extern:wrap:$ge:Y_WIDTH=1:B_WIDTH=7:A_WIDTH=6:B_SIGNED=0:A_SIGNED=0:394426c56d1a028ba8fdd5469b163e04011def47 for cells of type $extern:wrap:$ge:Y_WIDTH=1:B_WIDTH=7:A_WIDTH=6:B_SIGNED=0:A_SIGNED=0:394426c56d1a028ba8fdd5469b163e04011def47.
Running "alumacc" on wrapper $extern:wrap:$sub:Y_WIDTH=8:B_WIDTH=8:A_WIDTH=6:B_SIGNED=0:A_SIGNED=0:394426c56d1a028ba8fdd5469b163e04011def47.
Using template $extern:wrap:$sub:Y_WIDTH=8:B_WIDTH=8:A_WIDTH=6:B_SIGNED=0:A_SIGNED=0:394426c56d1a028ba8fdd5469b163e04011def47 for cells of type $extern:wrap:$sub:Y_WIDTH=8:B_WIDTH=8:A_WIDTH=6:B_SIGNED=0:A_SIGNED=0:394426c56d1a028ba8fdd5469b163e04011def47.
Running "alumacc" on wrapper $extern:wrap:$ge:Y_WIDTH=1:B_WIDTH=8:A_WIDTH=6:B_SIGNED=0:A_SIGNED=0:394426c56d1a028ba8fdd5469b163e04011def47.
Using template $extern:wrap:$ge:Y_WIDTH=1:B_WIDTH=8:A_WIDTH=6:B_SIGNED=0:A_SIGNED=0:394426c56d1a028ba8fdd5469b163e04011def47 for cells of type $extern:wrap:$ge:Y_WIDTH=1:B_WIDTH=8:A_WIDTH=6:B_SIGNED=0:A_SIGNED=0:394426c56d1a028ba8fdd5469b163e04011def47.
Running "alumacc" on wrapper $extern:wrap:$sub:Y_WIDTH=9:B_WIDTH=9:A_WIDTH=6:B_SIGNED=0:A_SIGNED=0:394426c56d1a028ba8fdd5469b163e04011def47.
Using template $extern:wrap:$sub:Y_WIDTH=9:B_WIDTH=9:A_WIDTH=6:B_SIGNED=0:A_SIGNED=0:394426c56d1a028ba8fdd5469b163e04011def47 for cells of type $extern:wrap:$sub:Y_WIDTH=9:B_WIDTH=9:A_WIDTH=6:B_SIGNED=0:A_SIGNED=0:394426c56d1a028ba8fdd5469b163e04011def47.
Running "alumacc" on wrapper $extern:wrap:$ge:Y_WIDTH=1:B_WIDTH=9:A_WIDTH=6:B_SIGNED=0:A_SIGNED=0:394426c56d1a028ba8fdd5469b163e04011def47.
Using template $extern:wrap:$ge:Y_WIDTH=1:B_WIDTH=9:A_WIDTH=6:B_SIGNED=0:A_SIGNED=0:394426c56d1a028ba8fdd5469b163e04011def47 for cells of type $extern:wrap:$ge:Y_WIDTH=1:B_WIDTH=9:A_WIDTH=6:B_SIGNED=0:A_SIGNED=0:394426c56d1a028ba8fdd5469b163e04011def47.
Running "alumacc" on wrapper $extern:wrap:$sub:Y_WIDTH=10:B_WIDTH=10:A_WIDTH=6:B_SIGNED=0:A_SIGNED=0:394426c56d1a028ba8fdd5469b163e04011def47.
Using template $extern:wrap:$sub:Y_WIDTH=10:B_WIDTH=10:A_WIDTH=6:B_SIGNED=0:A_SIGNED=0:394426c56d1a028ba8fdd5469b163e04011def47 for cells of type $extern:wrap:$sub:Y_WIDTH=10:B_WIDTH=10:A_WIDTH=6:B_SIGNED=0:A_SIGNED=0:394426c56d1a028ba8fdd5469b163e04011def47.
Running "alumacc" on wrapper $extern:wrap:$ge:Y_WIDTH=1:B_WIDTH=10:A_WIDTH=6:B_SIGNED=0:A_SIGNED=0:394426c56d1a028ba8fdd5469b163e04011def47.
Using template $extern:wrap:$ge:Y_WIDTH=1:B_WIDTH=10:A_WIDTH=6:B_SIGNED=0:A_SIGNED=0:394426c56d1a028ba8fdd5469b163e04011def47 for cells of type $extern:wrap:$ge:Y_WIDTH=1:B_WIDTH=10:A_WIDTH=6:B_SIGNED=0:A_SIGNED=0:394426c56d1a028ba8fdd5469b163e04011def47.
Running "alumacc" on wrapper $extern:wrap:$sub:Y_WIDTH=11:B_WIDTH=11:A_WIDTH=6:B_SIGNED=0:A_SIGNED=0:394426c56d1a028ba8fdd5469b163e04011def47.
Using template $extern:wrap:$sub:Y_WIDTH=11:B_WIDTH=11:A_WIDTH=6:B_SIGNED=0:A_SIGNED=0:394426c56d1a028ba8fdd5469b163e04011def47 for cells of type $extern:wrap:$sub:Y_WIDTH=11:B_WIDTH=11:A_WIDTH=6:B_SIGNED=0:A_SIGNED=0:394426c56d1a028ba8fdd5469b163e04011def47.
Running "alumacc" on wrapper $extern:wrap:$ge:Y_WIDTH=1:B_WIDTH=11:A_WIDTH=6:B_SIGNED=0:A_SIGNED=0:394426c56d1a028ba8fdd5469b163e04011def47.
Using template $extern:wrap:$ge:Y_WIDTH=1:B_WIDTH=11:A_WIDTH=6:B_SIGNED=0:A_SIGNED=0:394426c56d1a028ba8fdd5469b163e04011def47 for cells of type $extern:wrap:$ge:Y_WIDTH=1:B_WIDTH=11:A_WIDTH=6:B_SIGNED=0:A_SIGNED=0:394426c56d1a028ba8fdd5469b163e04011def47.
Using template $paramod$c4905825bb8ecc38b98eb4167e8b007447af7884\_80_gw1n_alu for cells of type $alu.
Using template $paramod$150d098cb9cca1819459bc5073194c8c53d2862d\_80_gw1n_alu for cells of type $alu.
Using template $paramod$8ffc13f158d9c4b92f6c17114e5b147ae5ead21a\_80_gw1n_alu for cells of type $alu.
Using template $paramod$9c32b45917accb56be6667e7eba7742d064d7fbb\_80_gw1n_alu for cells of type $alu.
Using template $paramod$6a7f9ecd57c555325e0ef49a9999665bb92312d8\_80_gw1n_alu for cells of type $alu.
No more expansions possible.
<suppressed ~2354 debug messages>

16.14. Executing OPT pass (performing simple optimizations).

16.14.1. Executing OPT_EXPR pass (perform const folding).
Optimizing module system_top.
<suppressed ~1638 debug messages>

16.14.2. Executing OPT_MERGE pass (detect identical cells).
Finding identical cells in module `\system_top'.
<suppressed ~330 debug messages>
Removed a total of 110 cells.

16.14.3. Executing OPT_DFF pass (perform DFF optimizations).

16.14.4. Executing OPT_CLEAN pass (remove unused cells and wires).
Finding unused cells or wires in module \system_top..
Removed 234 unused cells and 2623 unused wires.
<suppressed ~237 debug messages>

16.14.5. Finished fast OPT passes.

16.15. Executing IOPADMAP pass (mapping inputs/outputs to IO-PAD cells).
Mapping port system_top.anodo using OBUF.
Mapping port system_top.clk using IBUF.
Mapping port system_top.columnas using IBUF.
Mapping port system_top.filas using OBUF.
Mapping port system_top.rst_n using IBUF.
Mapping port system_top.seven using OBUF.

16.16. Executing OPT_CLEAN pass (remove unused cells and wires).
Finding unused cells or wires in module \system_top..
Removed 0 unused cells and 6 unused wires.
<suppressed ~1 debug messages>

16.17. Executing DFFLEGALIZE pass (convert FFs to types supported by the target).

16.18. Executing TECHMAP pass (map to technology primitives).

16.18.1. Executing Verilog-2005 frontend: /home/adonay/Downloads/oss-cad-suite-linux-x64-20230210/oss-cad-suite/lib/../share/yosys/gowin/cells_map.v
Parsing Verilog input from `/home/adonay/Downloads/oss-cad-suite-linux-x64-20230210/oss-cad-suite/lib/../share/yosys/gowin/cells_map.v' to AST representation.
Generating RTLIL representation for module `\$_DFF_N_'.
Generating RTLIL representation for module `\$_DFF_P_'.
Generating RTLIL representation for module `\$_DFFE_PP_'.
Generating RTLIL representation for module `\$_DFFE_NP_'.
Generating RTLIL representation for module `\$_SDFF_PP0_'.
Generating RTLIL representation for module `\$_SDFF_NP0_'.
Generating RTLIL representation for module `\$_SDFFE_PP0P_'.
Generating RTLIL representation for module `\$_SDFFE_NP0P_'.
Generating RTLIL representation for module `\$_SDFF_PP1_'.
Generating RTLIL representation for module `\$_SDFF_NP1_'.
Generating RTLIL representation for module `\$_SDFFE_PP1P_'.
Generating RTLIL representation for module `\$_SDFFE_NP1P_'.
Generating RTLIL representation for module `\$_DFF_PP1_'.
Generating RTLIL representation for module `\$_DFF_NP1_'.
Generating RTLIL representation for module `\$_DFF_PP0_'.
Generating RTLIL representation for module `\$_DFF_NP0_'.
Generating RTLIL representation for module `\$_DFFE_PP1P_'.
Generating RTLIL representation for module `\$_DFFE_NP1P_'.
Generating RTLIL representation for module `\$_DFFE_PP0P_'.
Generating RTLIL representation for module `\$_DFFE_NP0P_'.
Generating RTLIL representation for module `\$lut'.
Successfully finished Verilog frontend.

16.18.2. Continuing TECHMAP pass.
Using template \$_DFFE_PP0P_ for cells of type $_DFFE_PP0P_.
Using template \$_DFF_PP1_ for cells of type $_DFF_PP1_.
Using template \$_DFF_PP0_ for cells of type $_DFF_PP0_.
No more expansions possible.
<suppressed ~145 debug messages>

16.19. Executing OPT_EXPR pass (perform const folding).
Optimizing module system_top.
<suppressed ~1 debug messages>

16.20. Executing SIMPLEMAP pass (map simple cells to gate primitives).

16.21. Executing ABC pass (technology mapping using ABC).

16.21.1. Extracting gate netlist of module `\system_top' to `<abc-temp-dir>/input.blif'..
Extracted 866 gates and 1064 wires to a netlist network with 196 inputs and 330 outputs.

16.21.1.1. Executing ABC.
Running ABC command: "<yosys-exe-dir>/yosys-abc" -s -f <abc-temp-dir>/abc.script 2>&1
ABC: ABC command line: "source <abc-temp-dir>/abc.script".
ABC: 
ABC: + read_blif <abc-temp-dir>/input.blif 
ABC: + read_lut <abc-temp-dir>/lutdefs.txt 
ABC: + strash 
ABC: + &get -n 
ABC: + &fraig -x 
ABC: + &put 
ABC: + scorr 
ABC: Warning: The network is combinational (run "fraig" or "fraig_sweep").
ABC: + dc2 
ABC: + dretime 
ABC: + strash 
ABC: + dch -f 
ABC: + if 
ABC: + mfs2 
ABC: + write_blif <abc-temp-dir>/output.blif 

16.21.1.2. Re-integrating ABC results.
ABC RESULTS:              $lut cells:      416
ABC RESULTS:        internal signals:      538
ABC RESULTS:           input signals:      196
ABC RESULTS:          output signals:      330
Removing temp directory.
Removed 0 unused cells and 1598 unused wires.

16.22. Executing TECHMAP pass (map to technology primitives).

16.22.1. Executing Verilog-2005 frontend: /home/adonay/Downloads/oss-cad-suite-linux-x64-20230210/oss-cad-suite/lib/../share/yosys/gowin/cells_map.v
Parsing Verilog input from `/home/adonay/Downloads/oss-cad-suite-linux-x64-20230210/oss-cad-suite/lib/../share/yosys/gowin/cells_map.v' to AST representation.
Generating RTLIL representation for module `\$_DFF_N_'.
Generating RTLIL representation for module `\$_DFF_P_'.
Generating RTLIL representation for module `\$_DFFE_PP_'.
Generating RTLIL representation for module `\$_DFFE_NP_'.
Generating RTLIL representation for module `\$_SDFF_PP0_'.
Generating RTLIL representation for module `\$_SDFF_NP0_'.
Generating RTLIL representation for module `\$_SDFFE_PP0P_'.
Generating RTLIL representation for module `\$_SDFFE_NP0P_'.
Generating RTLIL representation for module `\$_SDFF_PP1_'.
Generating RTLIL representation for module `\$_SDFF_NP1_'.
Generating RTLIL representation for module `\$_SDFFE_PP1P_'.
Generating RTLIL representation for module `\$_SDFFE_NP1P_'.
Generating RTLIL representation for module `\$_DFF_PP1_'.
Generating RTLIL representation for module `\$_DFF_NP1_'.
Generating RTLIL representation for module `\$_DFF_PP0_'.
Generating RTLIL representation for module `\$_DFF_NP0_'.
Generating RTLIL representation for module `\$_DFFE_PP1P_'.
Generating RTLIL representation for module `\$_DFFE_NP1P_'.
Generating RTLIL representation for module `\$_DFFE_PP0P_'.
Generating RTLIL representation for module `\$_DFFE_NP0P_'.
Generating RTLIL representation for module `\$lut'.
Successfully finished Verilog frontend.

16.22.2. Continuing TECHMAP pass.
Using template $paramod\$lut\WIDTH=32'00000000000000000000000000000010\LUT=4'0110 for cells of type $lut.
Using template $paramod\$lut\WIDTH=32'00000000000000000000000000000001\LUT=2'01 for cells of type $lut.
Using template $paramod\$lut\WIDTH=32'00000000000000000000000000000010\LUT=4'1000 for cells of type $lut.
Using template $paramod$ce1a39ca9fea22ec57f70a0e7e47286851b0b212\$lut for cells of type $lut.
Using template $paramod\$lut\WIDTH=32'00000000000000000000000000000011\LUT=8'10101100 for cells of type $lut.
Using template $paramod$c87f914030181ed3640d554c83f040052bbe19a4\$lut for cells of type $lut.
Using template $paramod\$lut\WIDTH=32'00000000000000000000000000000010\LUT=4'1110 for cells of type $lut.
Using template $paramod$d125d51a2e475e4a3594a8551614cc45a43514e7\$lut for cells of type $lut.
Using template $paramod$14b009f1e694e53cd6fdce6f2adbc6e7bcd58b9c\$lut for cells of type $lut.
Using template $paramod$8c3e348c8ecc4551601e3bdb2335af6c63343deb\$lut for cells of type $lut.
Using template $paramod$ef55f89c74d994c27b4ec4bac79af43e8b1d7e25\$lut for cells of type $lut.
Using template $paramod$6d6beead1425af15cf78b27fd9b11b41b5d4bce8\$lut for cells of type $lut.
Using template $paramod\$lut\WIDTH=32'00000000000000000000000000000011\LUT=8'01110000 for cells of type $lut.
Using template $paramod$818735cea1fbcf2edcde06a928540e81687841a5\$lut for cells of type $lut.
Using template $paramod$b7c06860982542abd31e0a9c1e695cd825a7933a\$lut for cells of type $lut.
Using template $paramod\$lut\WIDTH=32'00000000000000000000000000000010\LUT=4'1011 for cells of type $lut.
Using template $paramod\$lut\WIDTH=32'00000000000000000000000000000010\LUT=4'0111 for cells of type $lut.
Using template $paramod\$lut\WIDTH=32'00000000000000000000000000000010\LUT=4'0001 for cells of type $lut.
Using template $paramod\$lut\WIDTH=32'00000000000000000000000000000010\LUT=4'0100 for cells of type $lut.
Using template $paramod\$lut\WIDTH=32'00000000000000000000000000000011\LUT=8'00110101 for cells of type $lut.
Using template $paramod$7a988de7554d6c5e09a742c0a2d36472e50c73b1\$lut for cells of type $lut.
Using template $paramod$7b62cd173b876b541e2c4046781384b8847bcb81\$lut for cells of type $lut.
Using template $paramod$5e3f8a8607d77590f8896fc79b5b6eb43c037f7f\$lut for cells of type $lut.
Using template $paramod$569ef7aa10d6fc8be25c1d21177d836bd20cea12\$lut for cells of type $lut.
Using template $paramod$78bf40553c2cd4c05597446aff670241d153898f\$lut for cells of type $lut.
Using template $paramod$d9c7df61cc00515620cb8f30513202f5e1b1fbc2\$lut for cells of type $lut.
Using template $paramod$d67618f84cf1d9555a49b1398156ae85f59f8897\$lut for cells of type $lut.
Using template $paramod$e5e9da8fed769f971686eed8c5eea50e61f73aaa\$lut for cells of type $lut.
Using template $paramod$a1978f68d231dbd92e23367b02dabb4d7181a6ff\$lut for cells of type $lut.
Using template $paramod\$lut\WIDTH=32'00000000000000000000000000000011\LUT=8'11100000 for cells of type $lut.
Using template $paramod$82b4a585d1edcb5c6e755dc9bd3392228a1c1304\$lut for cells of type $lut.
Using template $paramod$b75e8306635d621cb7e96e5d2ad1327ab1afa025\$lut for cells of type $lut.
Using template $paramod$8e61b4db5148a76c2253cd16a2288e0d6979857c\$lut for cells of type $lut.
Using template $paramod$b97f173595736efef3734231edb0ddf2ff8695bc\$lut for cells of type $lut.
Using template $paramod$50ac9750b18d4ce39eba9117e4b8a4e3669b01d0\$lut for cells of type $lut.
Using template $paramod$1f5f727ca870e3a36d2aeaab5fe7b14943a7216f\$lut for cells of type $lut.
Using template $paramod$1efb76f92296cad47b915b964b24f97da37a095c\$lut for cells of type $lut.
Using template $paramod$b0d4c2b27a394170f4c10d08d64d76509cd63522\$lut for cells of type $lut.
Using template $paramod$c9c145a3c6d085b43407e8d146c4cb593e0f20bb\$lut for cells of type $lut.
Using template $paramod\$lut\WIDTH=32'00000000000000000000000000000011\LUT=8'11001010 for cells of type $lut.
Using template $paramod$a4404e742e43b8bf8bde71df8b64cbe0c6ba02bd\$lut for cells of type $lut.
Using template $paramod$4dbe75fda5605e31814e100dd371676fc3b90919\$lut for cells of type $lut.
Using template $paramod$f5316cca0e8fbd42a099b78816d739dbcecf5b34\$lut for cells of type $lut.
Using template $paramod\$lut\WIDTH=32'00000000000000000000000000000011\LUT=8'11101000 for cells of type $lut.
Using template $paramod$f189a208f2795cd58b4d6ed8b01f7c228ca8afbd\$lut for cells of type $lut.
Using template $paramod\$lut\WIDTH=32'00000000000000000000000000000011\LUT=8'10110010 for cells of type $lut.
Using template $paramod$25d8df2b7db2208a97c242ac887ee71b3b2a0e6f\$lut for cells of type $lut.
Using template $paramod$1bc209962b43ab6852048184af0fd39261822845\$lut for cells of type $lut.
Using template $paramod$975c440745c00e6c9bc4564958e7cd124480857c\$lut for cells of type $lut.
Using template $paramod$d7c26c70b3a3fc5ba5137ffbf63dcfe64b7912d6\$lut for cells of type $lut.
Using template $paramod$4b0b7c0ee58dfbbcb6749f28e156662f83479160\$lut for cells of type $lut.
Using template $paramod$9ce3cb48532e1935dedb6055756fefa71d90eef1\$lut for cells of type $lut.
Using template $paramod$e94e43611827e2114516df2acb1b4da75c4728d5\$lut for cells of type $lut.
Using template $paramod$7f36b8e8f3387d6617c9a306bc0a62a8a7526324\$lut for cells of type $lut.
Using template $paramod$419cd99c524984e86316be824e4fbf1d7b2aec3c\$lut for cells of type $lut.
Using template $paramod\$lut\WIDTH=32'00000000000000000000000000000011\LUT=8'00010000 for cells of type $lut.
Using template $paramod$7db39d9005b594069ac6615dfa472231e29aaeac\$lut for cells of type $lut.
Using template $paramod$3249c99f5a58a3524ae847816e39d95f4be55a72\$lut for cells of type $lut.
Using template $paramod$ff059925231b155d1e9a6fe209f6d16a40fc486b\$lut for cells of type $lut.
Using template $paramod$94d89d36d242bf000a1e580d7787887208c1537c\$lut for cells of type $lut.
Using template $paramod$e0d0b0b4099e222af367260a850c5e6ba906eeb9\$lut for cells of type $lut.
Using template $paramod\$lut\WIDTH=32'00000000000000000000000000000011\LUT=8'10110100 for cells of type $lut.
Using template $paramod$3adc04e19531b32e0dbdd8d50e10a16ae6d4286c\$lut for cells of type $lut.
Using template $paramod$571404c0889eaf57f492cb5e37f8acb5df5852f9\$lut for cells of type $lut.
Using template $paramod\$lut\WIDTH=32'00000000000000000000000000000011\LUT=8'10000000 for cells of type $lut.
Using template $paramod\$lut\WIDTH=32'00000000000000000000000000000011\LUT=8'01000000 for cells of type $lut.
Using template $paramod$e49f6e3576ef1a6d2f58c54414dbb786af8cc869\$lut for cells of type $lut.
Using template $paramod$3039c7f41767c4672f4e3f22ad78f16d42720fbf\$lut for cells of type $lut.
Using template $paramod$272652f6c6fbe9a75eff76e45cc7e2788835518b\$lut for cells of type $lut.
Using template $paramod$658b9ed803f0d3d335616d3858b53e0a2522f1e8\$lut for cells of type $lut.
Using template $paramod$b4410865e8124402796f9dfbf73ef8d279fdbd08\$lut for cells of type $lut.
Using template $paramod\$lut\WIDTH=32'00000000000000000000000000000011\LUT=8'00111010 for cells of type $lut.
Using template $paramod\$lut\WIDTH=32'00000000000000000000000000000011\LUT=8'11110100 for cells of type $lut.
Using template $paramod$332a399730bfc61adea04021a76b1c4e4030f37d\$lut for cells of type $lut.
Using template $paramod$8997e6c35c16f2407c9cc7281b3fc40699d14b20\$lut for cells of type $lut.
Using template $paramod$179512a187da069f3b79ef6612a41e494e7d54b6\$lut for cells of type $lut.
Using template $paramod$3e1b1f0278060fa525e60cfbd7fc0194447ce99a\$lut for cells of type $lut.
Using template $paramod$8ce68bf46049036d986a9ad8537be33f20440a6e\$lut for cells of type $lut.
Using template $paramod$5c2c19cebcc63ffc5da8498b8d3a0bdfd82c888a\$lut for cells of type $lut.
Using template $paramod$c865dd1a90ff5298f05f7d20060f5bf3c541da7e\$lut for cells of type $lut.
Using template $paramod$47327cfb22c0e4f3d431235b0e8cd5dc5f6236d5\$lut for cells of type $lut.
Using template $paramod$4bf1fb30fab0abb602f1938aaca1dddedb1f828b\$lut for cells of type $lut.
Using template $paramod$f4268955d25e548eea6872d1bcb8f045f2584618\$lut for cells of type $lut.
Using template $paramod$fd1a73bdcbeb223bf05e2e20cb5fad559d38c5c6\$lut for cells of type $lut.
Using template $paramod$17c8ac9b23ed3be0cd542bec30d6abced24a1f78\$lut for cells of type $lut.
Using template $paramod$22512b315e76b174ccac643801c06abc56e24d59\$lut for cells of type $lut.
Using template $paramod$ff3b04fc04a5df84a70499147f6a962e56652ac9\$lut for cells of type $lut.
Using template $paramod$4b6d71ecc8170bfacf38b3b71c1a9b261b163b05\$lut for cells of type $lut.
Using template $paramod$ff42e6cfcb72fb54bcbefeeeccf92fe93396f57d\$lut for cells of type $lut.
Using template $paramod$1c7999cbe9f20b73d28ba207bd5d327c47befc9c\$lut for cells of type $lut.
Using template $paramod$87112c7d511269df645aa80f0e41752d7498bc47\$lut for cells of type $lut.
Using template $paramod$2f52b75d39a71721c8f3d4e43d91aa115d7cd632\$lut for cells of type $lut.
Using template $paramod$3d60a920ab1f0eebdb4b121e26dd64b8c4e9d889\$lut for cells of type $lut.
Using template $paramod$5a7be0df20537048a504354eb49736a3524aa194\$lut for cells of type $lut.
Using template $paramod$9e43c21cd4a73de4549e4f4dafc70d9ef5661a31\$lut for cells of type $lut.
Using template $paramod$6c80b5e5ab5190098321f9ff85bdee85b8f1ba5a\$lut for cells of type $lut.
Using template $paramod$0a20c91418c26f51ae7c68b590753bd7273f29bf\$lut for cells of type $lut.
Using template $paramod$9391dab27ca7035da0b4ae6f573d56835c4f12e4\$lut for cells of type $lut.
Using template $paramod$39c2047bae99c12bf47cdb0cec3c445bbc2dd41a\$lut for cells of type $lut.
Using template $paramod$9664483609d9e726df9697364de1aad825ad3979\$lut for cells of type $lut.
Using template $paramod$a2b4ddfa3906001b2ef9f2414d79c3048f2a3a6e\$lut for cells of type $lut.
Using template $paramod$9adf65e26cae855db92987cac2c59cbee6fbea36\$lut for cells of type $lut.
Using template $paramod$38eb41627b73166bbe454e6a54f14d2c3bea9c81\$lut for cells of type $lut.
Using template $paramod$34e5ee8b75f429f3014a3e3eb7f26cccc364b78c\$lut for cells of type $lut.
Using template $paramod$c99549d1d8a2824a8a3f1e99cff1aa6b676c787d\$lut for cells of type $lut.
Using template $paramod$8461a38da2644081983cd5b082d7f6c55a8dc5b7\$lut for cells of type $lut.
Using template $paramod$7a304f4cc33557f2483dc5919be108a1249ae1f1\$lut for cells of type $lut.
Using template $paramod$ecc8f136f6aed415e047a0ef706f98ca5d1ce334\$lut for cells of type $lut.
Using template $paramod$a5dda99d0a0a09cb9d676e624f56a7450147ae67\$lut for cells of type $lut.
Using template $paramod$8e7a414eae899361538b7c4fadac93468b040787\$lut for cells of type $lut.
Using template $paramod$f9bc62515d0649679e0f625780ad77f99f052c38\$lut for cells of type $lut.
Using template $paramod$58389980c63f3235c8f8122d952d60e88e8ccdf8\$lut for cells of type $lut.
Using template $paramod$2a73dc1b3419ae9b3fac6ce363e7644480019743\$lut for cells of type $lut.
Using template $paramod$692927e279b3d5c42ee4aacb287247c0b34943ed\$lut for cells of type $lut.
Using template $paramod$95109a62fea23d1738324748c3fbb67f85edd1de\$lut for cells of type $lut.
Using template $paramod$744cac10c12e682d7197e09262f32bc778834cfd\$lut for cells of type $lut.
Using template $paramod$2b59d63cdf07249d5d57764ce62c98189ef623ab\$lut for cells of type $lut.
Using template $paramod$a1690b906c89e68cdd44813ad1b794ddb5900eb0\$lut for cells of type $lut.
Using template $paramod$d0b0ab0c4a5ebfc6f1ab3c3237346cdcf17e3324\$lut for cells of type $lut.
Using template $paramod$5b8689ab9f77b5a1f8395d870c026fa2b5a06956\$lut for cells of type $lut.
Using template $paramod$775cbdc99fe081798f528fc7dfd9dfbfac584c3c\$lut for cells of type $lut.
Using template $paramod$be86a70812498aba5ea0c75b96e1d87fef624c19\$lut for cells of type $lut.
Using template $paramod$63ac0094656784823229c0c2af189e690b4de0c3\$lut for cells of type $lut.
Using template $paramod$1dfda793b49cfdc87bb8b3d4943217063154eab0\$lut for cells of type $lut.
Using template $paramod$88bbf73d3bae4dce6ae37a3f9903995c7026b6eb\$lut for cells of type $lut.
Using template $paramod$e4e96a5dece796d779288739da28d0f9a19e7c8a\$lut for cells of type $lut.
Using template $paramod$39e569a7acc17bd3f1ac562a76280ec1a3f707fe\$lut for cells of type $lut.
Using template $paramod$b387ff130443ab91f639a15697c1e07e733ec5da\$lut for cells of type $lut.
Using template $paramod$2b8d838402c6d53fc1efd9a11d7f87405c0563d6\$lut for cells of type $lut.
Using template $paramod$5fed4b00678f55682dbc04adc7345b5783056f1d\$lut for cells of type $lut.
Using template $paramod$0d561a6ef489bb0a2156d881b55f7ea40d0279f5\$lut for cells of type $lut.
Using template $paramod$5ccfb39a9d580f2736d6e44fe146c5bbce9f7bc6\$lut for cells of type $lut.
Using template $paramod$bf0d0292861bdee659ef5cbc5e58b330ac5871f9\$lut for cells of type $lut.
Using template $paramod$f6b375c1e8c48d6e53355f4af767d44d39b9d6fe\$lut for cells of type $lut.
Using template $paramod$34d3bf8b63fd7690b0171d6f55f4bca4e7eb6e20\$lut for cells of type $lut.
Using template $paramod$25766ee3f7b4fe1d4aa9b88a912be9e08c449629\$lut for cells of type $lut.
Using template $paramod$5e5745f89a2ff6892ba9b3e752c1fa4083e0dc21\$lut for cells of type $lut.
Using template $paramod$9b13efa4add98b8c06dd89ee712ca0c7e0f674f2\$lut for cells of type $lut.
Using template $paramod$098e453e50b10bf7b592953290a466aa03e7525d\$lut for cells of type $lut.
Using template $paramod$7a113480bca08ccb26aad380dbd273afb230d844\$lut for cells of type $lut.
Using template $paramod$69358c53c0b3928f24ea1f0b45e6a158384bfd0f\$lut for cells of type $lut.
Using template $paramod$64f4ab10f9340ff6497ce0d5269d15334a3b2f8c\$lut for cells of type $lut.
Using template $paramod$55d1d528610fb14b9d8b298db46e86e81ebcc1af\$lut for cells of type $lut.
Using template $paramod$009f1c0916c35d26b4ffb3b7885b205e7a4d8224\$lut for cells of type $lut.
Using template $paramod$164d459cc3c6e381ecee329b3f4ca376d47632be\$lut for cells of type $lut.
Using template $paramod$4280e203920c92f95217d4c88035105768e8f931\$lut for cells of type $lut.
Using template $paramod$d367e05a0861acf121235994a4fff23da56c8723\$lut for cells of type $lut.
Using template $paramod$61bc98ece8c76bffd4acdf40e5f231340cba90fc\$lut for cells of type $lut.
Using template $paramod$8811229aadd46ffc29edb0062a843f12f9f4f188\$lut for cells of type $lut.
Using template $paramod$7e50c2ce74641c2f545599df35db0380f400e576\$lut for cells of type $lut.
Using template $paramod$676270bf2c19784508bef61565c79f5835104dbf\$lut for cells of type $lut.
Using template $paramod$afbd28bcc9380037c6964cdeca33858ee1c8a5e5\$lut for cells of type $lut.
Using template $paramod$9a76b00c69d24f49bd1ed16b2febb0bcdfbfc6f1\$lut for cells of type $lut.
Using template $paramod$1c7523595f08de895a37785e540ef3d43b8441eb\$lut for cells of type $lut.
Using template $paramod$9570afbe78c72c9709e9ff556f4f552dacdb0021\$lut for cells of type $lut.
Using template $paramod$6a9e6a7be18da3b2738a3c440c25aefc246735de\$lut for cells of type $lut.
Using template $paramod$9a8fa4a36acaf5c0e25008a9936596f0359a6e7a\$lut for cells of type $lut.
Using template $paramod$2847ed94a9d5f43e53c4cad2af9fc8ab79d70ade\$lut for cells of type $lut.
Using template $paramod$fe2ccc9771c7f3621af3392ea69c0322e13310d4\$lut for cells of type $lut.
Using template $paramod$c8af4a94cf13877c8a4f67f73d07da16090d386b\$lut for cells of type $lut.
Using template $paramod$fd6ae6e93958dc5bd894a5e9a2b2d301adf295a2\$lut for cells of type $lut.
Using template $paramod$f28caed9b2b7824a33ba339c0cd11c2672369f76\$lut for cells of type $lut.
Using template $paramod$28dcae9afdef03a27d7cda6bed49df2d949f0d04\$lut for cells of type $lut.
Using template $paramod$61cd4f6382e1769aa399e607c88398e075c4c5ca\$lut for cells of type $lut.
Using template $paramod$6ac63e260ac9358393ce55a25a74c7e990c673c3\$lut for cells of type $lut.
Using template $paramod$734cb5d7d83659ae4da13abb9e04fafa8dc19119\$lut for cells of type $lut.
Using template $paramod$4afa862c8ae32d55c22fbd7965bc67388695a7e8\$lut for cells of type $lut.
Using template $paramod$0104c4defb4bf5e31e9eb981f16a66080b58f8a5\$lut for cells of type $lut.
Using template $paramod$36b3a353b018cbd50944baba13e0d279ffea60bf\$lut for cells of type $lut.
Using template $paramod$ba23807ab8c91365804647e7e0a6e16bdba3489c\$lut for cells of type $lut.
Using template $paramod$632fb9f3be10b97e7dc19cd8de9cf9655e78c804\$lut for cells of type $lut.
Using template $paramod$6f5c19e81da32368174dc3eff0bdbfd4d7f76d47\$lut for cells of type $lut.
Using template $paramod$4c4e9aa5ad0cb3fe1da6b987c8e736400b017465\$lut for cells of type $lut.
Using template $paramod$65db20d7107383208ed3b1d0b6798f42a5e535ef\$lut for cells of type $lut.
Using template $paramod$468319a99d190d83cd56dd661e1a08700e68b9e2\$lut for cells of type $lut.
Using template $paramod$ecebb7aa209bad502377cc78b98ae2a0f8bf55fb\$lut for cells of type $lut.
Using template $paramod$3fa62b8e877dbefb76467c2bef8f540a4a289d20\$lut for cells of type $lut.
Using template $paramod$9e2ba764f06d6e0f4bf08468295d154d253d9009\$lut for cells of type $lut.
Using template $paramod$10f9ec10907e3614f4091bb6c69006195a5f5733\$lut for cells of type $lut.
Using template $paramod$8e0b70a2d6a6e5ee64e5f3aff6f6c17db1881dbe\$lut for cells of type $lut.
Using template $paramod$bc43a4d6aa03b04ea857d534be9577eddd04f679\$lut for cells of type $lut.
Using template $paramod$15e465e947aa87c07d3af9c64951debe4d4f6075\$lut for cells of type $lut.
Using template $paramod$1b410c7eaf7fccbeaf6744d8129e9f5d0328bc24\$lut for cells of type $lut.
Using template $paramod$0380e23dc9f03e4aa90e4278113119bdd882618a\$lut for cells of type $lut.
Using template $paramod$a6d34ea0b70e05b9c7f2ad8166d7fa736f562232\$lut for cells of type $lut.
Using template $paramod$078443e0e8b302a49ac79789e0fc02b41f07be4c\$lut for cells of type $lut.
Using template $paramod$56a95910675209e9ef42eff73c780c4d493ae003\$lut for cells of type $lut.
Using template $paramod$f29704451671aa28e0135c57b09427febfad9382\$lut for cells of type $lut.
Using template $paramod$4ee40df0b129fba4715e3285fae1681f65656976\$lut for cells of type $lut.
Using template $paramod$669c42e09c6b46bcd208cf58617d3c8ff529f6c0\$lut for cells of type $lut.
Using template $paramod$c924168af681da950152701d2542c04ee695c8f4\$lut for cells of type $lut.
Using template $paramod$b4b571d90c5d792bc2589355ad69d5fc3358da55\$lut for cells of type $lut.
Using template $paramod$04497dbe1e413a8b276631d980db8db8067e7014\$lut for cells of type $lut.
Using template $paramod$ff65b408a75c2828bc0208db3b5b58a23a943fbc\$lut for cells of type $lut.
Using template $paramod$7c11293ebd5935f65497117e9e4893ee9f357d95\$lut for cells of type $lut.
Using template $paramod$1ec178aabc4f3019b39e8d857d5232e3ed44ee69\$lut for cells of type $lut.
Using template $paramod$7f3617f4b24dd2e899782b88617aab9578e70e0f\$lut for cells of type $lut.
Using template $paramod$f3b92256e163e0c3a9b957431e41ad50241cbe0f\$lut for cells of type $lut.
Using template $paramod$345ee037a9ae99c84dd8ef4973c9200a32f228e3\$lut for cells of type $lut.
Using template $paramod$4cd2605eacf1a61411197bad06ef208db50ecd5f\$lut for cells of type $lut.
Using template $paramod$71eb5060aa782aca7476d77d1a669caf92462c92\$lut for cells of type $lut.
Using template $paramod$a95aeb58822b83840ad0d33221e28b316b409b83\$lut for cells of type $lut.
Using template $paramod$48185af91253ae2efe26bce9fd9094333ea67486\$lut for cells of type $lut.
Using template $paramod$c801ce482c875f91fc52e75da3847c8bac202f41\$lut for cells of type $lut.
Using template $paramod$059a18b83f440098c69d0c68999bb03d1f1b1ff8\$lut for cells of type $lut.
Using template $paramod$4560f63fbb429b79f2ef5708e9a211d36b26b284\$lut for cells of type $lut.
Using template $paramod$6d8ce4c833cb9ae1b58f3d7a50197a1c7ca88898\$lut for cells of type $lut.
Using template $paramod$a8f0e42b88f68c8cf786b3bc2a6eb5a7c1f88f0d\$lut for cells of type $lut.
Using template $paramod$fea2779a6ae24794d95013e9a9a897c12474221e\$lut for cells of type $lut.
Using template $paramod$84c3be83cdf6ca658f51e0062646fe29dd86fff1\$lut for cells of type $lut.
Using template $paramod$eaf2042ff0b9329e3b280d1af50d0c562b172bf7\$lut for cells of type $lut.
Using template $paramod$55959207310255ff21288036891e1f7eb7dac8e1\$lut for cells of type $lut.
Using template $paramod$efa6ca28365583c3f0c58be53ff2408dba77b1a1\$lut for cells of type $lut.
Using template $paramod$db932c25be9a4eddb9d013668b8b114eee5fa04d\$lut for cells of type $lut.
Using template $paramod$e81b381386a9f4e90441f5be67754aa920d6f797\$lut for cells of type $lut.
Using template $paramod$e128086fd4b72e40e5e7ae4dc575a7cbb5092ae1\$lut for cells of type $lut.
Using template $paramod$d373c467797e897cecc8bb43dc801d0b80690c00\$lut for cells of type $lut.
Using template $paramod$568a7f1ab5a65628d5d1d4b65057caf89240e89b\$lut for cells of type $lut.
Using template $paramod$36516e650c498b2f4e7aff77b9f54393f8eb521d\$lut for cells of type $lut.
Using template $paramod$82a48e5f5771a531ca9edba4cc6af5165f5035d5\$lut for cells of type $lut.
Using template $paramod$9c83190cb7e48bb3a6ae53b261370c80c7b95001\$lut for cells of type $lut.
Using template $paramod$139a9cc86ad71a77fdc6250e2ac689285ce8b868\$lut for cells of type $lut.
Using template $paramod$211025bf4cc2d5775d9a4e6f2ea1f343d7ea6f09\$lut for cells of type $lut.
Using template $paramod$ac5104b0f31e073ac445859404a5ecbcf6edcff5\$lut for cells of type $lut.
Using template $paramod$cc32a05866f608aca38637d6c7ba9e5d077e8484\$lut for cells of type $lut.
Using template $paramod$0b72ed9354606aa696f8aeb31940da5721b1eab7\$lut for cells of type $lut.
Using template $paramod$673efda7cf44a4b6d45e0ebc2f03e84a40f7777f\$lut for cells of type $lut.
Using template $paramod$f4822d11b2c05eeb350f8111c55e88bd019389e8\$lut for cells of type $lut.
Using template $paramod$2acc56796dae1e7bbd8d34441a24f749523f3d30\$lut for cells of type $lut.
Using template $paramod$01f259270bf50b82cd342c2217aa220d2ccaa309\$lut for cells of type $lut.
Using template $paramod$8dc8c0f2c2f9ea548764beacc4a7c1712e54e7fe\$lut for cells of type $lut.
Using template $paramod$5a3fd59c920288e618618a73b0894366e22db80b\$lut for cells of type $lut.
Using template $paramod$0220b9fae0c9b15f11b1645fcf461a398dd7bd4d\$lut for cells of type $lut.
Using template $paramod$fa3c6d02d8fa5d8df91447786d87a776d4e1960d\$lut for cells of type $lut.
Using template $paramod$3a32a7587b9f95b908af04fb9b75cd3eae00b58e\$lut for cells of type $lut.
Using template $paramod$3de4a17011000e4091e77a5bb101154f727a263a\$lut for cells of type $lut.
Using template $paramod$a613b9fef3cc9774cac6b23709fb15a5abfb223a\$lut for cells of type $lut.
Using template $paramod$ee9b0302c31514042de7d775ca01822f858faeaa\$lut for cells of type $lut.
Using template $paramod$ec6dacea775b5a205556948f2dc8f68460a9bece\$lut for cells of type $lut.
Using template $paramod$4c7117be1b18d4921d785124ae995ac5f87c868f\$lut for cells of type $lut.
Using template $paramod$a56511589b2451afe4c0764fd65ade727dc99d21\$lut for cells of type $lut.
Using template $paramod$6a06655847fd70e6bf0d39f41d65c8b896dea5ea\$lut for cells of type $lut.
Using template $paramod$1705833c7a2f5f5ab9a05563041d93961a1fb1c2\$lut for cells of type $lut.
Using template $paramod$1785d0ab73a1e768de601d1be765f7d90d0f96f5\$lut for cells of type $lut.
Using template $paramod$f3681af76a61a5b27cbf7d348fac70653361809d\$lut for cells of type $lut.
Using template $paramod$946536e20917f852dfd66332336f7d71b426c1d1\$lut for cells of type $lut.
Using template $paramod$d000ffb69f3b4c0f15a148a6d7b4bc72f6b24acd\$lut for cells of type $lut.
Using template $paramod$66a6dcc10725e4ac1083ccf27e0d8f49e2c645ce\$lut for cells of type $lut.
Using template $paramod$b6b06add2553133c71eecc85769112ec63e08243\$lut for cells of type $lut.
Using template $paramod$0648a9971338eb5e0ed691e2a77f7ac35ca33a48\$lut for cells of type $lut.
Using template $paramod$dadff75c617cf87bb5b8cfe47ca6c69fb6925370\$lut for cells of type $lut.
Using template $paramod$dd699927a568ce21deb69a94c2008634da4a5f64\$lut for cells of type $lut.
Using template $paramod$ea8f8e4484ad339541e849e74b2d1abbc395264a\$lut for cells of type $lut.
Using template $paramod$efce057eb9d6292bfd7e0cfe55b3e669d88084a4\$lut for cells of type $lut.
Using template $paramod$9aa2dd09e5e17f6df673d3808b87ac51cd989684\$lut for cells of type $lut.
Using template $paramod$8e969d643d4abf87a68c888f0cb76502374da2f7\$lut for cells of type $lut.
Using template $paramod$5999b3cc09d91ae2b55dd505c057e7843dce6988\$lut for cells of type $lut.
Using template $paramod$e76be7018a314ab7216f3f8e0af682dcdad74fa9\$lut for cells of type $lut.
Using template $paramod$8eff3bbb76a75fb2c45f2c48cdad9dda28b75cc8\$lut for cells of type $lut.
Using template $paramod$97fdfde44033290482a3a004f27ba664ebba2835\$lut for cells of type $lut.
Using template $paramod$ef8eaae9a26525d2b96ce6148e511b7a9ae09e99\$lut for cells of type $lut.
Using template $paramod$b122dbb3e4928d23534148702af38c93f57a517a\$lut for cells of type $lut.
Using template $paramod$fd65c87b47fa7104f76e608cb55f875fc77079a0\$lut for cells of type $lut.
Using template $paramod$d36d0077d5e101e4da6b65e6b8ead58c15635ca8\$lut for cells of type $lut.
Using template $paramod$ee6127e2719da5e7e31b5577f035872f5b9e96f7\$lut for cells of type $lut.
Using template $paramod$31f2dba42057e6a5f5e6292f946be16374aa96a0\$lut for cells of type $lut.
Using template $paramod$1cbf5fc99683c9f3add40cd951eeacbdd226a4da\$lut for cells of type $lut.
Using template $paramod$855f23e45a7beea2204f9e477a9aed1518323e04\$lut for cells of type $lut.
Using template $paramod$970fe01758151d82997886539ef19ef26309f38d\$lut for cells of type $lut.
Using template $paramod$648c094816f2038fa04ff153f3bb53eeff339770\$lut for cells of type $lut.
Using template $paramod$5f2c62bd5af44f9aeacd66648ea73bd2452fcd36\$lut for cells of type $lut.
Using template $paramod$1562a103afe51ea33e1eb3be21d78315d5cc74e9\$lut for cells of type $lut.
Using template $paramod$7bb05a1ab89b364e48e1d665a3a0fadc4d27b520\$lut for cells of type $lut.
Using template $paramod$cbf131e93fc038c1d560f85b438e70b2b143bb05\$lut for cells of type $lut.
Using template $paramod$b6c633b7259ac0a7dcbac7d30024a4f4e4cd6057\$lut for cells of type $lut.
Using template $paramod$0d8d648c593c1da06da813aa79052db1d98a8c15\$lut for cells of type $lut.
Using template $paramod$fc62383ba160bbf86302d6925ecf3ff1fff56e7d\$lut for cells of type $lut.
Using template $paramod$418a9fb4109dbf9f5c29d7ec333a183931c84ff5\$lut for cells of type $lut.
Using template $paramod$78578afbd11ed0b15ce7d533226b4c96137210b7\$lut for cells of type $lut.
Using template $paramod$76e0223bbddbb8330b1fa196ab19909e244229d2\$lut for cells of type $lut.
Using template $paramod$7a1d5f3207af322b73fb507287d1cb99ff23a214\$lut for cells of type $lut.
Using template $paramod$868f6b4a0f4a91685244e25d3f12a4f16e64348e\$lut for cells of type $lut.
Using template $paramod$69c9c7c880ec1af69bf3dffc3eb7373df66e5453\$lut for cells of type $lut.
Using template $paramod$5724cc9ce7082226ac6de0635e73e530f2a2630f\$lut for cells of type $lut.
Using template $paramod$475f45dfdb539d7207ead7754e555722de876081\$lut for cells of type $lut.
Using template $paramod$a158adc6037e76f481d0c6ff61082130fe2aa460\$lut for cells of type $lut.
Using template $paramod$b2a56c6cb4d16eec7b0bfc69c7d563a8bdeb3e2f\$lut for cells of type $lut.
Using template $paramod$5d09fa52c3cb9308de383e7d7258446f9fd55b40\$lut for cells of type $lut.
Using template $paramod$7fada8943c2195f85f2014a04604c99b0ae31f58\$lut for cells of type $lut.
Using template $paramod$0d7467b3b2bdddb04e407fd382856da924f32e50\$lut for cells of type $lut.
Using template $paramod$03efe8a46762602f4a1198ee91ef224010c247af\$lut for cells of type $lut.
Using template $paramod$f29a061996617703363c357fe912201007302834\$lut for cells of type $lut.
Using template $paramod$ffe7460ef0c21cd84448b703134863a2ac9b7eaa\$lut for cells of type $lut.
Using template $paramod$ffc88efcd0735b4c0d7032c438196ae94c4e7756\$lut for cells of type $lut.
Using template $paramod$c6529463e1f83a5679f24f38f745dd95e9b4635b\$lut for cells of type $lut.
Using template $paramod$d992f6943ad948563ab87b9b1c8fc9fe829ae4b4\$lut for cells of type $lut.
Using template $paramod$40614bc945b57aab95fbc31af093a3fc79ada1f6\$lut for cells of type $lut.
Using template $paramod$577d56b3f90b5b2a5b9d0314723009dcd12b91fb\$lut for cells of type $lut.
Using template $paramod$5ed1c354d6b30f4c97780c151c05b1db17e08b1b\$lut for cells of type $lut.
Using template $paramod$280ad0ee3c4ef32d7659c4604a18545b14dc930d\$lut for cells of type $lut.
Using template $paramod$a8cb9dc6eccb911035b7155b3fa8bdcdb987b386\$lut for cells of type $lut.
Using template $paramod$fc2b5519b242fc4878a114aaab3e1ba68f7448bc\$lut for cells of type $lut.
Using template $paramod$662aa0a39b9e25110115bde1c02f46570201d4f7\$lut for cells of type $lut.
Using template $paramod$77ad5b5a13077339c889d22d77e93cfd4da9d15f\$lut for cells of type $lut.
Using template $paramod$b651d051156de406e4aba6487a921ffe3d74ad4d\$lut for cells of type $lut.
Using template $paramod$223901ac4eb8167b3403004252d8f704a922cb21\$lut for cells of type $lut.
Using template $paramod$75348e2a2d30fcf2e94569f0d230039a39fc456c\$lut for cells of type $lut.
Using template $paramod$1761d3cf8dbaa6c661ccdaa7d33256a693327c1a\$lut for cells of type $lut.
Using template $paramod$5b3fd1b3503dc3e89121f144df05205672ac19ff\$lut for cells of type $lut.
Using template $paramod$581965df525b2e4f23c74ae11981cd488fb94433\$lut for cells of type $lut.
Using template $paramod$d1374dd64afd8f03c51bc71ea5f77235e72d5eab\$lut for cells of type $lut.
Using template $paramod$3bad913053bf5783519660ee393f4867e958c1d3\$lut for cells of type $lut.
Using template $paramod$ecf3a2ae95ca52f21141706477298609dfe5b5d5\$lut for cells of type $lut.
Using template $paramod$f12f5c320f33b032a5d8e9643b181e1c187aab62\$lut for cells of type $lut.
Using template $paramod$1daca49f7c9b9f668cbb07ceca73278bb9c2aea3\$lut for cells of type $lut.
Using template $paramod$ad4713b363bceddf24d3cbfecb8eff691677860d\$lut for cells of type $lut.
Using template $paramod$7ce896de1a1ad90a4b6f9e3da5aa2f01f204a0bd\$lut for cells of type $lut.
Using template $paramod$235ac5b240c334dc34a49d771618866987c926a2\$lut for cells of type $lut.
Using template $paramod$80a8f8bed3feacf24507f6b52e891ff6a4861f93\$lut for cells of type $lut.
Using template $paramod$2184d1afde43772bef968603461f38ea4b6055d1\$lut for cells of type $lut.
Using template $paramod$1698bb7350a5ea3a06024e84bfe74a9a89c07fad\$lut for cells of type $lut.
Using template $paramod$fea7da747dcd8fd3ed513784f5e06fafe88ff983\$lut for cells of type $lut.
Using template $paramod$52920ab506c8d20217ecd66365def672cb5c1f66\$lut for cells of type $lut.
Using template $paramod$b4c1d615aeb67fd9b6f079f1285642d90fddd129\$lut for cells of type $lut.
Using template $paramod$d76e5d9b7309edd6bc6de5c1b8f2b6ed217f0bd9\$lut for cells of type $lut.
Using template $paramod$06cf1d45f2e8f1ebb6e78877bda2aa682d8f5fbf\$lut for cells of type $lut.
Using template $paramod$8c7a268118a7846045ac97e62c8f22701705dcff\$lut for cells of type $lut.
Using template $paramod$1d9538985e93ee000f67f4da61552ba23ece2de5\$lut for cells of type $lut.
Using template $paramod$f473517489b6f453fcdf63d23f462be91c84ed66\$lut for cells of type $lut.
Using template $paramod$afc502978e56aa00d387f0a39442a27fe4cdb4ab\$lut for cells of type $lut.
Using template $paramod$0b7d81ff28efc2f21972b5968fb42f63121403ef\$lut for cells of type $lut.
Using template $paramod$d4522cc822c5d8b42340b299c0dfc1e1b3440529\$lut for cells of type $lut.
Using template $paramod$e93d1ce1c944523b3c3f8decae42081df3962b6b\$lut for cells of type $lut.
Using template $paramod$f150582a8d0d8991f00dc8a6c9e06381d21b91e8\$lut for cells of type $lut.
Using template $paramod$e329923f3522c0fdb44fd8f978baeb64867aeb25\$lut for cells of type $lut.
Using template $paramod$8cea2e51d6074badc912821df03edfd397a5d046\$lut for cells of type $lut.
Using template $paramod$5e2d2dad7c8c165a01a7980c10638374f312d54c\$lut for cells of type $lut.
Using template $paramod$9fb99bff8faedb711b97f0d29f94dc9105fa57cd\$lut for cells of type $lut.
Using template $paramod$93fad86b93630519b724b38379e05ca19e0bd207\$lut for cells of type $lut.
Using template $paramod$58d806574f32fa08aa8bdb1774a536a883d3bd28\$lut for cells of type $lut.
Using template $paramod$2687393074da03194ec9b0e43ec37a6119033db3\$lut for cells of type $lut.
Using template $paramod$59e0bf5ae22091a4c1be74fa2982612c311b001e\$lut for cells of type $lut.
Using template $paramod$4fecd6f048c13201e253aa7a8c8071b66ae8f69c\$lut for cells of type $lut.
Using template $paramod$8a3afd2a82a83d989eb2b0e0b55f1ad49282592a\$lut for cells of type $lut.
Using template $paramod$05fef23f4606ccda169a900a898e8fa601536d07\$lut for cells of type $lut.
Using template $paramod$738daacac7a6d80a89b2d97109b90db9b2708a27\$lut for cells of type $lut.
Using template $paramod$2fb1191923d3a172c2fe2bb545e11752e39685d9\$lut for cells of type $lut.
No more expansions possible.
<suppressed ~6082 debug messages>

16.23. Executing OPT_LUT_INS pass (discard unused LUT inputs).
Optimizing LUTs in system_top.
  Optimizing lut $abc$5386$auto$blifparse.cc:525:parse_blif$5457.genblk1.genblk1.genblk1.genblk1.genblk1.genblk1.genblk1.genblk1.lut1.genblk1.genblk1.genblk1.genblk1.genblk1.genblk1.genblk1.lut1.genblk1.genblk1.genblk1.genblk1.genblk1.genblk1.lut0.genblk1.genblk1.genblk1.genblk1.genblk1.lut1 (4 -> 0)
  Optimizing lut $abc$5386$auto$blifparse.cc:525:parse_blif$5401.genblk1.genblk1.genblk1.genblk1.genblk1.genblk1.genblk1.genblk1.lut1.genblk1.genblk1.genblk1.genblk1.genblk1.genblk1.genblk1.lut0.genblk1.genblk1.genblk1.genblk1.genblk1.genblk1.lut1.genblk1.genblk1.genblk1.genblk1.genblk1.lut1 (4 -> 0)
  Optimizing lut $abc$5386$auto$blifparse.cc:525:parse_blif$5540.genblk1.genblk1.genblk1.genblk1.genblk1.genblk1.genblk1.genblk1.lut0.genblk1.genblk1.genblk1.genblk1.genblk1.genblk1.genblk1.lut1.genblk1.genblk1.genblk1.genblk1.genblk1.genblk1.lut1.genblk1.genblk1.genblk1.genblk1.genblk1.lut0 (4 -> 0)
  Optimizing lut $abc$5386$auto$blifparse.cc:525:parse_blif$5447.genblk1.genblk1.genblk1.genblk1.genblk1.genblk1.genblk1.genblk1.lut0.genblk1.genblk1.genblk1.genblk1.genblk1.genblk1.genblk1.lut1.genblk1.genblk1.genblk1.genblk1.genblk1.genblk1.lut1.genblk1.genblk1.genblk1.genblk1.genblk1.lut1 (4 -> 0)
  Optimizing lut $abc$5386$auto$blifparse.cc:525:parse_blif$5453.genblk1.genblk1.genblk1.genblk1.genblk1.genblk1.genblk1.genblk1.lut0.genblk1.genblk1.genblk1.genblk1.genblk1.genblk1.genblk1.lut1.genblk1.genblk1.genblk1.genblk1.genblk1.genblk1.lut1.genblk1.genblk1.genblk1.genblk1.genblk1.lut1 (4 -> 1)
  Optimizing lut $abc$5386$auto$blifparse.cc:525:parse_blif$5468.genblk1.genblk1.genblk1.genblk1.genblk1.genblk1.genblk1.genblk1.lut0.genblk1.genblk1.genblk1.genblk1.genblk1.genblk1.genblk1.lut0.genblk1.genblk1.genblk1.genblk1.genblk1.genblk1.lut0.genblk1.genblk1.genblk1.genblk1.genblk1.lut1 (4 -> 2)
  Optimizing lut $abc$5386$auto$blifparse.cc:525:parse_blif$5450.genblk1.genblk1.genblk1.genblk1.genblk1.genblk1.genblk1.genblk1.lut0.genblk1.genblk1.genblk1.genblk1.genblk1.genblk1.genblk1.lut0.genblk1.genblk1.genblk1.genblk1.genblk1.genblk1.lut0.genblk1.genblk1.genblk1.genblk1.genblk1.lut1 (4 -> 1)
  Optimizing lut $abc$5386$auto$blifparse.cc:525:parse_blif$5575.genblk1.genblk1.genblk1.genblk1.genblk1.genblk1.genblk1.genblk1.lut0.genblk1.genblk1.genblk1.genblk1.genblk1.genblk1.genblk1.lut0.genblk1.genblk1.genblk1.genblk1.genblk1.genblk1.lut0.genblk1.genblk1.genblk1.genblk1.genblk1.lut0 (4 -> 0)
  Optimizing lut $abc$5386$auto$blifparse.cc:525:parse_blif$5463.genblk1.genblk1.genblk1.genblk1.genblk1.genblk1.genblk1.genblk1.lut1.genblk1.genblk1.genblk1.genblk1.genblk1.genblk1.genblk1.lut0.genblk1.genblk1.genblk1.genblk1.genblk1.genblk1.lut1.genblk1.genblk1.genblk1.genblk1.genblk1.lut0 (4 -> 1)
  Optimizing lut $abc$5386$auto$blifparse.cc:525:parse_blif$5540.genblk1.genblk1.genblk1.genblk1.genblk1.genblk1.genblk1.genblk1.lut0.genblk1.genblk1.genblk1.genblk1.genblk1.genblk1.genblk1.lut1.genblk1.genblk1.genblk1.genblk1.genblk1.genblk1.lut0.genblk1.genblk1.genblk1.genblk1.genblk1.lut0 (4 -> 0)
  Optimizing lut $abc$5386$auto$blifparse.cc:525:parse_blif$5450.genblk1.genblk1.genblk1.genblk1.genblk1.genblk1.genblk1.genblk1.lut0.genblk1.genblk1.genblk1.genblk1.genblk1.genblk1.genblk1.lut0.genblk1.genblk1.genblk1.genblk1.genblk1.genblk1.lut1.genblk1.genblk1.genblk1.genblk1.genblk1.lut0 (4 -> 1)
  Optimizing lut $abc$5386$auto$blifparse.cc:525:parse_blif$5461.genblk1.genblk1.genblk1.genblk1.genblk1.genblk1.genblk1.genblk1.lut1.genblk1.genblk1.genblk1.genblk1.genblk1.genblk1.genblk1.lut0.genblk1.genblk1.genblk1.genblk1.genblk1.genblk1.lut1.genblk1.genblk1.genblk1.genblk1.genblk1.lut1 (4 -> 0)
  Optimizing lut $abc$5386$auto$blifparse.cc:525:parse_blif$5393.genblk1.genblk1.genblk1.genblk1.genblk1.genblk1.genblk1.genblk1.lut0.genblk1.genblk1.genblk1.genblk1.genblk1.genblk1.genblk1.lut0.genblk1.genblk1.genblk1.genblk1.genblk1.genblk1.lut1.genblk1.genblk1.genblk1.genblk1.genblk1.lut0 (4 -> 1)
  Optimizing lut $abc$5386$auto$blifparse.cc:525:parse_blif$5393.genblk1.genblk1.genblk1.genblk1.genblk1.genblk1.genblk1.genblk1.lut0.genblk1.genblk1.genblk1.genblk1.genblk1.genblk1.genblk1.lut0.genblk1.genblk1.genblk1.genblk1.genblk1.genblk1.lut0.genblk1.genblk1.genblk1.genblk1.genblk1.lut0 (4 -> 2)
  Optimizing lut $abc$5386$auto$blifparse.cc:525:parse_blif$5393.genblk1.genblk1.genblk1.genblk1.genblk1.genblk1.genblk1.genblk1.lut0.genblk1.genblk1.genblk1.genblk1.genblk1.genblk1.genblk1.lut1.genblk1.genblk1.genblk1.genblk1.genblk1.genblk1.lut1.genblk1.genblk1.genblk1.genblk1.genblk1.lut0 (4 -> 1)
  Optimizing lut $abc$5386$auto$blifparse.cc:525:parse_blif$5466.genblk1.genblk1.genblk1.genblk1.genblk1.genblk1.genblk1.genblk1.lut0.genblk1.genblk1.genblk1.genblk1.genblk1.genblk1.genblk1.lut1.genblk1.genblk1.genblk1.genblk1.genblk1.genblk1.lut1.genblk1.genblk1.genblk1.genblk1.genblk1.lut1 (4 -> 0)
  Optimizing lut $abc$5386$auto$blifparse.cc:525:parse_blif$5441.genblk1.genblk1.genblk1.genblk1.genblk1.genblk1.genblk1.genblk1.lut1.genblk1.genblk1.genblk1.genblk1.genblk1.genblk1.genblk1.lut0.genblk1.genblk1.genblk1.genblk1.genblk1.genblk1.lut1.genblk1.genblk1.genblk1.genblk1.genblk1.lut0 (4 -> 0)
  Optimizing lut $abc$5386$auto$blifparse.cc:525:parse_blif$5450.genblk1.genblk1.genblk1.genblk1.genblk1.genblk1.genblk1.genblk1.lut1.genblk1.genblk1.genblk1.genblk1.genblk1.genblk1.genblk1.lut1.genblk1.genblk1.genblk1.genblk1.genblk1.genblk1.lut0.genblk1.genblk1.genblk1.genblk1.genblk1.lut1 (4 -> 0)
  Optimizing lut $abc$5386$auto$blifparse.cc:525:parse_blif$5539.genblk1.genblk1.genblk1.genblk1.genblk1.genblk1.genblk1.genblk1.lut0.genblk1.genblk1.genblk1.genblk1.genblk1.genblk1.genblk1.lut0.genblk1.genblk1.genblk1.genblk1.genblk1.genblk1.lut1.genblk1.genblk1.genblk1.genblk1.genblk1.lut0 (4 -> 0)
  Optimizing lut $abc$5386$auto$blifparse.cc:525:parse_blif$5557.genblk1.genblk1.genblk1.genblk1.genblk1.genblk1.genblk1.lut1.genblk1.genblk1.genblk1.genblk1.genblk1.genblk1.lut1.genblk1.genblk1.genblk1.genblk1.genblk1.lut0 (4 -> 3)
  Optimizing lut $abc$5386$auto$blifparse.cc:525:parse_blif$5401.genblk1.genblk1.genblk1.genblk1.genblk1.genblk1.genblk1.genblk1.lut1.genblk1.genblk1.genblk1.genblk1.genblk1.genblk1.genblk1.lut1.genblk1.genblk1.genblk1.genblk1.genblk1.genblk1.lut1.genblk1.genblk1.genblk1.genblk1.genblk1.lut0 (4 -> 0)
  Optimizing lut $abc$5386$auto$blifparse.cc:525:parse_blif$5450.genblk1.genblk1.genblk1.genblk1.genblk1.genblk1.genblk1.genblk1.lut1.genblk1.genblk1.genblk1.genblk1.genblk1.genblk1.genblk1.lut1.genblk1.genblk1.genblk1.genblk1.genblk1.genblk1.lut1.genblk1.genblk1.genblk1.genblk1.genblk1.lut1 (4 -> 0)
  Optimizing lut $abc$5386$auto$blifparse.cc:525:parse_blif$5393.genblk1.genblk1.genblk1.genblk1.genblk1.genblk1.genblk1.genblk1.lut1.genblk1.genblk1.genblk1.genblk1.genblk1.genblk1.genblk1.lut0.genblk1.genblk1.genblk1.genblk1.genblk1.genblk1.lut1.genblk1.genblk1.genblk1.genblk1.genblk1.lut0 (4 -> 0)
  Optimizing lut $abc$5386$auto$blifparse.cc:525:parse_blif$5551.genblk1.genblk1.genblk1.genblk1.genblk1.genblk1.genblk1.lut0.genblk1.genblk1.genblk1.genblk1.genblk1.genblk1.lut0.genblk1.genblk1.genblk1.genblk1.genblk1.lut0 (4 -> 0)
  Optimizing lut $abc$5386$auto$blifparse.cc:525:parse_blif$5470.genblk1.genblk1.genblk1.genblk1.genblk1.genblk1.genblk1.genblk1.lut0.genblk1.genblk1.genblk1.genblk1.genblk1.genblk1.genblk1.lut1.genblk1.genblk1.genblk1.genblk1.genblk1.genblk1.lut1.genblk1.genblk1.genblk1.genblk1.genblk1.lut0 (4 -> 0)
  Optimizing lut $abc$5386$auto$blifparse.cc:525:parse_blif$5580.genblk1.genblk1.genblk1.genblk1.genblk1.genblk1.genblk1.lut1.genblk1.genblk1.genblk1.genblk1.genblk1.genblk1.lut0.genblk1.genblk1.genblk1.genblk1.genblk1.lut0 (4 -> 0)
  Optimizing lut $abc$5386$auto$blifparse.cc:525:parse_blif$5445.genblk1.genblk1.genblk1.genblk1.genblk1.genblk1.genblk1.genblk1.lut1.genblk1.genblk1.genblk1.genblk1.genblk1.genblk1.genblk1.lut0.genblk1.genblk1.genblk1.genblk1.genblk1.genblk1.lut0.genblk1.genblk1.genblk1.genblk1.genblk1.lut1 (4 -> 0)
  Optimizing lut $abc$5386$auto$blifparse.cc:525:parse_blif$5403.genblk1.genblk1.genblk1.genblk1.genblk1.genblk1.genblk1.genblk1.lut0.genblk1.genblk1.genblk1.genblk1.genblk1.genblk1.genblk1.lut1.genblk1.genblk1.genblk1.genblk1.genblk1.genblk1.lut1.genblk1.genblk1.genblk1.genblk1.genblk1.lut0 (4 -> 0)
  Optimizing lut $abc$5386$auto$blifparse.cc:525:parse_blif$5461.genblk1.genblk1.genblk1.genblk1.genblk1.genblk1.genblk1.genblk1.lut0.genblk1.genblk1.genblk1.genblk1.genblk1.genblk1.genblk1.lut1.genblk1.genblk1.genblk1.genblk1.genblk1.genblk1.lut0.genblk1.genblk1.genblk1.genblk1.genblk1.lut1 (4 -> 1)
  Optimizing lut $abc$5386$auto$blifparse.cc:525:parse_blif$5461.genblk1.genblk1.genblk1.genblk1.genblk1.genblk1.genblk1.genblk1.lut0.genblk1.genblk1.genblk1.genblk1.genblk1.genblk1.genblk1.lut1.genblk1.genblk1.genblk1.genblk1.genblk1.genblk1.lut1.genblk1.genblk1.genblk1.genblk1.genblk1.lut0 (4 -> 1)
  Optimizing lut $abc$5386$auto$blifparse.cc:525:parse_blif$5468.genblk1.genblk1.genblk1.genblk1.genblk1.genblk1.genblk1.genblk1.lut1.genblk1.genblk1.genblk1.genblk1.genblk1.genblk1.genblk1.lut1.genblk1.genblk1.genblk1.genblk1.genblk1.genblk1.lut1.genblk1.genblk1.genblk1.genblk1.genblk1.lut0 (4 -> 0)
  Optimizing lut $abc$5386$auto$blifparse.cc:525:parse_blif$5580.genblk1.genblk1.genblk1.genblk1.genblk1.genblk1.genblk1.lut0.genblk1.genblk1.genblk1.genblk1.genblk1.genblk1.lut1.genblk1.genblk1.genblk1.genblk1.genblk1.lut1 (4 -> 0)
  Optimizing lut $abc$5386$auto$blifparse.cc:525:parse_blif$5559.genblk1.genblk1.genblk1.genblk1.genblk1.genblk1.genblk1.lut1.genblk1.genblk1.genblk1.genblk1.genblk1.genblk1.lut1.genblk1.genblk1.genblk1.genblk1.genblk1.lut0 (4 -> 0)
  Optimizing lut $abc$5386$auto$blifparse.cc:525:parse_blif$5470.genblk1.genblk1.genblk1.genblk1.genblk1.genblk1.genblk1.genblk1.lut0.genblk1.genblk1.genblk1.genblk1.genblk1.genblk1.genblk1.lut0.genblk1.genblk1.genblk1.genblk1.genblk1.genblk1.lut1.genblk1.genblk1.genblk1.genblk1.genblk1.lut1 (4 -> 2)
  Optimizing lut $abc$5386$auto$blifparse.cc:525:parse_blif$5401.genblk1.genblk1.genblk1.genblk1.genblk1.genblk1.genblk1.genblk1.lut0.genblk1.genblk1.genblk1.genblk1.genblk1.genblk1.genblk1.lut1.genblk1.genblk1.genblk1.genblk1.genblk1.genblk1.lut0.genblk1.genblk1.genblk1.genblk1.genblk1.lut1 (4 -> 1)
  Optimizing lut $abc$5386$auto$blifparse.cc:525:parse_blif$5457.genblk1.genblk1.genblk1.genblk1.genblk1.genblk1.genblk1.genblk1.lut0.genblk1.genblk1.genblk1.genblk1.genblk1.genblk1.genblk1.lut1.genblk1.genblk1.genblk1.genblk1.genblk1.genblk1.lut0.genblk1.genblk1.genblk1.genblk1.genblk1.lut0 (4 -> 1)
  Optimizing lut $abc$5386$auto$blifparse.cc:525:parse_blif$5401.genblk1.genblk1.genblk1.genblk1.genblk1.genblk1.genblk1.genblk1.lut0.genblk1.genblk1.genblk1.genblk1.genblk1.genblk1.genblk1.lut1.genblk1.genblk1.genblk1.genblk1.genblk1.genblk1.lut1.genblk1.genblk1.genblk1.genblk1.genblk1.lut0 (4 -> 1)
  Optimizing lut $abc$5386$auto$blifparse.cc:525:parse_blif$5403.genblk1.genblk1.genblk1.genblk1.genblk1.genblk1.genblk1.genblk1.lut1.genblk1.genblk1.genblk1.genblk1.genblk1.genblk1.genblk1.lut0.genblk1.genblk1.genblk1.genblk1.genblk1.genblk1.lut1.genblk1.genblk1.genblk1.genblk1.genblk1.lut1 (4 -> 1)
  Optimizing lut $abc$5386$auto$blifparse.cc:525:parse_blif$5568.genblk1.genblk1.genblk1.genblk1.genblk1.genblk1.genblk1.genblk1.lut1.genblk1.genblk1.genblk1.genblk1.genblk1.genblk1.genblk1.lut1.genblk1.genblk1.genblk1.genblk1.genblk1.genblk1.lut1.genblk1.genblk1.genblk1.genblk1.genblk1.lut1 (4 -> 0)
  Optimizing lut $abc$5386$auto$blifparse.cc:525:parse_blif$5399.genblk1.genblk1.genblk1.genblk1.genblk1.genblk1.genblk1.genblk1.lut1.genblk1.genblk1.genblk1.genblk1.genblk1.genblk1.genblk1.lut0.genblk1.genblk1.genblk1.genblk1.genblk1.genblk1.lut0.genblk1.genblk1.genblk1.genblk1.genblk1.lut1 (4 -> 1)
  Optimizing lut $abc$5386$auto$blifparse.cc:525:parse_blif$5564.genblk1.genblk1.genblk1.genblk1.genblk1.genblk1.genblk1.genblk1.lut0.genblk1.genblk1.genblk1.genblk1.genblk1.genblk1.genblk1.lut1.genblk1.genblk1.genblk1.genblk1.genblk1.genblk1.lut1.genblk1.genblk1.genblk1.genblk1.genblk1.lut0 (4 -> 2)
  Optimizing lut $abc$5386$auto$blifparse.cc:525:parse_blif$5547.genblk1.genblk1.genblk1.genblk1.genblk1.genblk1.genblk1.genblk1.lut1.genblk1.genblk1.genblk1.genblk1.genblk1.genblk1.genblk1.lut0.genblk1.genblk1.genblk1.genblk1.genblk1.genblk1.lut0.genblk1.genblk1.genblk1.genblk1.genblk1.lut1 (4 -> 2)
  Optimizing lut $abc$5386$auto$blifparse.cc:525:parse_blif$5559.genblk1.genblk1.genblk1.genblk1.genblk1.genblk1.genblk1.lut1.genblk1.genblk1.genblk1.genblk1.genblk1.genblk1.lut1.genblk1.genblk1.genblk1.genblk1.genblk1.lut1 (4 -> 0)
  Optimizing lut $abc$5386$auto$blifparse.cc:525:parse_blif$5459.genblk1.genblk1.genblk1.genblk1.genblk1.genblk1.genblk1.genblk1.lut0.genblk1.genblk1.genblk1.genblk1.genblk1.genblk1.genblk1.lut0.genblk1.genblk1.genblk1.genblk1.genblk1.genblk1.lut0.genblk1.genblk1.genblk1.genblk1.genblk1.lut1 (4 -> 1)
  Optimizing lut $abc$5386$auto$blifparse.cc:525:parse_blif$5453.genblk1.genblk1.genblk1.genblk1.genblk1.genblk1.genblk1.genblk1.lut1.genblk1.genblk1.genblk1.genblk1.genblk1.genblk1.genblk1.lut0.genblk1.genblk1.genblk1.genblk1.genblk1.genblk1.lut1.genblk1.genblk1.genblk1.genblk1.genblk1.lut0 (4 -> 0)
  Optimizing lut $abc$5386$auto$blifparse.cc:525:parse_blif$5453.genblk1.genblk1.genblk1.genblk1.genblk1.genblk1.genblk1.genblk1.lut1.genblk1.genblk1.genblk1.genblk1.genblk1.genblk1.genblk1.lut0.genblk1.genblk1.genblk1.genblk1.genblk1.genblk1.lut1.genblk1.genblk1.genblk1.genblk1.genblk1.lut1 (4 -> 0)
  Optimizing lut $abc$5386$auto$blifparse.cc:525:parse_blif$5459.genblk1.genblk1.genblk1.genblk1.genblk1.genblk1.genblk1.genblk1.lut0.genblk1.genblk1.genblk1.genblk1.genblk1.genblk1.genblk1.lut0.genblk1.genblk1.genblk1.genblk1.genblk1.genblk1.lut1.genblk1.genblk1.genblk1.genblk1.genblk1.lut0 (4 -> 1)
  Optimizing lut $abc$5386$auto$blifparse.cc:525:parse_blif$5459.genblk1.genblk1.genblk1.genblk1.genblk1.genblk1.genblk1.genblk1.lut1.genblk1.genblk1.genblk1.genblk1.genblk1.genblk1.genblk1.lut0.genblk1.genblk1.genblk1.genblk1.genblk1.genblk1.lut0.genblk1.genblk1.genblk1.genblk1.genblk1.lut1 (4 -> 1)
  Optimizing lut $abc$5386$auto$blifparse.cc:525:parse_blif$5470.genblk1.genblk1.genblk1.genblk1.genblk1.genblk1.genblk1.genblk1.lut1.genblk1.genblk1.genblk1.genblk1.genblk1.genblk1.genblk1.lut1.genblk1.genblk1.genblk1.genblk1.genblk1.genblk1.lut0.genblk1.genblk1.genblk1.genblk1.genblk1.lut1 (4 -> 0)
  Optimizing lut $abc$5386$auto$blifparse.cc:525:parse_blif$5470.genblk1.genblk1.genblk1.genblk1.genblk1.genblk1.genblk1.genblk1.lut1.genblk1.genblk1.genblk1.genblk1.genblk1.genblk1.genblk1.lut0.genblk1.genblk1.genblk1.genblk1.genblk1.genblk1.lut1.genblk1.genblk1.genblk1.genblk1.genblk1.lut1 (4 -> 0)
  Optimizing lut $abc$5386$auto$blifparse.cc:525:parse_blif$5463.genblk1.genblk1.genblk1.genblk1.genblk1.genblk1.genblk1.genblk1.lut0.genblk1.genblk1.genblk1.genblk1.genblk1.genblk1.genblk1.lut0.genblk1.genblk1.genblk1.genblk1.genblk1.genblk1.lut0.genblk1.genblk1.genblk1.genblk1.genblk1.lut1 (4 -> 1)
  Optimizing lut $abc$5386$auto$blifparse.cc:525:parse_blif$5539.genblk1.genblk1.genblk1.genblk1.genblk1.genblk1.genblk1.genblk1.lut1.genblk1.genblk1.genblk1.genblk1.genblk1.genblk1.genblk1.lut0.genblk1.genblk1.genblk1.genblk1.genblk1.genblk1.lut0.genblk1.genblk1.genblk1.genblk1.genblk1.lut1 (4 -> 2)
  Optimizing lut $abc$5386$auto$blifparse.cc:525:parse_blif$5539.genblk1.genblk1.genblk1.genblk1.genblk1.genblk1.genblk1.genblk1.lut1.genblk1.genblk1.genblk1.genblk1.genblk1.genblk1.genblk1.lut0.genblk1.genblk1.genblk1.genblk1.genblk1.genblk1.lut1.genblk1.genblk1.genblk1.genblk1.genblk1.lut0 (4 -> 2)
  Optimizing lut $abc$5386$auto$blifparse.cc:525:parse_blif$5540.genblk1.genblk1.genblk1.genblk1.genblk1.genblk1.genblk1.genblk1.lut0.genblk1.genblk1.genblk1.genblk1.genblk1.genblk1.genblk1.lut0.genblk1.genblk1.genblk1.genblk1.genblk1.genblk1.lut1.genblk1.genblk1.genblk1.genblk1.genblk1.lut0 (4 -> 0)
  Optimizing lut $abc$5386$auto$blifparse.cc:525:parse_blif$5443.genblk1.genblk1.genblk1.genblk1.genblk1.genblk1.genblk1.genblk1.lut0.genblk1.genblk1.genblk1.genblk1.genblk1.genblk1.genblk1.lut1.genblk1.genblk1.genblk1.genblk1.genblk1.genblk1.lut0.genblk1.genblk1.genblk1.genblk1.genblk1.lut1 (4 -> 0)
  Optimizing lut $abc$5386$auto$blifparse.cc:525:parse_blif$5441.genblk1.genblk1.genblk1.genblk1.genblk1.genblk1.genblk1.genblk1.lut1.genblk1.genblk1.genblk1.genblk1.genblk1.genblk1.genblk1.lut1.genblk1.genblk1.genblk1.genblk1.genblk1.genblk1.lut0.genblk1.genblk1.genblk1.genblk1.genblk1.lut1 (4 -> 0)
  Optimizing lut $abc$5386$auto$blifparse.cc:525:parse_blif$5455.genblk1.genblk1.genblk1.genblk1.genblk1.genblk1.genblk1.genblk1.lut1.genblk1.genblk1.genblk1.genblk1.genblk1.genblk1.genblk1.lut0.genblk1.genblk1.genblk1.genblk1.genblk1.genblk1.lut0.genblk1.genblk1.genblk1.genblk1.genblk1.lut0 (4 -> 0)
  Optimizing lut $abc$5386$auto$blifparse.cc:525:parse_blif$5539.genblk1.genblk1.genblk1.genblk1.genblk1.genblk1.genblk1.genblk1.lut0.genblk1.genblk1.genblk1.genblk1.genblk1.genblk1.genblk1.lut0.genblk1.genblk1.genblk1.genblk1.genblk1.genblk1.lut0.genblk1.genblk1.genblk1.genblk1.genblk1.lut1 (4 -> 0)
  Optimizing lut $abc$5386$auto$blifparse.cc:525:parse_blif$5466.genblk1.genblk1.genblk1.genblk1.genblk1.genblk1.genblk1.genblk1.lut0.genblk1.genblk1.genblk1.genblk1.genblk1.genblk1.genblk1.lut1.genblk1.genblk1.genblk1.genblk1.genblk1.genblk1.lut0.genblk1.genblk1.genblk1.genblk1.genblk1.lut0 (4 -> 0)
  Optimizing lut $abc$5386$auto$blifparse.cc:525:parse_blif$5552.genblk1.genblk1.genblk1.genblk1.genblk1.genblk1.genblk1.lut1.genblk1.genblk1.genblk1.genblk1.genblk1.genblk1.lut1.genblk1.genblk1.genblk1.genblk1.genblk1.lut0 (4 -> 0)
  Optimizing lut $abc$5386$auto$blifparse.cc:525:parse_blif$5461.genblk1.genblk1.genblk1.genblk1.genblk1.genblk1.genblk1.genblk1.lut1.genblk1.genblk1.genblk1.genblk1.genblk1.genblk1.genblk1.lut1.genblk1.genblk1.genblk1.genblk1.genblk1.genblk1.lut1.genblk1.genblk1.genblk1.genblk1.genblk1.lut0 (4 -> 0)
  Optimizing lut $abc$5386$auto$blifparse.cc:525:parse_blif$5459.genblk1.genblk1.genblk1.genblk1.genblk1.genblk1.genblk1.genblk1.lut0.genblk1.genblk1.genblk1.genblk1.genblk1.genblk1.genblk1.lut1.genblk1.genblk1.genblk1.genblk1.genblk1.genblk1.lut1.genblk1.genblk1.genblk1.genblk1.genblk1.lut0 (4 -> 0)
  Optimizing lut $abc$5386$auto$blifparse.cc:525:parse_blif$5466.genblk1.genblk1.genblk1.genblk1.genblk1.genblk1.genblk1.genblk1.lut0.genblk1.genblk1.genblk1.genblk1.genblk1.genblk1.genblk1.lut1.genblk1.genblk1.genblk1.genblk1.genblk1.genblk1.lut1.genblk1.genblk1.genblk1.genblk1.genblk1.lut0 (4 -> 0)
  Optimizing lut $abc$5386$auto$blifparse.cc:525:parse_blif$5581.genblk1.genblk1.genblk1.genblk1.genblk1.genblk1.genblk1.lut0.genblk1.genblk1.genblk1.genblk1.genblk1.genblk1.lut0.genblk1.genblk1.genblk1.genblk1.genblk1.lut0 (4 -> 0)
  Optimizing lut $abc$5386$auto$blifparse.cc:525:parse_blif$5466.genblk1.genblk1.genblk1.genblk1.genblk1.genblk1.genblk1.genblk1.lut1.genblk1.genblk1.genblk1.genblk1.genblk1.genblk1.genblk1.lut1.genblk1.genblk1.genblk1.genblk1.genblk1.genblk1.lut0.genblk1.genblk1.genblk1.genblk1.genblk1.lut0 (4 -> 0)
  Optimizing lut $abc$5386$auto$blifparse.cc:525:parse_blif$5575.genblk1.genblk1.genblk1.genblk1.genblk1.genblk1.genblk1.genblk1.lut1.genblk1.genblk1.genblk1.genblk1.genblk1.genblk1.genblk1.lut1.genblk1.genblk1.genblk1.genblk1.genblk1.genblk1.lut0.genblk1.genblk1.genblk1.genblk1.genblk1.lut0 (4 -> 0)
  Optimizing lut $abc$5386$auto$blifparse.cc:525:parse_blif$5568.genblk1.genblk1.genblk1.genblk1.genblk1.genblk1.genblk1.genblk1.lut0.genblk1.genblk1.genblk1.genblk1.genblk1.genblk1.genblk1.lut0.genblk1.genblk1.genblk1.genblk1.genblk1.genblk1.lut0.genblk1.genblk1.genblk1.genblk1.genblk1.lut0 (4 -> 0)
  Optimizing lut $abc$5386$auto$blifparse.cc:525:parse_blif$5453.genblk1.genblk1.genblk1.genblk1.genblk1.genblk1.genblk1.genblk1.lut0.genblk1.genblk1.genblk1.genblk1.genblk1.genblk1.genblk1.lut0.genblk1.genblk1.genblk1.genblk1.genblk1.genblk1.lut1.genblk1.genblk1.genblk1.genblk1.genblk1.lut0 (4 -> 1)
  Optimizing lut $abc$5386$auto$blifparse.cc:525:parse_blif$5389.genblk1.genblk1.genblk1.genblk1.genblk1.genblk1.genblk1.genblk1.lut0.genblk1.genblk1.genblk1.genblk1.genblk1.genblk1.genblk1.lut0.genblk1.genblk1.genblk1.genblk1.genblk1.genblk1.lut0.genblk1.genblk1.genblk1.genblk1.genblk1.lut0 (4 -> 2)
  Optimizing lut $abc$5386$auto$blifparse.cc:525:parse_blif$5466.genblk1.genblk1.genblk1.genblk1.genblk1.genblk1.genblk1.genblk1.lut0.genblk1.genblk1.genblk1.genblk1.genblk1.genblk1.genblk1.lut0.genblk1.genblk1.genblk1.genblk1.genblk1.genblk1.lut1.genblk1.genblk1.genblk1.genblk1.genblk1.lut1 (4 -> 1)
  Optimizing lut $abc$5386$auto$blifparse.cc:525:parse_blif$5564.genblk1.genblk1.genblk1.genblk1.genblk1.genblk1.genblk1.genblk1.lut1.genblk1.genblk1.genblk1.genblk1.genblk1.genblk1.genblk1.lut1.genblk1.genblk1.genblk1.genblk1.genblk1.genblk1.lut0.genblk1.genblk1.genblk1.genblk1.genblk1.lut0 (4 -> 0)
  Optimizing lut $abc$5386$auto$blifparse.cc:525:parse_blif$5389.genblk1.genblk1.genblk1.genblk1.genblk1.genblk1.genblk1.genblk1.lut1.genblk1.genblk1.genblk1.genblk1.genblk1.genblk1.genblk1.lut0.genblk1.genblk1.genblk1.genblk1.genblk1.genblk1.lut1.genblk1.genblk1.genblk1.genblk1.genblk1.lut0 (4 -> 0)
  Optimizing lut $abc$5386$auto$blifparse.cc:525:parse_blif$5538.genblk1.genblk1.genblk1.genblk1.genblk1.genblk1.genblk1.genblk1.lut1.genblk1.genblk1.genblk1.genblk1.genblk1.genblk1.genblk1.lut0.genblk1.genblk1.genblk1.genblk1.genblk1.genblk1.lut0.genblk1.genblk1.genblk1.genblk1.genblk1.lut0 (4 -> 2)
  Optimizing lut $abc$5386$auto$blifparse.cc:525:parse_blif$5540.genblk1.genblk1.genblk1.genblk1.genblk1.genblk1.genblk1.genblk1.lut1.genblk1.genblk1.genblk1.genblk1.genblk1.genblk1.genblk1.lut1.genblk1.genblk1.genblk1.genblk1.genblk1.genblk1.lut0.genblk1.genblk1.genblk1.genblk1.genblk1.lut0 (4 -> 3)
  Optimizing lut $abc$5386$auto$blifparse.cc:525:parse_blif$5540.genblk1.genblk1.genblk1.genblk1.genblk1.genblk1.genblk1.genblk1.lut1.genblk1.genblk1.genblk1.genblk1.genblk1.genblk1.genblk1.lut1.genblk1.genblk1.genblk1.genblk1.genblk1.genblk1.lut0.genblk1.genblk1.genblk1.genblk1.genblk1.lut1 (4 -> 3)
  Optimizing lut $abc$5386$auto$blifparse.cc:525:parse_blif$5389.genblk1.genblk1.genblk1.genblk1.genblk1.genblk1.genblk1.genblk1.lut0.genblk1.genblk1.genblk1.genblk1.genblk1.genblk1.genblk1.lut1.genblk1.genblk1.genblk1.genblk1.genblk1.genblk1.lut0.genblk1.genblk1.genblk1.genblk1.genblk1.lut1 (4 -> 1)
  Optimizing lut $abc$5386$auto$blifparse.cc:525:parse_blif$5539.genblk1.genblk1.genblk1.genblk1.genblk1.genblk1.genblk1.genblk1.lut0.genblk1.genblk1.genblk1.genblk1.genblk1.genblk1.genblk1.lut0.genblk1.genblk1.genblk1.genblk1.genblk1.genblk1.lut1.genblk1.genblk1.genblk1.genblk1.genblk1.lut1 (4 -> 0)
  Optimizing lut $abc$5386$auto$blifparse.cc:525:parse_blif$5399.genblk1.genblk1.genblk1.genblk1.genblk1.genblk1.genblk1.genblk1.lut1.genblk1.genblk1.genblk1.genblk1.genblk1.genblk1.genblk1.lut1.genblk1.genblk1.genblk1.genblk1.genblk1.genblk1.lut0.genblk1.genblk1.genblk1.genblk1.genblk1.lut0 (4 -> 0)
  Optimizing lut $abc$5386$auto$blifparse.cc:525:parse_blif$5397.genblk1.genblk1.genblk1.genblk1.genblk1.genblk1.genblk1.genblk1.lut0.genblk1.genblk1.genblk1.genblk1.genblk1.genblk1.genblk1.lut1.genblk1.genblk1.genblk1.genblk1.genblk1.genblk1.lut1.genblk1.genblk1.genblk1.genblk1.genblk1.lut0 (4 -> 1)
  Optimizing lut $abc$5386$auto$blifparse.cc:525:parse_blif$5401.genblk1.genblk1.genblk1.genblk1.genblk1.genblk1.genblk1.genblk1.lut1.genblk1.genblk1.genblk1.genblk1.genblk1.genblk1.genblk1.lut0.genblk1.genblk1.genblk1.genblk1.genblk1.genblk1.lut0.genblk1.genblk1.genblk1.genblk1.genblk1.lut1 (4 -> 0)
  Optimizing lut $abc$5386$auto$blifparse.cc:525:parse_blif$5461.genblk1.genblk1.genblk1.genblk1.genblk1.genblk1.genblk1.genblk1.lut0.genblk1.genblk1.genblk1.genblk1.genblk1.genblk1.genblk1.lut0.genblk1.genblk1.genblk1.genblk1.genblk1.genblk1.lut1.genblk1.genblk1.genblk1.genblk1.genblk1.lut0 (4 -> 1)
  Optimizing lut $abc$5386$auto$blifparse.cc:525:parse_blif$5466.genblk1.genblk1.genblk1.genblk1.genblk1.genblk1.genblk1.genblk1.lut1.genblk1.genblk1.genblk1.genblk1.genblk1.genblk1.genblk1.lut0.genblk1.genblk1.genblk1.genblk1.genblk1.genblk1.lut0.genblk1.genblk1.genblk1.genblk1.genblk1.lut0 (4 -> 1)
  Optimizing lut $abc$5386$auto$blifparse.cc:525:parse_blif$5445.genblk1.genblk1.genblk1.genblk1.genblk1.genblk1.genblk1.genblk1.lut1.genblk1.genblk1.genblk1.genblk1.genblk1.genblk1.genblk1.lut0.genblk1.genblk1.genblk1.genblk1.genblk1.genblk1.lut0.genblk1.genblk1.genblk1.genblk1.genblk1.lut0 (4 -> 0)
  Optimizing lut $abc$5386$auto$blifparse.cc:525:parse_blif$5564.genblk1.genblk1.genblk1.genblk1.genblk1.genblk1.genblk1.genblk1.lut1.genblk1.genblk1.genblk1.genblk1.genblk1.genblk1.genblk1.lut1.genblk1.genblk1.genblk1.genblk1.genblk1.genblk1.lut1.genblk1.genblk1.genblk1.genblk1.genblk1.lut0 (4 -> 0)
  Optimizing lut $abc$5386$auto$blifparse.cc:525:parse_blif$5540.genblk1.genblk1.genblk1.genblk1.genblk1.genblk1.genblk1.genblk1.lut1.genblk1.genblk1.genblk1.genblk1.genblk1.genblk1.genblk1.lut0.genblk1.genblk1.genblk1.genblk1.genblk1.genblk1.lut1.genblk1.genblk1.genblk1.genblk1.genblk1.lut0 (4 -> 0)
  Optimizing lut $abc$5386$auto$blifparse.cc:525:parse_blif$5540.genblk1.genblk1.genblk1.genblk1.genblk1.genblk1.genblk1.genblk1.lut1.genblk1.genblk1.genblk1.genblk1.genblk1.genblk1.genblk1.lut0.genblk1.genblk1.genblk1.genblk1.genblk1.genblk1.lut0.genblk1.genblk1.genblk1.genblk1.genblk1.lut0 (4 -> 1)
  Optimizing lut $abc$5386$auto$blifparse.cc:525:parse_blif$5445.genblk1.genblk1.genblk1.genblk1.genblk1.genblk1.genblk1.genblk1.lut0.genblk1.genblk1.genblk1.genblk1.genblk1.genblk1.genblk1.lut1.genblk1.genblk1.genblk1.genblk1.genblk1.genblk1.lut1.genblk1.genblk1.genblk1.genblk1.genblk1.lut0 (4 -> 1)
  Optimizing lut $abc$5386$auto$blifparse.cc:525:parse_blif$5466.genblk1.genblk1.genblk1.genblk1.genblk1.genblk1.genblk1.genblk1.lut1.genblk1.genblk1.genblk1.genblk1.genblk1.genblk1.genblk1.lut1.genblk1.genblk1.genblk1.genblk1.genblk1.genblk1.lut1.genblk1.genblk1.genblk1.genblk1.genblk1.lut1 (4 -> 0)
  Optimizing lut $abc$5386$auto$blifparse.cc:525:parse_blif$5455.genblk1.genblk1.genblk1.genblk1.genblk1.genblk1.genblk1.genblk1.lut0.genblk1.genblk1.genblk1.genblk1.genblk1.genblk1.genblk1.lut0.genblk1.genblk1.genblk1.genblk1.genblk1.genblk1.lut0.genblk1.genblk1.genblk1.genblk1.genblk1.lut0 (4 -> 2)
  Optimizing lut $abc$5386$auto$blifparse.cc:525:parse_blif$5539.genblk1.genblk1.genblk1.genblk1.genblk1.genblk1.genblk1.genblk1.lut0.genblk1.genblk1.genblk1.genblk1.genblk1.genblk1.genblk1.lut1.genblk1.genblk1.genblk1.genblk1.genblk1.genblk1.lut0.genblk1.genblk1.genblk1.genblk1.genblk1.lut1 (4 -> 0)
  Optimizing lut $abc$5386$auto$blifparse.cc:525:parse_blif$5447.genblk1.genblk1.genblk1.genblk1.genblk1.genblk1.genblk1.genblk1.lut0.genblk1.genblk1.genblk1.genblk1.genblk1.genblk1.genblk1.lut1.genblk1.genblk1.genblk1.genblk1.genblk1.genblk1.lut1.genblk1.genblk1.genblk1.genblk1.genblk1.lut0 (4 -> 0)
  Optimizing lut $abc$5386$auto$blifparse.cc:525:parse_blif$5457.genblk1.genblk1.genblk1.genblk1.genblk1.genblk1.genblk1.genblk1.lut1.genblk1.genblk1.genblk1.genblk1.genblk1.genblk1.genblk1.lut0.genblk1.genblk1.genblk1.genblk1.genblk1.genblk1.lut1.genblk1.genblk1.genblk1.genblk1.genblk1.lut0 (4 -> 0)
  Optimizing lut $abc$5386$auto$blifparse.cc:525:parse_blif$5457.genblk1.genblk1.genblk1.genblk1.genblk1.genblk1.genblk1.genblk1.lut1.genblk1.genblk1.genblk1.genblk1.genblk1.genblk1.genblk1.lut0.genblk1.genblk1.genblk1.genblk1.genblk1.genblk1.lut0.genblk1.genblk1.genblk1.genblk1.genblk1.lut0 (4 -> 0)
  Optimizing lut $abc$5386$auto$blifparse.cc:525:parse_blif$5463.genblk1.genblk1.genblk1.genblk1.genblk1.genblk1.genblk1.genblk1.lut1.genblk1.genblk1.genblk1.genblk1.genblk1.genblk1.genblk1.lut0.genblk1.genblk1.genblk1.genblk1.genblk1.genblk1.lut0.genblk1.genblk1.genblk1.genblk1.genblk1.lut1 (4 -> 1)
  Optimizing lut $abc$5386$auto$blifparse.cc:525:parse_blif$5463.genblk1.genblk1.genblk1.genblk1.genblk1.genblk1.genblk1.genblk1.lut1.genblk1.genblk1.genblk1.genblk1.genblk1.genblk1.genblk1.lut0.genblk1.genblk1.genblk1.genblk1.genblk1.genblk1.lut0.genblk1.genblk1.genblk1.genblk1.genblk1.lut0 (4 -> 1)
  Optimizing lut $abc$5386$auto$blifparse.cc:525:parse_blif$5395.genblk1.genblk1.genblk1.genblk1.genblk1.genblk1.genblk1.genblk1.lut0.genblk1.genblk1.genblk1.genblk1.genblk1.genblk1.genblk1.lut0.genblk1.genblk1.genblk1.genblk1.genblk1.genblk1.lut1.genblk1.genblk1.genblk1.genblk1.genblk1.lut0 (4 -> 1)
  Optimizing lut $abc$5386$auto$blifparse.cc:525:parse_blif$5393.genblk1.genblk1.genblk1.genblk1.genblk1.genblk1.genblk1.genblk1.lut1.genblk1.genblk1.genblk1.genblk1.genblk1.genblk1.genblk1.lut1.genblk1.genblk1.genblk1.genblk1.genblk1.genblk1.lut0.genblk1.genblk1.genblk1.genblk1.genblk1.lut0 (4 -> 0)
  Optimizing lut $abc$5386$auto$blifparse.cc:525:parse_blif$5393.genblk1.genblk1.genblk1.genblk1.genblk1.genblk1.genblk1.genblk1.lut1.genblk1.genblk1.genblk1.genblk1.genblk1.genblk1.genblk1.lut1.genblk1.genblk1.genblk1.genblk1.genblk1.genblk1.lut1.genblk1.genblk1.genblk1.genblk1.genblk1.lut0 (4 -> 0)
  Optimizing lut $abc$5386$auto$blifparse.cc:525:parse_blif$5443.genblk1.genblk1.genblk1.genblk1.genblk1.genblk1.genblk1.genblk1.lut0.genblk1.genblk1.genblk1.genblk1.genblk1.genblk1.genblk1.lut0.genblk1.genblk1.genblk1.genblk1.genblk1.genblk1.lut0.genblk1.genblk1.genblk1.genblk1.genblk1.lut0 (4 -> 1)
  Optimizing lut $abc$5386$auto$blifparse.cc:525:parse_blif$5443.genblk1.genblk1.genblk1.genblk1.genblk1.genblk1.genblk1.genblk1.lut0.genblk1.genblk1.genblk1.genblk1.genblk1.genblk1.genblk1.lut0.genblk1.genblk1.genblk1.genblk1.genblk1.genblk1.lut1.genblk1.genblk1.genblk1.genblk1.genblk1.lut0 (4 -> 1)
  Optimizing lut $abc$5386$auto$blifparse.cc:525:parse_blif$5441.genblk1.genblk1.genblk1.genblk1.genblk1.genblk1.genblk1.genblk1.lut1.genblk1.genblk1.genblk1.genblk1.genblk1.genblk1.genblk1.lut1.genblk1.genblk1.genblk1.genblk1.genblk1.genblk1.lut0.genblk1.genblk1.genblk1.genblk1.genblk1.lut0 (4 -> 0)
  Optimizing lut $abc$5386$auto$blifparse.cc:525:parse_blif$5391.genblk1.genblk1.genblk1.genblk1.genblk1.genblk1.genblk1.genblk1.lut1.genblk1.genblk1.genblk1.genblk1.genblk1.genblk1.genblk1.lut1.genblk1.genblk1.genblk1.genblk1.genblk1.genblk1.lut0.genblk1.genblk1.genblk1.genblk1.genblk1.lut1 (4 -> 0)
  Optimizing lut $abc$5386$auto$blifparse.cc:525:parse_blif$5564.genblk1.genblk1.genblk1.genblk1.genblk1.genblk1.genblk1.genblk1.lut1.genblk1.genblk1.genblk1.genblk1.genblk1.genblk1.genblk1.lut1.genblk1.genblk1.genblk1.genblk1.genblk1.genblk1.lut1.genblk1.genblk1.genblk1.genblk1.genblk1.lut1 (4 -> 0)
  Optimizing lut $abc$5386$auto$blifparse.cc:525:parse_blif$5395.genblk1.genblk1.genblk1.genblk1.genblk1.genblk1.genblk1.genblk1.lut1.genblk1.genblk1.genblk1.genblk1.genblk1.genblk1.genblk1.lut0.genblk1.genblk1.genblk1.genblk1.genblk1.genblk1.lut1.genblk1.genblk1.genblk1.genblk1.genblk1.lut0 (4 -> 1)
  Optimizing lut $abc$5386$auto$blifparse.cc:525:parse_blif$5441.genblk1.genblk1.genblk1.genblk1.genblk1.genblk1.genblk1.genblk1.lut1.genblk1.genblk1.genblk1.genblk1.genblk1.genblk1.genblk1.lut0.genblk1.genblk1.genblk1.genblk1.genblk1.genblk1.lut0.genblk1.genblk1.genblk1.genblk1.genblk1.lut0 (4 -> 0)
  Optimizing lut $abc$5386$auto$blifparse.cc:525:parse_blif$5401.genblk1.genblk1.genblk1.genblk1.genblk1.genblk1.genblk1.genblk1.lut0.genblk1.genblk1.genblk1.genblk1.genblk1.genblk1.genblk1.lut0.genblk1.genblk1.genblk1.genblk1.genblk1.genblk1.lut0.genblk1.genblk1.genblk1.genblk1.genblk1.lut1 (4 -> 2)
  Optimizing lut $abc$5386$auto$blifparse.cc:525:parse_blif$5389.genblk1.genblk1.genblk1.genblk1.genblk1.genblk1.genblk1.genblk1.lut0.genblk1.genblk1.genblk1.genblk1.genblk1.genblk1.genblk1.lut1.genblk1.genblk1.genblk1.genblk1.genblk1.genblk1.lut0.genblk1.genblk1.genblk1.genblk1.genblk1.lut0 (4 -> 1)
  Optimizing lut $abc$5386$auto$blifparse.cc:525:parse_blif$5391.genblk1.genblk1.genblk1.genblk1.genblk1.genblk1.genblk1.genblk1.lut0.genblk1.genblk1.genblk1.genblk1.genblk1.genblk1.genblk1.lut1.genblk1.genblk1.genblk1.genblk1.genblk1.genblk1.lut1.genblk1.genblk1.genblk1.genblk1.genblk1.lut0 (4 -> 0)
  Optimizing lut $abc$5386$auto$blifparse.cc:525:parse_blif$5453.genblk1.genblk1.genblk1.genblk1.genblk1.genblk1.genblk1.genblk1.lut0.genblk1.genblk1.genblk1.genblk1.genblk1.genblk1.genblk1.lut0.genblk1.genblk1.genblk1.genblk1.genblk1.genblk1.lut0.genblk1.genblk1.genblk1.genblk1.genblk1.lut0 (4 -> 2)
  Optimizing lut $abc$5386$auto$blifparse.cc:525:parse_blif$5399.genblk1.genblk1.genblk1.genblk1.genblk1.genblk1.genblk1.genblk1.lut0.genblk1.genblk1.genblk1.genblk1.genblk1.genblk1.genblk1.lut1.genblk1.genblk1.genblk1.genblk1.genblk1.genblk1.lut0.genblk1.genblk1.genblk1.genblk1.genblk1.lut1 (4 -> 0)
  Optimizing lut $abc$5386$auto$blifparse.cc:525:parse_blif$5450.genblk1.genblk1.genblk1.genblk1.genblk1.genblk1.genblk1.genblk1.lut1.genblk1.genblk1.genblk1.genblk1.genblk1.genblk1.genblk1.lut0.genblk1.genblk1.genblk1.genblk1.genblk1.genblk1.lut0.genblk1.genblk1.genblk1.genblk1.genblk1.lut0 (4 -> 1)
  Optimizing lut $abc$5386$auto$blifparse.cc:525:parse_blif$5459.genblk1.genblk1.genblk1.genblk1.genblk1.genblk1.genblk1.genblk1.lut1.genblk1.genblk1.genblk1.genblk1.genblk1.genblk1.genblk1.lut1.genblk1.genblk1.genblk1.genblk1.genblk1.genblk1.lut0.genblk1.genblk1.genblk1.genblk1.genblk1.lut0 (4 -> 0)
  Optimizing lut $abc$5386$auto$blifparse.cc:525:parse_blif$5581.genblk1.genblk1.genblk1.genblk1.genblk1.genblk1.genblk1.lut0.genblk1.genblk1.genblk1.genblk1.genblk1.genblk1.lut1.genblk1.genblk1.genblk1.genblk1.genblk1.lut1 (4 -> 0)
  Optimizing lut $abc$5386$auto$blifparse.cc:525:parse_blif$5552.genblk1.genblk1.genblk1.genblk1.genblk1.genblk1.genblk1.lut1.genblk1.genblk1.genblk1.genblk1.genblk1.genblk1.lut0.genblk1.genblk1.genblk1.genblk1.genblk1.lut1 (4 -> 0)
  Optimizing lut $abc$5386$auto$blifparse.cc:525:parse_blif$5447.genblk1.genblk1.genblk1.genblk1.genblk1.genblk1.genblk1.genblk1.lut1.genblk1.genblk1.genblk1.genblk1.genblk1.genblk1.genblk1.lut0.genblk1.genblk1.genblk1.genblk1.genblk1.genblk1.lut0.genblk1.genblk1.genblk1.genblk1.genblk1.lut0 (4 -> 1)
  Optimizing lut $abc$5386$auto$blifparse.cc:525:parse_blif$5447.genblk1.genblk1.genblk1.genblk1.genblk1.genblk1.genblk1.genblk1.lut1.genblk1.genblk1.genblk1.genblk1.genblk1.genblk1.genblk1.lut0.genblk1.genblk1.genblk1.genblk1.genblk1.genblk1.lut1.genblk1.genblk1.genblk1.genblk1.genblk1.lut0 (4 -> 1)
  Optimizing lut $abc$5386$auto$blifparse.cc:525:parse_blif$5443.genblk1.genblk1.genblk1.genblk1.genblk1.genblk1.genblk1.genblk1.lut1.genblk1.genblk1.genblk1.genblk1.genblk1.genblk1.genblk1.lut0.genblk1.genblk1.genblk1.genblk1.genblk1.genblk1.lut0.genblk1.genblk1.genblk1.genblk1.genblk1.lut0 (4 -> 1)
  Optimizing lut $abc$5386$auto$blifparse.cc:525:parse_blif$5443.genblk1.genblk1.genblk1.genblk1.genblk1.genblk1.genblk1.genblk1.lut1.genblk1.genblk1.genblk1.genblk1.genblk1.genblk1.genblk1.lut0.genblk1.genblk1.genblk1.genblk1.genblk1.genblk1.lut1.genblk1.genblk1.genblk1.genblk1.genblk1.lut0 (4 -> 1)
  Optimizing lut $abc$5386$auto$blifparse.cc:525:parse_blif$5391.genblk1.genblk1.genblk1.genblk1.genblk1.genblk1.genblk1.genblk1.lut1.genblk1.genblk1.genblk1.genblk1.genblk1.genblk1.genblk1.lut0.genblk1.genblk1.genblk1.genblk1.genblk1.genblk1.lut1.genblk1.genblk1.genblk1.genblk1.genblk1.lut1 (4 -> 1)
  Optimizing lut $abc$5386$auto$blifparse.cc:525:parse_blif$5391.genblk1.genblk1.genblk1.genblk1.genblk1.genblk1.genblk1.genblk1.lut1.genblk1.genblk1.genblk1.genblk1.genblk1.genblk1.genblk1.lut0.genblk1.genblk1.genblk1.genblk1.genblk1.genblk1.lut1.genblk1.genblk1.genblk1.genblk1.genblk1.lut0 (4 -> 1)
  Optimizing lut $abc$5386$auto$blifparse.cc:525:parse_blif$5568.genblk1.genblk1.genblk1.genblk1.genblk1.genblk1.genblk1.genblk1.lut1.genblk1.genblk1.genblk1.genblk1.genblk1.genblk1.genblk1.lut0.genblk1.genblk1.genblk1.genblk1.genblk1.genblk1.lut1.genblk1.genblk1.genblk1.genblk1.genblk1.lut0 (4 -> 0)
  Optimizing lut $abc$5386$auto$blifparse.cc:525:parse_blif$5391.genblk1.genblk1.genblk1.genblk1.genblk1.genblk1.genblk1.genblk1.lut1.genblk1.genblk1.genblk1.genblk1.genblk1.genblk1.genblk1.lut0.genblk1.genblk1.genblk1.genblk1.genblk1.genblk1.lut0.genblk1.genblk1.genblk1.genblk1.genblk1.lut0 (4 -> 1)
  Optimizing lut $abc$5386$auto$blifparse.cc:525:parse_blif$5403.genblk1.genblk1.genblk1.genblk1.genblk1.genblk1.genblk1.genblk1.lut0.genblk1.genblk1.genblk1.genblk1.genblk1.genblk1.genblk1.lut1.genblk1.genblk1.genblk1.genblk1.genblk1.genblk1.lut0.genblk1.genblk1.genblk1.genblk1.genblk1.lut0 (4 -> 0)
  Optimizing lut $abc$5386$auto$blifparse.cc:525:parse_blif$5441.genblk1.genblk1.genblk1.genblk1.genblk1.genblk1.genblk1.genblk1.lut0.genblk1.genblk1.genblk1.genblk1.genblk1.genblk1.genblk1.lut1.genblk1.genblk1.genblk1.genblk1.genblk1.genblk1.lut1.genblk1.genblk1.genblk1.genblk1.genblk1.lut1 (4 -> 1)
  Optimizing lut $abc$5386$auto$blifparse.cc:525:parse_blif$5395.genblk1.genblk1.genblk1.genblk1.genblk1.genblk1.genblk1.genblk1.lut0.genblk1.genblk1.genblk1.genblk1.genblk1.genblk1.genblk1.lut1.genblk1.genblk1.genblk1.genblk1.genblk1.genblk1.lut0.genblk1.genblk1.genblk1.genblk1.genblk1.lut0 (4 -> 0)
  Optimizing lut $abc$5386$auto$blifparse.cc:525:parse_blif$5455.genblk1.genblk1.genblk1.genblk1.genblk1.genblk1.genblk1.genblk1.lut0.genblk1.genblk1.genblk1.genblk1.genblk1.genblk1.genblk1.lut1.genblk1.genblk1.genblk1.genblk1.genblk1.genblk1.lut1.genblk1.genblk1.genblk1.genblk1.genblk1.lut0 (4 -> 0)
  Optimizing lut $abc$5386$auto$blifparse.cc:525:parse_blif$5455.genblk1.genblk1.genblk1.genblk1.genblk1.genblk1.genblk1.genblk1.lut0.genblk1.genblk1.genblk1.genblk1.genblk1.genblk1.genblk1.lut1.genblk1.genblk1.genblk1.genblk1.genblk1.genblk1.lut0.genblk1.genblk1.genblk1.genblk1.genblk1.lut0 (4 -> 0)
  Optimizing lut $abc$5386$auto$blifparse.cc:525:parse_blif$5539.genblk1.genblk1.genblk1.genblk1.genblk1.genblk1.genblk1.genblk1.lut1.genblk1.genblk1.genblk1.genblk1.genblk1.genblk1.genblk1.lut1.genblk1.genblk1.genblk1.genblk1.genblk1.genblk1.lut0.genblk1.genblk1.genblk1.genblk1.genblk1.lut1 (4 -> 3)
  Optimizing lut $abc$5386$auto$blifparse.cc:525:parse_blif$5453.genblk1.genblk1.genblk1.genblk1.genblk1.genblk1.genblk1.genblk1.lut0.genblk1.genblk1.genblk1.genblk1.genblk1.genblk1.genblk1.lut1.genblk1.genblk1.genblk1.genblk1.genblk1.genblk1.lut0.genblk1.genblk1.genblk1.genblk1.genblk1.lut1 (4 -> 1)
  Optimizing lut $abc$5386$auto$blifparse.cc:525:parse_blif$5443.genblk1.genblk1.genblk1.genblk1.genblk1.genblk1.genblk1.genblk1.lut1.genblk1.genblk1.genblk1.genblk1.genblk1.genblk1.genblk1.lut1.genblk1.genblk1.genblk1.genblk1.genblk1.genblk1.lut0.genblk1.genblk1.genblk1.genblk1.genblk1.lut0 (4 -> 0)
  Optimizing lut $abc$5386$auto$blifparse.cc:525:parse_blif$5395.genblk1.genblk1.genblk1.genblk1.genblk1.genblk1.genblk1.genblk1.lut0.genblk1.genblk1.genblk1.genblk1.genblk1.genblk1.genblk1.lut1.genblk1.genblk1.genblk1.genblk1.genblk1.genblk1.lut1.genblk1.genblk1.genblk1.genblk1.genblk1.lut0 (4 -> 0)
  Optimizing lut $abc$5386$auto$blifparse.cc:525:parse_blif$5441.genblk1.genblk1.genblk1.genblk1.genblk1.genblk1.genblk1.genblk1.lut0.genblk1.genblk1.genblk1.genblk1.genblk1.genblk1.genblk1.lut1.genblk1.genblk1.genblk1.genblk1.genblk1.genblk1.lut0.genblk1.genblk1.genblk1.genblk1.genblk1.lut0 (4 -> 1)
  Optimizing lut $abc$5386$auto$blifparse.cc:525:parse_blif$5397.genblk1.genblk1.genblk1.genblk1.genblk1.genblk1.genblk1.genblk1.lut0.genblk1.genblk1.genblk1.genblk1.genblk1.genblk1.genblk1.lut0.genblk1.genblk1.genblk1.genblk1.genblk1.genblk1.lut1.genblk1.genblk1.genblk1.genblk1.genblk1.lut0 (4 -> 1)
  Optimizing lut $abc$5386$auto$blifparse.cc:525:parse_blif$5581.genblk1.genblk1.genblk1.genblk1.genblk1.genblk1.genblk1.lut1.genblk1.genblk1.genblk1.genblk1.genblk1.genblk1.lut1.genblk1.genblk1.genblk1.genblk1.genblk1.lut1 (4 -> 0)
  Optimizing lut $abc$5386$auto$blifparse.cc:525:parse_blif$5395.genblk1.genblk1.genblk1.genblk1.genblk1.genblk1.genblk1.genblk1.lut1.genblk1.genblk1.genblk1.genblk1.genblk1.genblk1.genblk1.lut1.genblk1.genblk1.genblk1.genblk1.genblk1.genblk1.lut1.genblk1.genblk1.genblk1.genblk1.genblk1.lut0 (4 -> 0)
  Optimizing lut $abc$5386$auto$blifparse.cc:525:parse_blif$5395.genblk1.genblk1.genblk1.genblk1.genblk1.genblk1.genblk1.genblk1.lut1.genblk1.genblk1.genblk1.genblk1.genblk1.genblk1.genblk1.lut1.genblk1.genblk1.genblk1.genblk1.genblk1.genblk1.lut0.genblk1.genblk1.genblk1.genblk1.genblk1.lut0 (4 -> 0)
  Optimizing lut $abc$5386$auto$blifparse.cc:525:parse_blif$5463.genblk1.genblk1.genblk1.genblk1.genblk1.genblk1.genblk1.genblk1.lut1.genblk1.genblk1.genblk1.genblk1.genblk1.genblk1.genblk1.lut1.genblk1.genblk1.genblk1.genblk1.genblk1.genblk1.lut0.genblk1.genblk1.genblk1.genblk1.genblk1.lut0 (4 -> 0)
  Optimizing lut $abc$5386$auto$blifparse.cc:525:parse_blif$5397.genblk1.genblk1.genblk1.genblk1.genblk1.genblk1.genblk1.genblk1.lut1.genblk1.genblk1.genblk1.genblk1.genblk1.genblk1.genblk1.lut0.genblk1.genblk1.genblk1.genblk1.genblk1.genblk1.lut0.genblk1.genblk1.genblk1.genblk1.genblk1.lut0 (4 -> 0)
  Optimizing lut $abc$5386$auto$blifparse.cc:525:parse_blif$5391.genblk1.genblk1.genblk1.genblk1.genblk1.genblk1.genblk1.genblk1.lut0.genblk1.genblk1.genblk1.genblk1.genblk1.genblk1.genblk1.lut0.genblk1.genblk1.genblk1.genblk1.genblk1.genblk1.lut1.genblk1.genblk1.genblk1.genblk1.genblk1.lut0 (4 -> 1)
  Optimizing lut $abc$5386$auto$blifparse.cc:525:parse_blif$5463.genblk1.genblk1.genblk1.genblk1.genblk1.genblk1.genblk1.genblk1.lut1.genblk1.genblk1.genblk1.genblk1.genblk1.genblk1.genblk1.lut1.genblk1.genblk1.genblk1.genblk1.genblk1.genblk1.lut1.genblk1.genblk1.genblk1.genblk1.genblk1.lut1 (4 -> 0)
  Optimizing lut $abc$5386$auto$blifparse.cc:525:parse_blif$5443.genblk1.genblk1.genblk1.genblk1.genblk1.genblk1.genblk1.genblk1.lut0.genblk1.genblk1.genblk1.genblk1.genblk1.genblk1.genblk1.lut1.genblk1.genblk1.genblk1.genblk1.genblk1.genblk1.lut0.genblk1.genblk1.genblk1.genblk1.genblk1.lut0 (4 -> 0)
  Optimizing lut $abc$5386$auto$blifparse.cc:525:parse_blif$5441.genblk1.genblk1.genblk1.genblk1.genblk1.genblk1.genblk1.genblk1.lut0.genblk1.genblk1.genblk1.genblk1.genblk1.genblk1.genblk1.lut0.genblk1.genblk1.genblk1.genblk1.genblk1.genblk1.lut0.genblk1.genblk1.genblk1.genblk1.genblk1.lut0 (4 -> 2)
  Optimizing lut $abc$5386$auto$blifparse.cc:525:parse_blif$5397.genblk1.genblk1.genblk1.genblk1.genblk1.genblk1.genblk1.genblk1.lut1.genblk1.genblk1.genblk1.genblk1.genblk1.genblk1.genblk1.lut1.genblk1.genblk1.genblk1.genblk1.genblk1.genblk1.lut1.genblk1.genblk1.genblk1.genblk1.genblk1.lut0 (4 -> 0)
  Optimizing lut $abc$5386$auto$blifparse.cc:525:parse_blif$5397.genblk1.genblk1.genblk1.genblk1.genblk1.genblk1.genblk1.genblk1.lut1.genblk1.genblk1.genblk1.genblk1.genblk1.genblk1.genblk1.lut1.genblk1.genblk1.genblk1.genblk1.genblk1.genblk1.lut0.genblk1.genblk1.genblk1.genblk1.genblk1.lut0 (4 -> 0)
  Optimizing lut $abc$5386$auto$blifparse.cc:525:parse_blif$5455.genblk1.genblk1.genblk1.genblk1.genblk1.genblk1.genblk1.genblk1.lut0.genblk1.genblk1.genblk1.genblk1.genblk1.genblk1.genblk1.lut0.genblk1.genblk1.genblk1.genblk1.genblk1.genblk1.lut1.genblk1.genblk1.genblk1.genblk1.genblk1.lut0 (4 -> 2)
  Optimizing lut $abc$5386$auto$blifparse.cc:525:parse_blif$5450.genblk1.genblk1.genblk1.genblk1.genblk1.genblk1.genblk1.genblk1.lut1.genblk1.genblk1.genblk1.genblk1.genblk1.genblk1.genblk1.lut1.genblk1.genblk1.genblk1.genblk1.genblk1.genblk1.lut1.genblk1.genblk1.genblk1.genblk1.genblk1.lut0 (4 -> 0)
  Optimizing lut $abc$5386$auto$blifparse.cc:525:parse_blif$5538.genblk1.genblk1.genblk1.genblk1.genblk1.genblk1.genblk1.genblk1.lut1.genblk1.genblk1.genblk1.genblk1.genblk1.genblk1.genblk1.lut0.genblk1.genblk1.genblk1.genblk1.genblk1.genblk1.lut1.genblk1.genblk1.genblk1.genblk1.genblk1.lut0 (4 -> 3)
  Optimizing lut $abc$5386$auto$blifparse.cc:525:parse_blif$5578.genblk1.genblk1.genblk1.genblk1.genblk1.genblk1.genblk1.lut0.genblk1.genblk1.genblk1.genblk1.genblk1.genblk1.lut1.genblk1.genblk1.genblk1.genblk1.genblk1.lut1 (4 -> 3)
  Optimizing lut $abc$5386$auto$blifparse.cc:525:parse_blif$5547.genblk1.genblk1.genblk1.genblk1.genblk1.genblk1.genblk1.genblk1.lut0.genblk1.genblk1.genblk1.genblk1.genblk1.genblk1.genblk1.lut0.genblk1.genblk1.genblk1.genblk1.genblk1.genblk1.lut0.genblk1.genblk1.genblk1.genblk1.genblk1.lut0 (4 -> 2)
  Optimizing lut $abc$5386$auto$blifparse.cc:525:parse_blif$5533.genblk1.genblk1.genblk1.genblk1.genblk1.genblk1.genblk1.lut0.genblk1.genblk1.genblk1.genblk1.genblk1.genblk1.lut0.genblk1.genblk1.genblk1.genblk1.genblk1.lut0 (4 -> 0)
  Optimizing lut $abc$5386$auto$blifparse.cc:525:parse_blif$5459.genblk1.genblk1.genblk1.genblk1.genblk1.genblk1.genblk1.genblk1.lut1.genblk1.genblk1.genblk1.genblk1.genblk1.genblk1.genblk1.lut0.genblk1.genblk1.genblk1.genblk1.genblk1.genblk1.lut1.genblk1.genblk1.genblk1.genblk1.genblk1.lut0 (4 -> 1)
  Optimizing lut $abc$5386$auto$blifparse.cc:525:parse_blif$5459.genblk1.genblk1.genblk1.genblk1.genblk1.genblk1.genblk1.genblk1.lut1.genblk1.genblk1.genblk1.genblk1.genblk1.genblk1.genblk1.lut0.genblk1.genblk1.genblk1.genblk1.genblk1.genblk1.lut0.genblk1.genblk1.genblk1.genblk1.genblk1.lut0 (4 -> 1)
  Optimizing lut $abc$5386$auto$blifparse.cc:525:parse_blif$5403.genblk1.genblk1.genblk1.genblk1.genblk1.genblk1.genblk1.genblk1.lut0.genblk1.genblk1.genblk1.genblk1.genblk1.genblk1.genblk1.lut0.genblk1.genblk1.genblk1.genblk1.genblk1.genblk1.lut1.genblk1.genblk1.genblk1.genblk1.genblk1.lut0 (4 -> 1)
  Optimizing lut $abc$5386$auto$blifparse.cc:525:parse_blif$5466.genblk1.genblk1.genblk1.genblk1.genblk1.genblk1.genblk1.genblk1.lut1.genblk1.genblk1.genblk1.genblk1.genblk1.genblk1.genblk1.lut1.genblk1.genblk1.genblk1.genblk1.genblk1.genblk1.lut1.genblk1.genblk1.genblk1.genblk1.genblk1.lut0 (4 -> 0)
  Optimizing lut $abc$5386$auto$blifparse.cc:525:parse_blif$5403.genblk1.genblk1.genblk1.genblk1.genblk1.genblk1.genblk1.genblk1.lut1.genblk1.genblk1.genblk1.genblk1.genblk1.genblk1.genblk1.lut0.genblk1.genblk1.genblk1.genblk1.genblk1.genblk1.lut0.genblk1.genblk1.genblk1.genblk1.genblk1.lut0 (4 -> 1)
  Optimizing lut $abc$5386$auto$blifparse.cc:525:parse_blif$5403.genblk1.genblk1.genblk1.genblk1.genblk1.genblk1.genblk1.genblk1.lut1.genblk1.genblk1.genblk1.genblk1.genblk1.genblk1.genblk1.lut0.genblk1.genblk1.genblk1.genblk1.genblk1.genblk1.lut1.genblk1.genblk1.genblk1.genblk1.genblk1.lut0 (4 -> 1)
  Optimizing lut $abc$5386$auto$blifparse.cc:525:parse_blif$5575.genblk1.genblk1.genblk1.genblk1.genblk1.genblk1.genblk1.genblk1.lut1.genblk1.genblk1.genblk1.genblk1.genblk1.genblk1.genblk1.lut0.genblk1.genblk1.genblk1.genblk1.genblk1.genblk1.lut0.genblk1.genblk1.genblk1.genblk1.genblk1.lut0 (4 -> 0)
  Optimizing lut $abc$5386$auto$blifparse.cc:525:parse_blif$5575.genblk1.genblk1.genblk1.genblk1.genblk1.genblk1.genblk1.genblk1.lut1.genblk1.genblk1.genblk1.genblk1.genblk1.genblk1.genblk1.lut0.genblk1.genblk1.genblk1.genblk1.genblk1.genblk1.lut1.genblk1.genblk1.genblk1.genblk1.genblk1.lut0 (4 -> 0)
  Optimizing lut $abc$5386$auto$blifparse.cc:525:parse_blif$5564.genblk1.genblk1.genblk1.genblk1.genblk1.genblk1.genblk1.genblk1.lut1.genblk1.genblk1.genblk1.genblk1.genblk1.genblk1.genblk1.lut0.genblk1.genblk1.genblk1.genblk1.genblk1.genblk1.lut0.genblk1.genblk1.genblk1.genblk1.genblk1.lut1 (4 -> 0)
  Optimizing lut $abc$5386$auto$blifparse.cc:525:parse_blif$5463.genblk1.genblk1.genblk1.genblk1.genblk1.genblk1.genblk1.genblk1.lut0.genblk1.genblk1.genblk1.genblk1.genblk1.genblk1.genblk1.lut1.genblk1.genblk1.genblk1.genblk1.genblk1.genblk1.lut1.genblk1.genblk1.genblk1.genblk1.genblk1.lut0 (4 -> 0)
  Optimizing lut $abc$5386$auto$blifparse.cc:525:parse_blif$5579.genblk1.genblk1.genblk1.genblk1.genblk1.genblk1.genblk1.lut1.genblk1.genblk1.genblk1.genblk1.genblk1.genblk1.lut0.genblk1.genblk1.genblk1.genblk1.genblk1.lut0 (4 -> 0)
  Optimizing lut $abc$5386$auto$blifparse.cc:525:parse_blif$5564.genblk1.genblk1.genblk1.genblk1.genblk1.genblk1.genblk1.genblk1.lut1.genblk1.genblk1.genblk1.genblk1.genblk1.genblk1.genblk1.lut0.genblk1.genblk1.genblk1.genblk1.genblk1.genblk1.lut1.genblk1.genblk1.genblk1.genblk1.genblk1.lut0 (4 -> 0)
  Optimizing lut $abc$5386$auto$blifparse.cc:525:parse_blif$5459.genblk1.genblk1.genblk1.genblk1.genblk1.genblk1.genblk1.genblk1.lut0.genblk1.genblk1.genblk1.genblk1.genblk1.genblk1.genblk1.lut1.genblk1.genblk1.genblk1.genblk1.genblk1.genblk1.lut0.genblk1.genblk1.genblk1.genblk1.genblk1.lut0 (4 -> 0)
  Optimizing lut $abc$5386$auto$blifparse.cc:525:parse_blif$5463.genblk1.genblk1.genblk1.genblk1.genblk1.genblk1.genblk1.genblk1.lut0.genblk1.genblk1.genblk1.genblk1.genblk1.genblk1.genblk1.lut0.genblk1.genblk1.genblk1.genblk1.genblk1.genblk1.lut0.genblk1.genblk1.genblk1.genblk1.genblk1.lut0 (4 -> 1)
  Optimizing lut $abc$5386$auto$blifparse.cc:525:parse_blif$5470.genblk1.genblk1.genblk1.genblk1.genblk1.genblk1.genblk1.genblk1.lut1.genblk1.genblk1.genblk1.genblk1.genblk1.genblk1.genblk1.lut1.genblk1.genblk1.genblk1.genblk1.genblk1.genblk1.lut0.genblk1.genblk1.genblk1.genblk1.genblk1.lut0 (4 -> 0)
  Optimizing lut $abc$5386$auto$blifparse.cc:525:parse_blif$5564.genblk1.genblk1.genblk1.genblk1.genblk1.genblk1.genblk1.genblk1.lut0.genblk1.genblk1.genblk1.genblk1.genblk1.genblk1.genblk1.lut1.genblk1.genblk1.genblk1.genblk1.genblk1.genblk1.lut0.genblk1.genblk1.genblk1.genblk1.genblk1.lut0 (4 -> 2)
  Optimizing lut $abc$5386$auto$blifparse.cc:525:parse_blif$5450.genblk1.genblk1.genblk1.genblk1.genblk1.genblk1.genblk1.genblk1.lut1.genblk1.genblk1.genblk1.genblk1.genblk1.genblk1.genblk1.lut0.genblk1.genblk1.genblk1.genblk1.genblk1.genblk1.lut1.genblk1.genblk1.genblk1.genblk1.genblk1.lut0 (4 -> 1)
  Optimizing lut $abc$5386$auto$blifparse.cc:525:parse_blif$5399.genblk1.genblk1.genblk1.genblk1.genblk1.genblk1.genblk1.genblk1.lut0.genblk1.genblk1.genblk1.genblk1.genblk1.genblk1.genblk1.lut1.genblk1.genblk1.genblk1.genblk1.genblk1.genblk1.lut1.genblk1.genblk1.genblk1.genblk1.genblk1.lut1 (4 -> 0)
  Optimizing lut $abc$5386$auto$blifparse.cc:525:parse_blif$5575.genblk1.genblk1.genblk1.genblk1.genblk1.genblk1.genblk1.genblk1.lut0.genblk1.genblk1.genblk1.genblk1.genblk1.genblk1.genblk1.lut1.genblk1.genblk1.genblk1.genblk1.genblk1.genblk1.lut0.genblk1.genblk1.genblk1.genblk1.genblk1.lut1 (4 -> 2)
  Optimizing lut $abc$5386$auto$blifparse.cc:525:parse_blif$5445.genblk1.genblk1.genblk1.genblk1.genblk1.genblk1.genblk1.genblk1.lut0.genblk1.genblk1.genblk1.genblk1.genblk1.genblk1.genblk1.lut1.genblk1.genblk1.genblk1.genblk1.genblk1.genblk1.lut1.genblk1.genblk1.genblk1.genblk1.genblk1.lut1 (4 -> 1)
  Optimizing lut $abc$5386$auto$blifparse.cc:525:parse_blif$5463.genblk1.genblk1.genblk1.genblk1.genblk1.genblk1.genblk1.genblk1.lut1.genblk1.genblk1.genblk1.genblk1.genblk1.genblk1.genblk1.lut1.genblk1.genblk1.genblk1.genblk1.genblk1.genblk1.lut0.genblk1.genblk1.genblk1.genblk1.genblk1.lut1 (4 -> 0)
  Optimizing lut $abc$5386$auto$blifparse.cc:525:parse_blif$5466.genblk1.genblk1.genblk1.genblk1.genblk1.genblk1.genblk1.genblk1.lut0.genblk1.genblk1.genblk1.genblk1.genblk1.genblk1.genblk1.lut0.genblk1.genblk1.genblk1.genblk1.genblk1.genblk1.lut0.genblk1.genblk1.genblk1.genblk1.genblk1.lut1 (4 -> 1)
  Optimizing lut $abc$5386$auto$blifparse.cc:525:parse_blif$5582.genblk1.genblk1.genblk1.genblk1.genblk1.genblk1.genblk1.lut1.genblk1.genblk1.genblk1.genblk1.genblk1.genblk1.lut0.genblk1.genblk1.genblk1.genblk1.genblk1.lut1 (4 -> 0)
  Optimizing lut $abc$5386$auto$blifparse.cc:525:parse_blif$5445.genblk1.genblk1.genblk1.genblk1.genblk1.genblk1.genblk1.genblk1.lut1.genblk1.genblk1.genblk1.genblk1.genblk1.genblk1.genblk1.lut1.genblk1.genblk1.genblk1.genblk1.genblk1.genblk1.lut1.genblk1.genblk1.genblk1.genblk1.genblk1.lut0 (4 -> 0)
  Optimizing lut $abc$5386$auto$blifparse.cc:525:parse_blif$5468.genblk1.genblk1.genblk1.genblk1.genblk1.genblk1.genblk1.genblk1.lut1.genblk1.genblk1.genblk1.genblk1.genblk1.genblk1.genblk1.lut0.genblk1.genblk1.genblk1.genblk1.genblk1.genblk1.lut1.genblk1.genblk1.genblk1.genblk1.genblk1.lut1 (4 -> 0)
  Optimizing lut $abc$5386$auto$blifparse.cc:525:parse_blif$5468.genblk1.genblk1.genblk1.genblk1.genblk1.genblk1.genblk1.genblk1.lut0.genblk1.genblk1.genblk1.genblk1.genblk1.genblk1.genblk1.lut1.genblk1.genblk1.genblk1.genblk1.genblk1.genblk1.lut0.genblk1.genblk1.genblk1.genblk1.genblk1.lut0 (4 -> 1)
  Optimizing lut $abc$5386$auto$blifparse.cc:525:parse_blif$5445.genblk1.genblk1.genblk1.genblk1.genblk1.genblk1.genblk1.genblk1.lut1.genblk1.genblk1.genblk1.genblk1.genblk1.genblk1.genblk1.lut1.genblk1.genblk1.genblk1.genblk1.genblk1.genblk1.lut0.genblk1.genblk1.genblk1.genblk1.genblk1.lut1 (4 -> 0)
  Optimizing lut $abc$5386$auto$blifparse.cc:525:parse_blif$5455.genblk1.genblk1.genblk1.genblk1.genblk1.genblk1.genblk1.genblk1.lut1.genblk1.genblk1.genblk1.genblk1.genblk1.genblk1.genblk1.lut1.genblk1.genblk1.genblk1.genblk1.genblk1.genblk1.lut1.genblk1.genblk1.genblk1.genblk1.genblk1.lut0 (4 -> 0)
  Optimizing lut $abc$5386$auto$blifparse.cc:525:parse_blif$5391.genblk1.genblk1.genblk1.genblk1.genblk1.genblk1.genblk1.genblk1.lut0.genblk1.genblk1.genblk1.genblk1.genblk1.genblk1.genblk1.lut1.genblk1.genblk1.genblk1.genblk1.genblk1.genblk1.lut1.genblk1.genblk1.genblk1.genblk1.genblk1.lut1 (4 -> 0)
  Optimizing lut $abc$5386$auto$blifparse.cc:525:parse_blif$5450.genblk1.genblk1.genblk1.genblk1.genblk1.genblk1.genblk1.genblk1.lut1.genblk1.genblk1.genblk1.genblk1.genblk1.genblk1.genblk1.lut0.genblk1.genblk1.genblk1.genblk1.genblk1.genblk1.lut0.genblk1.genblk1.genblk1.genblk1.genblk1.lut1 (4 -> 1)
  Optimizing lut $abc$5386$auto$blifparse.cc:525:parse_blif$5401.genblk1.genblk1.genblk1.genblk1.genblk1.genblk1.genblk1.genblk1.lut1.genblk1.genblk1.genblk1.genblk1.genblk1.genblk1.genblk1.lut0.genblk1.genblk1.genblk1.genblk1.genblk1.genblk1.lut0.genblk1.genblk1.genblk1.genblk1.genblk1.lut0 (4 -> 0)
  Optimizing lut $abc$5386$auto$blifparse.cc:525:parse_blif$5450.genblk1.genblk1.genblk1.genblk1.genblk1.genblk1.genblk1.genblk1.lut0.genblk1.genblk1.genblk1.genblk1.genblk1.genblk1.genblk1.lut1.genblk1.genblk1.genblk1.genblk1.genblk1.genblk1.lut0.genblk1.genblk1.genblk1.genblk1.genblk1.lut1 (4 -> 0)
  Optimizing lut $abc$5386$auto$blifparse.cc:525:parse_blif$5463.genblk1.genblk1.genblk1.genblk1.genblk1.genblk1.genblk1.genblk1.lut0.genblk1.genblk1.genblk1.genblk1.genblk1.genblk1.genblk1.lut0.genblk1.genblk1.genblk1.genblk1.genblk1.genblk1.lut1.genblk1.genblk1.genblk1.genblk1.genblk1.lut0 (4 -> 1)
  Optimizing lut $abc$5386$auto$blifparse.cc:525:parse_blif$5403.genblk1.genblk1.genblk1.genblk1.genblk1.genblk1.genblk1.genblk1.lut0.genblk1.genblk1.genblk1.genblk1.genblk1.genblk1.genblk1.lut0.genblk1.genblk1.genblk1.genblk1.genblk1.genblk1.lut0.genblk1.genblk1.genblk1.genblk1.genblk1.lut0 (4 -> 1)
  Optimizing lut $abc$5386$auto$blifparse.cc:525:parse_blif$5470.genblk1.genblk1.genblk1.genblk1.genblk1.genblk1.genblk1.genblk1.lut1.genblk1.genblk1.genblk1.genblk1.genblk1.genblk1.genblk1.lut0.genblk1.genblk1.genblk1.genblk1.genblk1.genblk1.lut1.genblk1.genblk1.genblk1.genblk1.genblk1.lut0 (4 -> 0)
  Optimizing lut $abc$5386$auto$blifparse.cc:525:parse_blif$5533.genblk1.genblk1.genblk1.genblk1.genblk1.genblk1.genblk1.lut0.genblk1.genblk1.genblk1.genblk1.genblk1.genblk1.lut1.genblk1.genblk1.genblk1.genblk1.genblk1.lut0 (4 -> 1)
  Optimizing lut $abc$5386$auto$blifparse.cc:525:parse_blif$5575.genblk1.genblk1.genblk1.genblk1.genblk1.genblk1.genblk1.genblk1.lut1.genblk1.genblk1.genblk1.genblk1.genblk1.genblk1.genblk1.lut1.genblk1.genblk1.genblk1.genblk1.genblk1.genblk1.lut1.genblk1.genblk1.genblk1.genblk1.genblk1.lut0 (4 -> 0)
  Optimizing lut $abc$5386$auto$blifparse.cc:525:parse_blif$5582.genblk1.genblk1.genblk1.genblk1.genblk1.genblk1.genblk1.lut0.genblk1.genblk1.genblk1.genblk1.genblk1.genblk1.lut0.genblk1.genblk1.genblk1.genblk1.genblk1.lut1 (4 -> 1)
  Optimizing lut $abc$5386$auto$blifparse.cc:525:parse_blif$5447.genblk1.genblk1.genblk1.genblk1.genblk1.genblk1.genblk1.genblk1.lut0.genblk1.genblk1.genblk1.genblk1.genblk1.genblk1.genblk1.lut0.genblk1.genblk1.genblk1.genblk1.genblk1.genblk1.lut0.genblk1.genblk1.genblk1.genblk1.genblk1.lut0 (4 -> 1)
  Optimizing lut $abc$5386$auto$blifparse.cc:525:parse_blif$5447.genblk1.genblk1.genblk1.genblk1.genblk1.genblk1.genblk1.genblk1.lut0.genblk1.genblk1.genblk1.genblk1.genblk1.genblk1.genblk1.lut0.genblk1.genblk1.genblk1.genblk1.genblk1.genblk1.lut1.genblk1.genblk1.genblk1.genblk1.genblk1.lut0 (4 -> 1)
  Optimizing lut $abc$5386$auto$blifparse.cc:525:parse_blif$5445.genblk1.genblk1.genblk1.genblk1.genblk1.genblk1.genblk1.genblk1.lut0.genblk1.genblk1.genblk1.genblk1.genblk1.genblk1.genblk1.lut0.genblk1.genblk1.genblk1.genblk1.genblk1.genblk1.lut0.genblk1.genblk1.genblk1.genblk1.genblk1.lut0 (4 -> 2)
  Optimizing lut $abc$5386$auto$blifparse.cc:525:parse_blif$5445.genblk1.genblk1.genblk1.genblk1.genblk1.genblk1.genblk1.genblk1.lut0.genblk1.genblk1.genblk1.genblk1.genblk1.genblk1.genblk1.lut0.genblk1.genblk1.genblk1.genblk1.genblk1.genblk1.lut1.genblk1.genblk1.genblk1.genblk1.genblk1.lut0 (4 -> 1)
  Optimizing lut $abc$5386$auto$blifparse.cc:525:parse_blif$5397.genblk1.genblk1.genblk1.genblk1.genblk1.genblk1.genblk1.genblk1.lut1.genblk1.genblk1.genblk1.genblk1.genblk1.genblk1.genblk1.lut0.genblk1.genblk1.genblk1.genblk1.genblk1.genblk1.lut1.genblk1.genblk1.genblk1.genblk1.genblk1.lut1 (4 -> 0)
  Optimizing lut $abc$5386$auto$blifparse.cc:525:parse_blif$5551.genblk1.genblk1.genblk1.genblk1.genblk1.genblk1.genblk1.lut1.genblk1.genblk1.genblk1.genblk1.genblk1.genblk1.lut0.genblk1.genblk1.genblk1.genblk1.genblk1.lut0 (4 -> 1)
  Optimizing lut $abc$5386$auto$blifparse.cc:525:parse_blif$5540.genblk1.genblk1.genblk1.genblk1.genblk1.genblk1.genblk1.genblk1.lut0.genblk1.genblk1.genblk1.genblk1.genblk1.genblk1.genblk1.lut0.genblk1.genblk1.genblk1.genblk1.genblk1.genblk1.lut0.genblk1.genblk1.genblk1.genblk1.genblk1.lut0 (4 -> 0)
  Optimizing lut $abc$5386$auto$blifparse.cc:525:parse_blif$5441.genblk1.genblk1.genblk1.genblk1.genblk1.genblk1.genblk1.genblk1.lut0.genblk1.genblk1.genblk1.genblk1.genblk1.genblk1.genblk1.lut0.genblk1.genblk1.genblk1.genblk1.genblk1.genblk1.lut1.genblk1.genblk1.genblk1.genblk1.genblk1.lut0 (4 -> 1)
  Optimizing lut $abc$5386$auto$blifparse.cc:525:parse_blif$5453.genblk1.genblk1.genblk1.genblk1.genblk1.genblk1.genblk1.genblk1.lut1.genblk1.genblk1.genblk1.genblk1.genblk1.genblk1.genblk1.lut0.genblk1.genblk1.genblk1.genblk1.genblk1.genblk1.lut0.genblk1.genblk1.genblk1.genblk1.genblk1.lut1 (4 -> 0)
  Optimizing lut $abc$5386$auto$blifparse.cc:525:parse_blif$5568.genblk1.genblk1.genblk1.genblk1.genblk1.genblk1.genblk1.genblk1.lut1.genblk1.genblk1.genblk1.genblk1.genblk1.genblk1.genblk1.lut1.genblk1.genblk1.genblk1.genblk1.genblk1.genblk1.lut0.genblk1.genblk1.genblk1.genblk1.genblk1.lut0 (4 -> 0)
  Optimizing lut $abc$5386$auto$blifparse.cc:525:parse_blif$5568.genblk1.genblk1.genblk1.genblk1.genblk1.genblk1.genblk1.genblk1.lut1.genblk1.genblk1.genblk1.genblk1.genblk1.genblk1.genblk1.lut1.genblk1.genblk1.genblk1.genblk1.genblk1.genblk1.lut1.genblk1.genblk1.genblk1.genblk1.genblk1.lut0 (4 -> 0)
  Optimizing lut $abc$5386$auto$blifparse.cc:525:parse_blif$5552.genblk1.genblk1.genblk1.genblk1.genblk1.genblk1.genblk1.lut0.genblk1.genblk1.genblk1.genblk1.genblk1.genblk1.lut0.genblk1.genblk1.genblk1.genblk1.genblk1.lut1 (4 -> 1)
  Optimizing lut $abc$5386$auto$blifparse.cc:525:parse_blif$5470.genblk1.genblk1.genblk1.genblk1.genblk1.genblk1.genblk1.genblk1.lut0.genblk1.genblk1.genblk1.genblk1.genblk1.genblk1.genblk1.lut0.genblk1.genblk1.genblk1.genblk1.genblk1.genblk1.lut0.genblk1.genblk1.genblk1.genblk1.genblk1.lut1 (4 -> 2)
  Optimizing lut $abc$5386$auto$blifparse.cc:525:parse_blif$5466.genblk1.genblk1.genblk1.genblk1.genblk1.genblk1.genblk1.genblk1.lut0.genblk1.genblk1.genblk1.genblk1.genblk1.genblk1.genblk1.lut0.genblk1.genblk1.genblk1.genblk1.genblk1.genblk1.lut1.genblk1.genblk1.genblk1.genblk1.genblk1.lut0 (4 -> 1)
  Optimizing lut $abc$5386$auto$blifparse.cc:525:parse_blif$5457.genblk1.genblk1.genblk1.genblk1.genblk1.genblk1.genblk1.genblk1.lut1.genblk1.genblk1.genblk1.genblk1.genblk1.genblk1.genblk1.lut0.genblk1.genblk1.genblk1.genblk1.genblk1.genblk1.lut0.genblk1.genblk1.genblk1.genblk1.genblk1.lut1 (4 -> 0)
  Optimizing lut $abc$5386$auto$blifparse.cc:525:parse_blif$5397.genblk1.genblk1.genblk1.genblk1.genblk1.genblk1.genblk1.genblk1.lut1.genblk1.genblk1.genblk1.genblk1.genblk1.genblk1.genblk1.lut1.genblk1.genblk1.genblk1.genblk1.genblk1.genblk1.lut0.genblk1.genblk1.genblk1.genblk1.genblk1.lut1 (4 -> 0)
  Optimizing lut $abc$5386$auto$blifparse.cc:525:parse_blif$5443.genblk1.genblk1.genblk1.genblk1.genblk1.genblk1.genblk1.genblk1.lut1.genblk1.genblk1.genblk1.genblk1.genblk1.genblk1.genblk1.lut1.genblk1.genblk1.genblk1.genblk1.genblk1.genblk1.lut1.genblk1.genblk1.genblk1.genblk1.genblk1.lut0 (4 -> 0)
  Optimizing lut $abc$5386$auto$blifparse.cc:525:parse_blif$5459.genblk1.genblk1.genblk1.genblk1.genblk1.genblk1.genblk1.genblk1.lut1.genblk1.genblk1.genblk1.genblk1.genblk1.genblk1.genblk1.lut1.genblk1.genblk1.genblk1.genblk1.genblk1.genblk1.lut1.genblk1.genblk1.genblk1.genblk1.genblk1.lut1 (4 -> 0)
  Optimizing lut $abc$5386$auto$blifparse.cc:525:parse_blif$5393.genblk1.genblk1.genblk1.genblk1.genblk1.genblk1.genblk1.genblk1.lut1.genblk1.genblk1.genblk1.genblk1.genblk1.genblk1.genblk1.lut0.genblk1.genblk1.genblk1.genblk1.genblk1.genblk1.lut0.genblk1.genblk1.genblk1.genblk1.genblk1.lut0 (4 -> 0)
  Optimizing lut $abc$5386$auto$blifparse.cc:525:parse_blif$5573.genblk1.genblk1.genblk1.genblk1.genblk1.genblk1.lut0.genblk1.genblk1.genblk1.genblk1.genblk1.lut1 (4 -> 2)
  Optimizing lut $abc$5386$auto$blifparse.cc:525:parse_blif$5539.genblk1.genblk1.genblk1.genblk1.genblk1.genblk1.genblk1.genblk1.lut0.genblk1.genblk1.genblk1.genblk1.genblk1.genblk1.genblk1.lut0.genblk1.genblk1.genblk1.genblk1.genblk1.genblk1.lut0.genblk1.genblk1.genblk1.genblk1.genblk1.lut0 (4 -> 0)
  Optimizing lut $abc$5386$auto$blifparse.cc:525:parse_blif$5463.genblk1.genblk1.genblk1.genblk1.genblk1.genblk1.genblk1.genblk1.lut1.genblk1.genblk1.genblk1.genblk1.genblk1.genblk1.genblk1.lut1.genblk1.genblk1.genblk1.genblk1.genblk1.genblk1.lut1.genblk1.genblk1.genblk1.genblk1.genblk1.lut0 (4 -> 0)
  Optimizing lut $abc$5386$auto$blifparse.cc:525:parse_blif$5445.genblk1.genblk1.genblk1.genblk1.genblk1.genblk1.genblk1.genblk1.lut0.genblk1.genblk1.genblk1.genblk1.genblk1.genblk1.genblk1.lut0.genblk1.genblk1.genblk1.genblk1.genblk1.genblk1.lut1.genblk1.genblk1.genblk1.genblk1.genblk1.lut1 (4 -> 1)
  Optimizing lut $abc$5386$auto$blifparse.cc:525:parse_blif$5395.genblk1.genblk1.genblk1.genblk1.genblk1.genblk1.genblk1.genblk1.lut0.genblk1.genblk1.genblk1.genblk1.genblk1.genblk1.genblk1.lut0.genblk1.genblk1.genblk1.genblk1.genblk1.genblk1.lut0.genblk1.genblk1.genblk1.genblk1.genblk1.lut0 (4 -> 1)
  Optimizing lut $abc$5386$auto$blifparse.cc:525:parse_blif$5575.genblk1.genblk1.genblk1.genblk1.genblk1.genblk1.genblk1.genblk1.lut1.genblk1.genblk1.genblk1.genblk1.genblk1.genblk1.genblk1.lut1.genblk1.genblk1.genblk1.genblk1.genblk1.genblk1.lut1.genblk1.genblk1.genblk1.genblk1.genblk1.lut1 (4 -> 0)
  Optimizing lut $abc$5386$auto$blifparse.cc:525:parse_blif$5441.genblk1.genblk1.genblk1.genblk1.genblk1.genblk1.genblk1.genblk1.lut1.genblk1.genblk1.genblk1.genblk1.genblk1.genblk1.genblk1.lut1.genblk1.genblk1.genblk1.genblk1.genblk1.genblk1.lut1.genblk1.genblk1.genblk1.genblk1.genblk1.lut1 (4 -> 0)
  Optimizing lut $abc$5386$auto$blifparse.cc:525:parse_blif$5393.genblk1.genblk1.genblk1.genblk1.genblk1.genblk1.genblk1.genblk1.lut1.genblk1.genblk1.genblk1.genblk1.genblk1.genblk1.genblk1.lut1.genblk1.genblk1.genblk1.genblk1.genblk1.genblk1.lut1.genblk1.genblk1.genblk1.genblk1.genblk1.lut1 (4 -> 0)
  Optimizing lut $abc$5386$auto$blifparse.cc:525:parse_blif$5447.genblk1.genblk1.genblk1.genblk1.genblk1.genblk1.genblk1.genblk1.lut0.genblk1.genblk1.genblk1.genblk1.genblk1.genblk1.genblk1.lut1.genblk1.genblk1.genblk1.genblk1.genblk1.genblk1.lut0.genblk1.genblk1.genblk1.genblk1.genblk1.lut1 (4 -> 0)
  Optimizing lut $abc$5386$auto$blifparse.cc:525:parse_blif$5395.genblk1.genblk1.genblk1.genblk1.genblk1.genblk1.genblk1.genblk1.lut1.genblk1.genblk1.genblk1.genblk1.genblk1.genblk1.genblk1.lut1.genblk1.genblk1.genblk1.genblk1.genblk1.genblk1.lut0.genblk1.genblk1.genblk1.genblk1.genblk1.lut1 (4 -> 0)
  Optimizing lut $abc$5386$auto$blifparse.cc:525:parse_blif$5389.genblk1.genblk1.genblk1.genblk1.genblk1.genblk1.genblk1.genblk1.lut0.genblk1.genblk1.genblk1.genblk1.genblk1.genblk1.genblk1.lut0.genblk1.genblk1.genblk1.genblk1.genblk1.genblk1.lut1.genblk1.genblk1.genblk1.genblk1.genblk1.lut1 (4 -> 1)
  Optimizing lut $abc$5386$auto$blifparse.cc:525:parse_blif$5450.genblk1.genblk1.genblk1.genblk1.genblk1.genblk1.genblk1.genblk1.lut0.genblk1.genblk1.genblk1.genblk1.genblk1.genblk1.genblk1.lut1.genblk1.genblk1.genblk1.genblk1.genblk1.genblk1.lut0.genblk1.genblk1.genblk1.genblk1.genblk1.lut0 (4 -> 0)
  Optimizing lut $abc$5386$auto$blifparse.cc:525:parse_blif$5447.genblk1.genblk1.genblk1.genblk1.genblk1.genblk1.genblk1.genblk1.lut1.genblk1.genblk1.genblk1.genblk1.genblk1.genblk1.genblk1.lut0.genblk1.genblk1.genblk1.genblk1.genblk1.genblk1.lut0.genblk1.genblk1.genblk1.genblk1.genblk1.lut1 (4 -> 1)
  Optimizing lut $abc$5386$auto$blifparse.cc:525:parse_blif$5443.genblk1.genblk1.genblk1.genblk1.genblk1.genblk1.genblk1.genblk1.lut1.genblk1.genblk1.genblk1.genblk1.genblk1.genblk1.genblk1.lut0.genblk1.genblk1.genblk1.genblk1.genblk1.genblk1.lut0.genblk1.genblk1.genblk1.genblk1.genblk1.lut1 (4 -> 1)
  Optimizing lut $abc$5386$auto$blifparse.cc:525:parse_blif$5443.genblk1.genblk1.genblk1.genblk1.genblk1.genblk1.genblk1.genblk1.lut0.genblk1.genblk1.genblk1.genblk1.genblk1.genblk1.genblk1.lut0.genblk1.genblk1.genblk1.genblk1.genblk1.genblk1.lut0.genblk1.genblk1.genblk1.genblk1.genblk1.lut1 (4 -> 1)
  Optimizing lut $abc$5386$auto$blifparse.cc:525:parse_blif$5468.genblk1.genblk1.genblk1.genblk1.genblk1.genblk1.genblk1.genblk1.lut1.genblk1.genblk1.genblk1.genblk1.genblk1.genblk1.genblk1.lut0.genblk1.genblk1.genblk1.genblk1.genblk1.genblk1.lut0.genblk1.genblk1.genblk1.genblk1.genblk1.lut1 (4 -> 0)
  Optimizing lut $abc$5386$auto$blifparse.cc:525:parse_blif$5389.genblk1.genblk1.genblk1.genblk1.genblk1.genblk1.genblk1.genblk1.lut1.genblk1.genblk1.genblk1.genblk1.genblk1.genblk1.genblk1.lut1.genblk1.genblk1.genblk1.genblk1.genblk1.genblk1.lut0.genblk1.genblk1.genblk1.genblk1.genblk1.lut1 (4 -> 0)
  Optimizing lut $abc$5386$auto$blifparse.cc:525:parse_blif$5391.genblk1.genblk1.genblk1.genblk1.genblk1.genblk1.genblk1.genblk1.lut1.genblk1.genblk1.genblk1.genblk1.genblk1.genblk1.genblk1.lut1.genblk1.genblk1.genblk1.genblk1.genblk1.genblk1.lut0.genblk1.genblk1.genblk1.genblk1.genblk1.lut0 (4 -> 0)
  Optimizing lut $abc$5386$auto$blifparse.cc:525:parse_blif$5395.genblk1.genblk1.genblk1.genblk1.genblk1.genblk1.genblk1.genblk1.lut1.genblk1.genblk1.genblk1.genblk1.genblk1.genblk1.genblk1.lut0.genblk1.genblk1.genblk1.genblk1.genblk1.genblk1.lut1.genblk1.genblk1.genblk1.genblk1.genblk1.lut1 (4 -> 1)
  Optimizing lut $abc$5386$auto$blifparse.cc:525:parse_blif$5395.genblk1.genblk1.genblk1.genblk1.genblk1.genblk1.genblk1.genblk1.lut1.genblk1.genblk1.genblk1.genblk1.genblk1.genblk1.genblk1.lut0.genblk1.genblk1.genblk1.genblk1.genblk1.genblk1.lut0.genblk1.genblk1.genblk1.genblk1.genblk1.lut1 (4 -> 1)
  Optimizing lut $abc$5386$auto$blifparse.cc:525:parse_blif$5445.genblk1.genblk1.genblk1.genblk1.genblk1.genblk1.genblk1.genblk1.lut1.genblk1.genblk1.genblk1.genblk1.genblk1.genblk1.genblk1.lut1.genblk1.genblk1.genblk1.genblk1.genblk1.genblk1.lut1.genblk1.genblk1.genblk1.genblk1.genblk1.lut1 (4 -> 0)
  Optimizing lut $abc$5386$auto$blifparse.cc:525:parse_blif$5455.genblk1.genblk1.genblk1.genblk1.genblk1.genblk1.genblk1.genblk1.lut0.genblk1.genblk1.genblk1.genblk1.genblk1.genblk1.genblk1.lut0.genblk1.genblk1.genblk1.genblk1.genblk1.genblk1.lut1.genblk1.genblk1.genblk1.genblk1.genblk1.lut1 (4 -> 2)
  Optimizing lut $abc$5386$auto$blifparse.cc:525:parse_blif$5447.genblk1.genblk1.genblk1.genblk1.genblk1.genblk1.genblk1.genblk1.lut0.genblk1.genblk1.genblk1.genblk1.genblk1.genblk1.genblk1.lut0.genblk1.genblk1.genblk1.genblk1.genblk1.genblk1.lut0.genblk1.genblk1.genblk1.genblk1.genblk1.lut1 (4 -> 1)
  Optimizing lut $abc$5386$auto$blifparse.cc:525:parse_blif$5540.genblk1.genblk1.genblk1.genblk1.genblk1.genblk1.genblk1.genblk1.lut1.genblk1.genblk1.genblk1.genblk1.genblk1.genblk1.genblk1.lut0.genblk1.genblk1.genblk1.genblk1.genblk1.genblk1.lut0.genblk1.genblk1.genblk1.genblk1.genblk1.lut1 (4 -> 0)
  Optimizing lut $abc$5386$auto$blifparse.cc:525:parse_blif$5443.genblk1.genblk1.genblk1.genblk1.genblk1.genblk1.genblk1.genblk1.lut1.genblk1.genblk1.genblk1.genblk1.genblk1.genblk1.genblk1.lut1.genblk1.genblk1.genblk1.genblk1.genblk1.genblk1.lut1.genblk1.genblk1.genblk1.genblk1.genblk1.lut1 (4 -> 0)
  Optimizing lut $abc$5386$auto$blifparse.cc:525:parse_blif$5470.genblk1.genblk1.genblk1.genblk1.genblk1.genblk1.genblk1.genblk1.lut0.genblk1.genblk1.genblk1.genblk1.genblk1.genblk1.genblk1.lut0.genblk1.genblk1.genblk1.genblk1.genblk1.genblk1.lut0.genblk1.genblk1.genblk1.genblk1.genblk1.lut0 (4 -> 2)
  Optimizing lut $abc$5386$auto$blifparse.cc:525:parse_blif$5397.genblk1.genblk1.genblk1.genblk1.genblk1.genblk1.genblk1.genblk1.lut0.genblk1.genblk1.genblk1.genblk1.genblk1.genblk1.genblk1.lut0.genblk1.genblk1.genblk1.genblk1.genblk1.genblk1.lut0.genblk1.genblk1.genblk1.genblk1.genblk1.lut1 (4 -> 2)
  Optimizing lut $abc$5386$auto$blifparse.cc:525:parse_blif$5451.genblk1.genblk1.genblk1.genblk1.genblk1.genblk1.lut1.genblk1.genblk1.genblk1.genblk1.genblk1.lut0 (4 -> 2)
  Optimizing lut $abc$5386$auto$blifparse.cc:525:parse_blif$5573.genblk1.genblk1.genblk1.genblk1.genblk1.genblk1.lut1.genblk1.genblk1.genblk1.genblk1.genblk1.lut1 (4 -> 2)
  Optimizing lut $abc$5386$auto$blifparse.cc:525:parse_blif$5470.genblk1.genblk1.genblk1.genblk1.genblk1.genblk1.genblk1.genblk1.lut1.genblk1.genblk1.genblk1.genblk1.genblk1.genblk1.genblk1.lut0.genblk1.genblk1.genblk1.genblk1.genblk1.genblk1.lut0.genblk1.genblk1.genblk1.genblk1.genblk1.lut1 (4 -> 0)
  Optimizing lut $abc$5386$auto$blifparse.cc:525:parse_blif$5602.genblk1.genblk1.genblk1.genblk1.genblk1.genblk1.lut1.genblk1.genblk1.genblk1.genblk1.genblk1.lut0 (4 -> 3)
  Optimizing lut $abc$5386$auto$blifparse.cc:525:parse_blif$5552.genblk1.genblk1.genblk1.genblk1.genblk1.genblk1.genblk1.lut1.genblk1.genblk1.genblk1.genblk1.genblk1.genblk1.lut0.genblk1.genblk1.genblk1.genblk1.genblk1.lut0 (4 -> 0)
  Optimizing lut $abc$5386$auto$blifparse.cc:525:parse_blif$5401.genblk1.genblk1.genblk1.genblk1.genblk1.genblk1.genblk1.genblk1.lut0.genblk1.genblk1.genblk1.genblk1.genblk1.genblk1.genblk1.lut0.genblk1.genblk1.genblk1.genblk1.genblk1.genblk1.lut1.genblk1.genblk1.genblk1.genblk1.genblk1.lut1 (4 -> 1)
  Optimizing lut $abc$5386$auto$blifparse.cc:525:parse_blif$5575.genblk1.genblk1.genblk1.genblk1.genblk1.genblk1.genblk1.genblk1.lut1.genblk1.genblk1.genblk1.genblk1.genblk1.genblk1.genblk1.lut0.genblk1.genblk1.genblk1.genblk1.genblk1.genblk1.lut0.genblk1.genblk1.genblk1.genblk1.genblk1.lut1 (4 -> 0)
  Optimizing lut $abc$5386$auto$blifparse.cc:525:parse_blif$5463.genblk1.genblk1.genblk1.genblk1.genblk1.genblk1.genblk1.genblk1.lut0.genblk1.genblk1.genblk1.genblk1.genblk1.genblk1.genblk1.lut1.genblk1.genblk1.genblk1.genblk1.genblk1.genblk1.lut0.genblk1.genblk1.genblk1.genblk1.genblk1.lut1 (4 -> 0)
  Optimizing lut $abc$5386$auto$blifparse.cc:525:parse_blif$5470.genblk1.genblk1.genblk1.genblk1.genblk1.genblk1.genblk1.genblk1.lut0.genblk1.genblk1.genblk1.genblk1.genblk1.genblk1.genblk1.lut0.genblk1.genblk1.genblk1.genblk1.genblk1.genblk1.lut1.genblk1.genblk1.genblk1.genblk1.genblk1.lut0 (4 -> 2)
  Optimizing lut $abc$5386$auto$blifparse.cc:525:parse_blif$5401.genblk1.genblk1.genblk1.genblk1.genblk1.genblk1.genblk1.genblk1.lut0.genblk1.genblk1.genblk1.genblk1.genblk1.genblk1.genblk1.lut1.genblk1.genblk1.genblk1.genblk1.genblk1.genblk1.lut0.genblk1.genblk1.genblk1.genblk1.genblk1.lut0 (4 -> 1)
  Optimizing lut $abc$5386$auto$blifparse.cc:525:parse_blif$5568.genblk1.genblk1.genblk1.genblk1.genblk1.genblk1.genblk1.genblk1.lut0.genblk1.genblk1.genblk1.genblk1.genblk1.genblk1.genblk1.lut1.genblk1.genblk1.genblk1.genblk1.genblk1.genblk1.lut1.genblk1.genblk1.genblk1.genblk1.genblk1.lut0 (4 -> 2)
  Optimizing lut $abc$5386$auto$blifparse.cc:525:parse_blif$5466.genblk1.genblk1.genblk1.genblk1.genblk1.genblk1.genblk1.genblk1.lut1.genblk1.genblk1.genblk1.genblk1.genblk1.genblk1.genblk1.lut0.genblk1.genblk1.genblk1.genblk1.genblk1.genblk1.lut1.genblk1.genblk1.genblk1.genblk1.genblk1.lut0 (4 -> 1)
  Optimizing lut $abc$5386$auto$blifparse.cc:525:parse_blif$5564.genblk1.genblk1.genblk1.genblk1.genblk1.genblk1.genblk1.genblk1.lut0.genblk1.genblk1.genblk1.genblk1.genblk1.genblk1.genblk1.lut0.genblk1.genblk1.genblk1.genblk1.genblk1.genblk1.lut1.genblk1.genblk1.genblk1.genblk1.genblk1.lut0 (4 -> 1)
  Optimizing lut $abc$5386$auto$blifparse.cc:525:parse_blif$5461.genblk1.genblk1.genblk1.genblk1.genblk1.genblk1.genblk1.genblk1.lut1.genblk1.genblk1.genblk1.genblk1.genblk1.genblk1.genblk1.lut1.genblk1.genblk1.genblk1.genblk1.genblk1.genblk1.lut1.genblk1.genblk1.genblk1.genblk1.genblk1.lut1 (4 -> 0)
  Optimizing lut $abc$5386$auto$blifparse.cc:525:parse_blif$5399.genblk1.genblk1.genblk1.genblk1.genblk1.genblk1.genblk1.genblk1.lut1.genblk1.genblk1.genblk1.genblk1.genblk1.genblk1.genblk1.lut0.genblk1.genblk1.genblk1.genblk1.genblk1.genblk1.lut1.genblk1.genblk1.genblk1.genblk1.genblk1.lut0 (4 -> 1)
  Optimizing lut $abc$5386$auto$blifparse.cc:525:parse_blif$5391.genblk1.genblk1.genblk1.genblk1.genblk1.genblk1.genblk1.genblk1.lut0.genblk1.genblk1.genblk1.genblk1.genblk1.genblk1.genblk1.lut0.genblk1.genblk1.genblk1.genblk1.genblk1.genblk1.lut1.genblk1.genblk1.genblk1.genblk1.genblk1.lut1 (4 -> 1)
  Optimizing lut $abc$5386$auto$blifparse.cc:525:parse_blif$5575.genblk1.genblk1.genblk1.genblk1.genblk1.genblk1.genblk1.genblk1.lut0.genblk1.genblk1.genblk1.genblk1.genblk1.genblk1.genblk1.lut1.genblk1.genblk1.genblk1.genblk1.genblk1.genblk1.lut1.genblk1.genblk1.genblk1.genblk1.genblk1.lut0 (4 -> 2)
  Optimizing lut $abc$5386$auto$blifparse.cc:525:parse_blif$5453.genblk1.genblk1.genblk1.genblk1.genblk1.genblk1.genblk1.genblk1.lut0.genblk1.genblk1.genblk1.genblk1.genblk1.genblk1.genblk1.lut0.genblk1.genblk1.genblk1.genblk1.genblk1.genblk1.lut0.genblk1.genblk1.genblk1.genblk1.genblk1.lut1 (4 -> 2)
  Optimizing lut $abc$5386$auto$blifparse.cc:525:parse_blif$5389.genblk1.genblk1.genblk1.genblk1.genblk1.genblk1.genblk1.genblk1.lut1.genblk1.genblk1.genblk1.genblk1.genblk1.genblk1.genblk1.lut0.genblk1.genblk1.genblk1.genblk1.genblk1.genblk1.lut1.genblk1.genblk1.genblk1.genblk1.genblk1.lut1 (4 -> 0)
  Optimizing lut $abc$5386$auto$blifparse.cc:525:parse_blif$5389.genblk1.genblk1.genblk1.genblk1.genblk1.genblk1.genblk1.genblk1.lut1.genblk1.genblk1.genblk1.genblk1.genblk1.genblk1.genblk1.lut0.genblk1.genblk1.genblk1.genblk1.genblk1.genblk1.lut0.genblk1.genblk1.genblk1.genblk1.genblk1.lut1 (4 -> 0)
  Optimizing lut $abc$5386$auto$blifparse.cc:525:parse_blif$5457.genblk1.genblk1.genblk1.genblk1.genblk1.genblk1.genblk1.genblk1.lut1.genblk1.genblk1.genblk1.genblk1.genblk1.genblk1.genblk1.lut1.genblk1.genblk1.genblk1.genblk1.genblk1.genblk1.lut1.genblk1.genblk1.genblk1.genblk1.genblk1.lut0 (4 -> 0)
  Optimizing lut $abc$5386$auto$blifparse.cc:525:parse_blif$5468.genblk1.genblk1.genblk1.genblk1.genblk1.genblk1.genblk1.genblk1.lut0.genblk1.genblk1.genblk1.genblk1.genblk1.genblk1.genblk1.lut1.genblk1.genblk1.genblk1.genblk1.genblk1.genblk1.lut1.genblk1.genblk1.genblk1.genblk1.genblk1.lut1 (4 -> 1)
  Optimizing lut $abc$5386$auto$blifparse.cc:525:parse_blif$5461.genblk1.genblk1.genblk1.genblk1.genblk1.genblk1.genblk1.genblk1.lut1.genblk1.genblk1.genblk1.genblk1.genblk1.genblk1.genblk1.lut0.genblk1.genblk1.genblk1.genblk1.genblk1.genblk1.lut1.genblk1.genblk1.genblk1.genblk1.genblk1.lut0 (4 -> 0)
  Optimizing lut $abc$5386$auto$blifparse.cc:525:parse_blif$5453.genblk1.genblk1.genblk1.genblk1.genblk1.genblk1.genblk1.genblk1.lut0.genblk1.genblk1.genblk1.genblk1.genblk1.genblk1.genblk1.lut1.genblk1.genblk1.genblk1.genblk1.genblk1.genblk1.lut1.genblk1.genblk1.genblk1.genblk1.genblk1.lut0 (4 -> 1)
  Optimizing lut $abc$5386$auto$blifparse.cc:525:parse_blif$5391.genblk1.genblk1.genblk1.genblk1.genblk1.genblk1.genblk1.genblk1.lut0.genblk1.genblk1.genblk1.genblk1.genblk1.genblk1.genblk1.lut1.genblk1.genblk1.genblk1.genblk1.genblk1.genblk1.lut0.genblk1.genblk1.genblk1.genblk1.genblk1.lut0 (4 -> 0)
  Optimizing lut $abc$5386$auto$blifparse.cc:525:parse_blif$5457.genblk1.genblk1.genblk1.genblk1.genblk1.genblk1.genblk1.genblk1.lut1.genblk1.genblk1.genblk1.genblk1.genblk1.genblk1.genblk1.lut1.genblk1.genblk1.genblk1.genblk1.genblk1.genblk1.lut0.genblk1.genblk1.genblk1.genblk1.genblk1.lut0 (4 -> 0)
  Optimizing lut $abc$5386$auto$blifparse.cc:525:parse_blif$5470.genblk1.genblk1.genblk1.genblk1.genblk1.genblk1.genblk1.genblk1.lut0.genblk1.genblk1.genblk1.genblk1.genblk1.genblk1.genblk1.lut1.genblk1.genblk1.genblk1.genblk1.genblk1.genblk1.lut0.genblk1.genblk1.genblk1.genblk1.genblk1.lut0 (4 -> 0)
  Optimizing lut $abc$5386$auto$blifparse.cc:525:parse_blif$5468.genblk1.genblk1.genblk1.genblk1.genblk1.genblk1.genblk1.genblk1.lut0.genblk1.genblk1.genblk1.genblk1.genblk1.genblk1.genblk1.lut1.genblk1.genblk1.genblk1.genblk1.genblk1.genblk1.lut1.genblk1.genblk1.genblk1.genblk1.genblk1.lut0 (4 -> 1)
  Optimizing lut $abc$5386$auto$blifparse.cc:525:parse_blif$5455.genblk1.genblk1.genblk1.genblk1.genblk1.genblk1.genblk1.genblk1.lut1.genblk1.genblk1.genblk1.genblk1.genblk1.genblk1.genblk1.lut1.genblk1.genblk1.genblk1.genblk1.genblk1.genblk1.lut1.genblk1.genblk1.genblk1.genblk1.genblk1.lut1 (4 -> 0)
  Optimizing lut $abc$5386$auto$blifparse.cc:525:parse_blif$5534.genblk1.genblk1.genblk1.genblk1.genblk1.genblk1.lut1.genblk1.genblk1.genblk1.genblk1.genblk1.lut0 (4 -> 0)
  Optimizing lut $abc$5386$auto$blifparse.cc:525:parse_blif$5463.genblk1.genblk1.genblk1.genblk1.genblk1.genblk1.genblk1.genblk1.lut1.genblk1.genblk1.genblk1.genblk1.genblk1.genblk1.genblk1.lut0.genblk1.genblk1.genblk1.genblk1.genblk1.genblk1.lut1.genblk1.genblk1.genblk1.genblk1.genblk1.lut1 (4 -> 1)
  Optimizing lut $abc$5386$auto$blifparse.cc:525:parse_blif$5568.genblk1.genblk1.genblk1.genblk1.genblk1.genblk1.genblk1.genblk1.lut0.genblk1.genblk1.genblk1.genblk1.genblk1.genblk1.genblk1.lut0.genblk1.genblk1.genblk1.genblk1.genblk1.genblk1.lut1.genblk1.genblk1.genblk1.genblk1.genblk1.lut0 (4 -> 1)
  Optimizing lut $abc$5386$auto$blifparse.cc:525:parse_blif$5450.genblk1.genblk1.genblk1.genblk1.genblk1.genblk1.genblk1.genblk1.lut1.genblk1.genblk1.genblk1.genblk1.genblk1.genblk1.genblk1.lut1.genblk1.genblk1.genblk1.genblk1.genblk1.genblk1.lut0.genblk1.genblk1.genblk1.genblk1.genblk1.lut0 (4 -> 0)
  Optimizing lut $abc$5386$auto$blifparse.cc:525:parse_blif$5534.genblk1.genblk1.genblk1.genblk1.genblk1.genblk1.lut1.genblk1.genblk1.genblk1.genblk1.genblk1.lut1 (4 -> 0)
  Optimizing lut $abc$5386$auto$blifparse.cc:525:parse_blif$5568.genblk1.genblk1.genblk1.genblk1.genblk1.genblk1.genblk1.genblk1.lut1.genblk1.genblk1.genblk1.genblk1.genblk1.genblk1.genblk1.lut0.genblk1.genblk1.genblk1.genblk1.genblk1.genblk1.lut0.genblk1.genblk1.genblk1.genblk1.genblk1.lut0 (4 -> 0)
  Optimizing lut $abc$5386$auto$blifparse.cc:525:parse_blif$5461.genblk1.genblk1.genblk1.genblk1.genblk1.genblk1.genblk1.genblk1.lut0.genblk1.genblk1.genblk1.genblk1.genblk1.genblk1.genblk1.lut0.genblk1.genblk1.genblk1.genblk1.genblk1.genblk1.lut0.genblk1.genblk1.genblk1.genblk1.genblk1.lut1 (4 -> 2)
  Optimizing lut $abc$5386$auto$blifparse.cc:525:parse_blif$5559.genblk1.genblk1.genblk1.genblk1.genblk1.genblk1.genblk1.lut0.genblk1.genblk1.genblk1.genblk1.genblk1.genblk1.lut0.genblk1.genblk1.genblk1.genblk1.genblk1.lut0 (4 -> 0)
  Optimizing lut $abc$5386$auto$blifparse.cc:525:parse_blif$5547.genblk1.genblk1.genblk1.genblk1.genblk1.genblk1.genblk1.genblk1.lut1.genblk1.genblk1.genblk1.genblk1.genblk1.genblk1.genblk1.lut0.genblk1.genblk1.genblk1.genblk1.genblk1.genblk1.lut1.genblk1.genblk1.genblk1.genblk1.genblk1.lut1 (4 -> 0)
  Optimizing lut $abc$5386$auto$blifparse.cc:525:parse_blif$5451.genblk1.genblk1.genblk1.genblk1.genblk1.genblk1.lut1.genblk1.genblk1.genblk1.genblk1.genblk1.lut1 (4 -> 2)
  Optimizing lut $abc$5386$auto$blifparse.cc:525:parse_blif$5450.genblk1.genblk1.genblk1.genblk1.genblk1.genblk1.genblk1.genblk1.lut0.genblk1.genblk1.genblk1.genblk1.genblk1.genblk1.genblk1.lut0.genblk1.genblk1.genblk1.genblk1.genblk1.genblk1.lut0.genblk1.genblk1.genblk1.genblk1.genblk1.lut0 (4 -> 1)
  Optimizing lut $abc$5386$auto$blifparse.cc:525:parse_blif$5573.genblk1.genblk1.genblk1.genblk1.genblk1.genblk1.lut1.genblk1.genblk1.genblk1.genblk1.genblk1.lut0 (4 -> 2)
  Optimizing lut $abc$5386$auto$blifparse.cc:525:parse_blif$5443.genblk1.genblk1.genblk1.genblk1.genblk1.genblk1.genblk1.genblk1.lut1.genblk1.genblk1.genblk1.genblk1.genblk1.genblk1.genblk1.lut1.genblk1.genblk1.genblk1.genblk1.genblk1.genblk1.lut0.genblk1.genblk1.genblk1.genblk1.genblk1.lut1 (4 -> 0)
  Optimizing lut $abc$5386$auto$blifparse.cc:525:parse_blif$5455.genblk1.genblk1.genblk1.genblk1.genblk1.genblk1.genblk1.genblk1.lut1.genblk1.genblk1.genblk1.genblk1.genblk1.genblk1.genblk1.lut1.genblk1.genblk1.genblk1.genblk1.genblk1.genblk1.lut0.genblk1.genblk1.genblk1.genblk1.genblk1.lut0 (4 -> 0)
  Optimizing lut $abc$5386$auto$blifparse.cc:525:parse_blif$5551.genblk1.genblk1.genblk1.genblk1.genblk1.genblk1.genblk1.lut1.genblk1.genblk1.genblk1.genblk1.genblk1.genblk1.lut0.genblk1.genblk1.genblk1.genblk1.genblk1.lut1 (4 -> 1)
  Optimizing lut $abc$5386$auto$blifparse.cc:525:parse_blif$5445.genblk1.genblk1.genblk1.genblk1.genblk1.genblk1.genblk1.genblk1.lut1.genblk1.genblk1.genblk1.genblk1.genblk1.genblk1.genblk1.lut0.genblk1.genblk1.genblk1.genblk1.genblk1.genblk1.lut1.genblk1.genblk1.genblk1.genblk1.genblk1.lut0 (4 -> 0)
  Optimizing lut $abc$5386$auto$blifparse.cc:525:parse_blif$5559.genblk1.genblk1.genblk1.genblk1.genblk1.genblk1.genblk1.lut0.genblk1.genblk1.genblk1.genblk1.genblk1.genblk1.lut0.genblk1.genblk1.genblk1.genblk1.genblk1.lut1 (4 -> 0)
  Optimizing lut $abc$5386$auto$blifparse.cc:525:parse_blif$5399.genblk1.genblk1.genblk1.genblk1.genblk1.genblk1.genblk1.genblk1.lut1.genblk1.genblk1.genblk1.genblk1.genblk1.genblk1.genblk1.lut1.genblk1.genblk1.genblk1.genblk1.genblk1.genblk1.lut1.genblk1.genblk1.genblk1.genblk1.genblk1.lut1 (4 -> 0)
  Optimizing lut $abc$5386$auto$blifparse.cc:525:parse_blif$5441.genblk1.genblk1.genblk1.genblk1.genblk1.genblk1.genblk1.genblk1.lut1.genblk1.genblk1.genblk1.genblk1.genblk1.genblk1.genblk1.lut0.genblk1.genblk1.genblk1.genblk1.genblk1.genblk1.lut0.genblk1.genblk1.genblk1.genblk1.genblk1.lut1 (4 -> 0)
  Optimizing lut $abc$5386$auto$blifparse.cc:525:parse_blif$5401.genblk1.genblk1.genblk1.genblk1.genblk1.genblk1.genblk1.genblk1.lut1.genblk1.genblk1.genblk1.genblk1.genblk1.genblk1.genblk1.lut0.genblk1.genblk1.genblk1.genblk1.genblk1.genblk1.lut1.genblk1.genblk1.genblk1.genblk1.genblk1.lut0 (4 -> 0)
  Optimizing lut $abc$5386$auto$blifparse.cc:525:parse_blif$5578.genblk1.genblk1.genblk1.genblk1.genblk1.genblk1.genblk1.lut1.genblk1.genblk1.genblk1.genblk1.genblk1.genblk1.lut1.genblk1.genblk1.genblk1.genblk1.genblk1.lut0 (4 -> 1)
  Optimizing lut $abc$5386$auto$blifparse.cc:525:parse_blif$5551.genblk1.genblk1.genblk1.genblk1.genblk1.genblk1.genblk1.lut0.genblk1.genblk1.genblk1.genblk1.genblk1.genblk1.lut1.genblk1.genblk1.genblk1.genblk1.genblk1.lut0 (4 -> 3)
  Optimizing lut $abc$5386$auto$blifparse.cc:525:parse_blif$5551.genblk1.genblk1.genblk1.genblk1.genblk1.genblk1.genblk1.lut0.genblk1.genblk1.genblk1.genblk1.genblk1.genblk1.lut1.genblk1.genblk1.genblk1.genblk1.genblk1.lut1 (4 -> 3)
  Optimizing lut $abc$5386$auto$blifparse.cc:525:parse_blif$5578.genblk1.genblk1.genblk1.genblk1.genblk1.genblk1.genblk1.lut1.genblk1.genblk1.genblk1.genblk1.genblk1.genblk1.lut0.genblk1.genblk1.genblk1.genblk1.genblk1.lut0 (4 -> 1)
  Optimizing lut $abc$5386$auto$blifparse.cc:525:parse_blif$5463.genblk1.genblk1.genblk1.genblk1.genblk1.genblk1.genblk1.genblk1.lut0.genblk1.genblk1.genblk1.genblk1.genblk1.genblk1.genblk1.lut1.genblk1.genblk1.genblk1.genblk1.genblk1.genblk1.lut0.genblk1.genblk1.genblk1.genblk1.genblk1.lut0 (4 -> 0)
  Optimizing lut $abc$5386$auto$blifparse.cc:525:parse_blif$5447.genblk1.genblk1.genblk1.genblk1.genblk1.genblk1.genblk1.genblk1.lut1.genblk1.genblk1.genblk1.genblk1.genblk1.genblk1.genblk1.lut1.genblk1.genblk1.genblk1.genblk1.genblk1.genblk1.lut0.genblk1.genblk1.genblk1.genblk1.genblk1.lut1 (4 -> 0)
  Optimizing lut $abc$5386$auto$blifparse.cc:525:parse_blif$5459.genblk1.genblk1.genblk1.genblk1.genblk1.genblk1.genblk1.genblk1.lut0.genblk1.genblk1.genblk1.genblk1.genblk1.genblk1.genblk1.lut1.genblk1.genblk1.genblk1.genblk1.genblk1.genblk1.lut0.genblk1.genblk1.genblk1.genblk1.genblk1.lut1 (4 -> 0)
  Optimizing lut $abc$5386$auto$blifparse.cc:525:parse_blif$5602.genblk1.genblk1.genblk1.genblk1.genblk1.genblk1.lut1.genblk1.genblk1.genblk1.genblk1.genblk1.lut1 (4 -> 3)
  Optimizing lut $abc$5386$auto$blifparse.cc:525:parse_blif$5401.genblk1.genblk1.genblk1.genblk1.genblk1.genblk1.genblk1.genblk1.lut1.genblk1.genblk1.genblk1.genblk1.genblk1.genblk1.genblk1.lut1.genblk1.genblk1.genblk1.genblk1.genblk1.genblk1.lut0.genblk1.genblk1.genblk1.genblk1.genblk1.lut1 (4 -> 0)
  Optimizing lut $abc$5386$auto$blifparse.cc:525:parse_blif$5395.genblk1.genblk1.genblk1.genblk1.genblk1.genblk1.genblk1.genblk1.lut1.genblk1.genblk1.genblk1.genblk1.genblk1.genblk1.genblk1.lut0.genblk1.genblk1.genblk1.genblk1.genblk1.genblk1.lut0.genblk1.genblk1.genblk1.genblk1.genblk1.lut0 (4 -> 1)
  Optimizing lut $abc$5386$auto$blifparse.cc:525:parse_blif$5579.genblk1.genblk1.genblk1.genblk1.genblk1.genblk1.genblk1.lut1.genblk1.genblk1.genblk1.genblk1.genblk1.genblk1.lut1.genblk1.genblk1.genblk1.genblk1.genblk1.lut0 (4 -> 0)
  Optimizing lut $abc$5386$auto$blifparse.cc:525:parse_blif$5557.genblk1.genblk1.genblk1.genblk1.genblk1.genblk1.genblk1.lut1.genblk1.genblk1.genblk1.genblk1.genblk1.genblk1.lut0.genblk1.genblk1.genblk1.genblk1.genblk1.lut0 (4 -> 3)
  Optimizing lut $abc$5386$auto$blifparse.cc:525:parse_blif$5557.genblk1.genblk1.genblk1.genblk1.genblk1.genblk1.genblk1.lut0.genblk1.genblk1.genblk1.genblk1.genblk1.genblk1.lut1.genblk1.genblk1.genblk1.genblk1.genblk1.lut0 (4 -> 3)
  Optimizing lut $abc$5386$auto$blifparse.cc:525:parse_blif$5401.genblk1.genblk1.genblk1.genblk1.genblk1.genblk1.genblk1.genblk1.lut0.genblk1.genblk1.genblk1.genblk1.genblk1.genblk1.genblk1.lut0.genblk1.genblk1.genblk1.genblk1.genblk1.genblk1.lut0.genblk1.genblk1.genblk1.genblk1.genblk1.lut0 (4 -> 2)
  Optimizing lut $abc$5386$auto$blifparse.cc:525:parse_blif$5555.genblk1.genblk1.genblk1.genblk1.genblk1.genblk1.genblk1.lut1.genblk1.genblk1.genblk1.genblk1.genblk1.genblk1.lut1.genblk1.genblk1.genblk1.genblk1.genblk1.lut0 (4 -> 0)
  Optimizing lut $abc$5386$auto$blifparse.cc:525:parse_blif$5577.genblk1.genblk1.genblk1.genblk1.genblk1.genblk1.genblk1.lut1.genblk1.genblk1.genblk1.genblk1.genblk1.genblk1.lut1.genblk1.genblk1.genblk1.genblk1.genblk1.lut0 (4 -> 1)
  Optimizing lut $abc$5386$auto$blifparse.cc:525:parse_blif$5548.genblk1.genblk1.genblk1.genblk1.genblk1.genblk1.genblk1.lut0.genblk1.genblk1.genblk1.genblk1.genblk1.genblk1.lut1.genblk1.genblk1.genblk1.genblk1.genblk1.lut0 (4 -> 0)
  Optimizing lut $abc$5386$auto$blifparse.cc:525:parse_blif$5548.genblk1.genblk1.genblk1.genblk1.genblk1.genblk1.genblk1.lut0.genblk1.genblk1.genblk1.genblk1.genblk1.genblk1.lut0.genblk1.genblk1.genblk1.genblk1.genblk1.lut0 (4 -> 2)
  Optimizing lut $abc$5386$auto$blifparse.cc:525:parse_blif$5450.genblk1.genblk1.genblk1.genblk1.genblk1.genblk1.genblk1.genblk1.lut0.genblk1.genblk1.genblk1.genblk1.genblk1.genblk1.genblk1.lut1.genblk1.genblk1.genblk1.genblk1.genblk1.genblk1.lut1.genblk1.genblk1.genblk1.genblk1.genblk1.lut0 (4 -> 0)
  Optimizing lut $abc$5386$auto$blifparse.cc:525:parse_blif$5445.genblk1.genblk1.genblk1.genblk1.genblk1.genblk1.genblk1.genblk1.lut0.genblk1.genblk1.genblk1.genblk1.genblk1.genblk1.genblk1.lut0.genblk1.genblk1.genblk1.genblk1.genblk1.genblk1.lut0.genblk1.genblk1.genblk1.genblk1.genblk1.lut1 (4 -> 2)
  Optimizing lut $abc$5386$auto$blifparse.cc:525:parse_blif$5457.genblk1.genblk1.genblk1.genblk1.genblk1.genblk1.genblk1.genblk1.lut0.genblk1.genblk1.genblk1.genblk1.genblk1.genblk1.genblk1.lut1.genblk1.genblk1.genblk1.genblk1.genblk1.genblk1.lut0.genblk1.genblk1.genblk1.genblk1.genblk1.lut1 (4 -> 1)
  Optimizing lut $abc$5386$auto$blifparse.cc:525:parse_blif$5564.genblk1.genblk1.genblk1.genblk1.genblk1.genblk1.genblk1.genblk1.lut0.genblk1.genblk1.genblk1.genblk1.genblk1.genblk1.genblk1.lut1.genblk1.genblk1.genblk1.genblk1.genblk1.genblk1.lut0.genblk1.genblk1.genblk1.genblk1.genblk1.lut1 (4 -> 2)
  Optimizing lut $abc$5386$auto$blifparse.cc:525:parse_blif$5447.genblk1.genblk1.genblk1.genblk1.genblk1.genblk1.genblk1.genblk1.lut0.genblk1.genblk1.genblk1.genblk1.genblk1.genblk1.genblk1.lut0.genblk1.genblk1.genblk1.genblk1.genblk1.genblk1.lut1.genblk1.genblk1.genblk1.genblk1.genblk1.lut1 (4 -> 1)
  Optimizing lut $abc$5386$auto$blifparse.cc:525:parse_blif$5602.genblk1.genblk1.genblk1.genblk1.genblk1.genblk1.lut0.genblk1.genblk1.genblk1.genblk1.genblk1.lut0 (4 -> 2)
  Optimizing lut $abc$5386$auto$blifparse.cc:525:parse_blif$5466.genblk1.genblk1.genblk1.genblk1.genblk1.genblk1.genblk1.genblk1.lut1.genblk1.genblk1.genblk1.genblk1.genblk1.genblk1.genblk1.lut1.genblk1.genblk1.genblk1.genblk1.genblk1.genblk1.lut0.genblk1.genblk1.genblk1.genblk1.genblk1.lut1 (4 -> 0)
  Optimizing lut $abc$5386$auto$blifparse.cc:525:parse_blif$5547.genblk1.genblk1.genblk1.genblk1.genblk1.genblk1.genblk1.genblk1.lut0.genblk1.genblk1.genblk1.genblk1.genblk1.genblk1.genblk1.lut1.genblk1.genblk1.genblk1.genblk1.genblk1.genblk1.lut0.genblk1.genblk1.genblk1.genblk1.genblk1.lut0 (4 -> 2)
  Optimizing lut $abc$5386$auto$blifparse.cc:525:parse_blif$5453.genblk1.genblk1.genblk1.genblk1.genblk1.genblk1.genblk1.genblk1.lut1.genblk1.genblk1.genblk1.genblk1.genblk1.genblk1.genblk1.lut1.genblk1.genblk1.genblk1.genblk1.genblk1.genblk1.lut0.genblk1.genblk1.genblk1.genblk1.genblk1.lut0 (4 -> 0)
  Optimizing lut $abc$5386$auto$blifparse.cc:525:parse_blif$5578.genblk1.genblk1.genblk1.genblk1.genblk1.genblk1.genblk1.lut0.genblk1.genblk1.genblk1.genblk1.genblk1.genblk1.lut1.genblk1.genblk1.genblk1.genblk1.genblk1.lut0 (4 -> 1)
  Optimizing lut $abc$5386$auto$blifparse.cc:525:parse_blif$5453.genblk1.genblk1.genblk1.genblk1.genblk1.genblk1.genblk1.genblk1.lut1.genblk1.genblk1.genblk1.genblk1.genblk1.genblk1.genblk1.lut1.genblk1.genblk1.genblk1.genblk1.genblk1.genblk1.lut1.genblk1.genblk1.genblk1.genblk1.genblk1.lut1 (4 -> 0)
  Optimizing lut $abc$5386$auto$blifparse.cc:525:parse_blif$5537.genblk1.genblk1.genblk1.genblk1.genblk1.genblk1.genblk1.genblk1.lut1.genblk1.genblk1.genblk1.genblk1.genblk1.genblk1.genblk1.lut1.genblk1.genblk1.genblk1.genblk1.genblk1.genblk1.lut0.genblk1.genblk1.genblk1.genblk1.genblk1.lut0 (4 -> 3)
  Optimizing lut $abc$5386$auto$blifparse.cc:525:parse_blif$5459.genblk1.genblk1.genblk1.genblk1.genblk1.genblk1.genblk1.genblk1.lut0.genblk1.genblk1.genblk1.genblk1.genblk1.genblk1.genblk1.lut0.genblk1.genblk1.genblk1.genblk1.genblk1.genblk1.lut0.genblk1.genblk1.genblk1.genblk1.genblk1.lut0 (4 -> 1)
  Optimizing lut $abc$5386$auto$blifparse.cc:525:parse_blif$5540.genblk1.genblk1.genblk1.genblk1.genblk1.genblk1.genblk1.genblk1.lut0.genblk1.genblk1.genblk1.genblk1.genblk1.genblk1.genblk1.lut0.genblk1.genblk1.genblk1.genblk1.genblk1.genblk1.lut1.genblk1.genblk1.genblk1.genblk1.genblk1.lut1 (4 -> 0)
  Optimizing lut $abc$5386$auto$blifparse.cc:525:parse_blif$5577.genblk1.genblk1.genblk1.genblk1.genblk1.genblk1.genblk1.lut0.genblk1.genblk1.genblk1.genblk1.genblk1.genblk1.lut1.genblk1.genblk1.genblk1.genblk1.genblk1.lut0 (4 -> 1)
  Optimizing lut $abc$5386$auto$blifparse.cc:525:parse_blif$5564.genblk1.genblk1.genblk1.genblk1.genblk1.genblk1.genblk1.genblk1.lut0.genblk1.genblk1.genblk1.genblk1.genblk1.genblk1.genblk1.lut0.genblk1.genblk1.genblk1.genblk1.genblk1.genblk1.lut0.genblk1.genblk1.genblk1.genblk1.genblk1.lut0 (4 -> 0)
  Optimizing lut $abc$5386$auto$blifparse.cc:525:parse_blif$5568.genblk1.genblk1.genblk1.genblk1.genblk1.genblk1.genblk1.genblk1.lut0.genblk1.genblk1.genblk1.genblk1.genblk1.genblk1.genblk1.lut1.genblk1.genblk1.genblk1.genblk1.genblk1.genblk1.lut1.genblk1.genblk1.genblk1.genblk1.genblk1.lut1 (4 -> 2)
  Optimizing lut $abc$5386$auto$blifparse.cc:525:parse_blif$5393.genblk1.genblk1.genblk1.genblk1.genblk1.genblk1.genblk1.genblk1.lut0.genblk1.genblk1.genblk1.genblk1.genblk1.genblk1.genblk1.lut1.genblk1.genblk1.genblk1.genblk1.genblk1.genblk1.lut0.genblk1.genblk1.genblk1.genblk1.genblk1.lut1 (4 -> 1)
  Optimizing lut $abc$5386$auto$blifparse.cc:525:parse_blif$5540.genblk1.genblk1.genblk1.genblk1.genblk1.genblk1.genblk1.genblk1.lut0.genblk1.genblk1.genblk1.genblk1.genblk1.genblk1.genblk1.lut1.genblk1.genblk1.genblk1.genblk1.genblk1.genblk1.lut1.genblk1.genblk1.genblk1.genblk1.genblk1.lut1 (4 -> 0)
  Optimizing lut $abc$5386$auto$blifparse.cc:525:parse_blif$5403.genblk1.genblk1.genblk1.genblk1.genblk1.genblk1.genblk1.genblk1.lut1.genblk1.genblk1.genblk1.genblk1.genblk1.genblk1.genblk1.lut1.genblk1.genblk1.genblk1.genblk1.genblk1.genblk1.lut1.genblk1.genblk1.genblk1.genblk1.genblk1.lut0 (4 -> 0)
  Optimizing lut $abc$5386$auto$blifparse.cc:525:parse_blif$5403.genblk1.genblk1.genblk1.genblk1.genblk1.genblk1.genblk1.genblk1.lut1.genblk1.genblk1.genblk1.genblk1.genblk1.genblk1.genblk1.lut1.genblk1.genblk1.genblk1.genblk1.genblk1.genblk1.lut1.genblk1.genblk1.genblk1.genblk1.genblk1.lut1 (4 -> 0)
  Optimizing lut $abc$5386$auto$blifparse.cc:525:parse_blif$5453.genblk1.genblk1.genblk1.genblk1.genblk1.genblk1.genblk1.genblk1.lut1.genblk1.genblk1.genblk1.genblk1.genblk1.genblk1.genblk1.lut1.genblk1.genblk1.genblk1.genblk1.genblk1.genblk1.lut0.genblk1.genblk1.genblk1.genblk1.genblk1.lut1 (4 -> 0)
  Optimizing lut $abc$5386$auto$blifparse.cc:525:parse_blif$5538.genblk1.genblk1.genblk1.genblk1.genblk1.genblk1.genblk1.genblk1.lut0.genblk1.genblk1.genblk1.genblk1.genblk1.genblk1.genblk1.lut0.genblk1.genblk1.genblk1.genblk1.genblk1.genblk1.lut0.genblk1.genblk1.genblk1.genblk1.genblk1.lut1 (4 -> 0)
  Optimizing lut $abc$5386$auto$blifparse.cc:525:parse_blif$5389.genblk1.genblk1.genblk1.genblk1.genblk1.genblk1.genblk1.genblk1.lut0.genblk1.genblk1.genblk1.genblk1.genblk1.genblk1.genblk1.lut1.genblk1.genblk1.genblk1.genblk1.genblk1.genblk1.lut1.genblk1.genblk1.genblk1.genblk1.genblk1.lut1 (4 -> 1)
  Optimizing lut $abc$5386$auto$blifparse.cc:525:parse_blif$5555.genblk1.genblk1.genblk1.genblk1.genblk1.genblk1.genblk1.lut0.genblk1.genblk1.genblk1.genblk1.genblk1.genblk1.lut0.genblk1.genblk1.genblk1.genblk1.genblk1.lut1 (4 -> 1)
  Optimizing lut $abc$5386$auto$blifparse.cc:525:parse_blif$5461.genblk1.genblk1.genblk1.genblk1.genblk1.genblk1.genblk1.genblk1.lut1.genblk1.genblk1.genblk1.genblk1.genblk1.genblk1.genblk1.lut1.genblk1.genblk1.genblk1.genblk1.genblk1.genblk1.lut0.genblk1.genblk1.genblk1.genblk1.genblk1.lut1 (4 -> 0)
  Optimizing lut $abc$5386$auto$blifparse.cc:525:parse_blif$5459.genblk1.genblk1.genblk1.genblk1.genblk1.genblk1.genblk1.genblk1.lut1.genblk1.genblk1.genblk1.genblk1.genblk1.genblk1.genblk1.lut1.genblk1.genblk1.genblk1.genblk1.genblk1.genblk1.lut0.genblk1.genblk1.genblk1.genblk1.genblk1.lut1 (4 -> 0)
  Optimizing lut $abc$5386$auto$blifparse.cc:525:parse_blif$5445.genblk1.genblk1.genblk1.genblk1.genblk1.genblk1.genblk1.genblk1.lut1.genblk1.genblk1.genblk1.genblk1.genblk1.genblk1.genblk1.lut0.genblk1.genblk1.genblk1.genblk1.genblk1.genblk1.lut1.genblk1.genblk1.genblk1.genblk1.genblk1.lut1 (4 -> 0)
  Optimizing lut $abc$5386$auto$blifparse.cc:525:parse_blif$5393.genblk1.genblk1.genblk1.genblk1.genblk1.genblk1.genblk1.genblk1.lut0.genblk1.genblk1.genblk1.genblk1.genblk1.genblk1.genblk1.lut1.genblk1.genblk1.genblk1.genblk1.genblk1.genblk1.lut0.genblk1.genblk1.genblk1.genblk1.genblk1.lut0 (4 -> 1)
  Optimizing lut $abc$5386$auto$blifparse.cc:525:parse_blif$5575.genblk1.genblk1.genblk1.genblk1.genblk1.genblk1.genblk1.genblk1.lut1.genblk1.genblk1.genblk1.genblk1.genblk1.genblk1.genblk1.lut1.genblk1.genblk1.genblk1.genblk1.genblk1.genblk1.lut0.genblk1.genblk1.genblk1.genblk1.genblk1.lut1 (4 -> 0)
  Optimizing lut $abc$5386$auto$blifparse.cc:525:parse_blif$5451.genblk1.genblk1.genblk1.genblk1.genblk1.genblk1.lut0.genblk1.genblk1.genblk1.genblk1.genblk1.lut1 (4 -> 1)
  Optimizing lut $abc$5386$auto$blifparse.cc:525:parse_blif$5393.genblk1.genblk1.genblk1.genblk1.genblk1.genblk1.genblk1.genblk1.lut1.genblk1.genblk1.genblk1.genblk1.genblk1.genblk1.genblk1.lut1.genblk1.genblk1.genblk1.genblk1.genblk1.genblk1.lut0.genblk1.genblk1.genblk1.genblk1.genblk1.lut1 (4 -> 0)
  Optimizing lut $abc$5386$auto$blifparse.cc:525:parse_blif$5397.genblk1.genblk1.genblk1.genblk1.genblk1.genblk1.genblk1.genblk1.lut0.genblk1.genblk1.genblk1.genblk1.genblk1.genblk1.genblk1.lut1.genblk1.genblk1.genblk1.genblk1.genblk1.genblk1.lut1.genblk1.genblk1.genblk1.genblk1.genblk1.lut1 (4 -> 1)
  Optimizing lut $abc$5386$auto$blifparse.cc:525:parse_blif$5470.genblk1.genblk1.genblk1.genblk1.genblk1.genblk1.genblk1.genblk1.lut0.genblk1.genblk1.genblk1.genblk1.genblk1.genblk1.genblk1.lut1.genblk1.genblk1.genblk1.genblk1.genblk1.genblk1.lut1.genblk1.genblk1.genblk1.genblk1.genblk1.lut1 (4 -> 0)
  Optimizing lut $abc$5386$auto$blifparse.cc:525:parse_blif$5397.genblk1.genblk1.genblk1.genblk1.genblk1.genblk1.genblk1.genblk1.lut0.genblk1.genblk1.genblk1.genblk1.genblk1.genblk1.genblk1.lut0.genblk1.genblk1.genblk1.genblk1.genblk1.genblk1.lut0.genblk1.genblk1.genblk1.genblk1.genblk1.lut0 (4 -> 2)
  Optimizing lut $abc$5386$auto$blifparse.cc:525:parse_blif$5461.genblk1.genblk1.genblk1.genblk1.genblk1.genblk1.genblk1.genblk1.lut0.genblk1.genblk1.genblk1.genblk1.genblk1.genblk1.genblk1.lut0.genblk1.genblk1.genblk1.genblk1.genblk1.genblk1.lut0.genblk1.genblk1.genblk1.genblk1.genblk1.lut0 (4 -> 2)
  Optimizing lut $abc$5386$auto$blifparse.cc:525:parse_blif$5389.genblk1.genblk1.genblk1.genblk1.genblk1.genblk1.genblk1.genblk1.lut1.genblk1.genblk1.genblk1.genblk1.genblk1.genblk1.genblk1.lut1.genblk1.genblk1.genblk1.genblk1.genblk1.genblk1.lut1.genblk1.genblk1.genblk1.genblk1.genblk1.lut0 (4 -> 0)
  Optimizing lut $abc$5386$auto$blifparse.cc:525:parse_blif$5466.genblk1.genblk1.genblk1.genblk1.genblk1.genblk1.genblk1.genblk1.lut1.genblk1.genblk1.genblk1.genblk1.genblk1.genblk1.genblk1.lut0.genblk1.genblk1.genblk1.genblk1.genblk1.genblk1.lut1.genblk1.genblk1.genblk1.genblk1.genblk1.lut1 (4 -> 1)
  Optimizing lut $abc$5386$auto$blifparse.cc:525:parse_blif$5577.genblk1.genblk1.genblk1.genblk1.genblk1.genblk1.genblk1.lut1.genblk1.genblk1.genblk1.genblk1.genblk1.genblk1.lut1.genblk1.genblk1.genblk1.genblk1.genblk1.lut1 (4 -> 1)
  Optimizing lut $abc$5386$auto$blifparse.cc:525:parse_blif$5457.genblk1.genblk1.genblk1.genblk1.genblk1.genblk1.genblk1.genblk1.lut0.genblk1.genblk1.genblk1.genblk1.genblk1.genblk1.genblk1.lut0.genblk1.genblk1.genblk1.genblk1.genblk1.genblk1.lut0.genblk1.genblk1.genblk1.genblk1.genblk1.lut1 (4 -> 2)
  Optimizing lut $abc$5386$auto$blifparse.cc:525:parse_blif$5403.genblk1.genblk1.genblk1.genblk1.genblk1.genblk1.genblk1.genblk1.lut0.genblk1.genblk1.genblk1.genblk1.genblk1.genblk1.genblk1.lut1.genblk1.genblk1.genblk1.genblk1.genblk1.genblk1.lut1.genblk1.genblk1.genblk1.genblk1.genblk1.lut1 (4 -> 0)
  Optimizing lut $abc$5386$auto$blifparse.cc:525:parse_blif$5580.genblk1.genblk1.genblk1.genblk1.genblk1.genblk1.genblk1.lut0.genblk1.genblk1.genblk1.genblk1.genblk1.genblk1.lut1.genblk1.genblk1.genblk1.genblk1.genblk1.lut0 (4 -> 0)
  Optimizing lut $abc$5386$auto$blifparse.cc:525:parse_blif$5451.genblk1.genblk1.genblk1.genblk1.genblk1.genblk1.lut0.genblk1.genblk1.genblk1.genblk1.genblk1.lut0 (4 -> 1)
  Optimizing lut $abc$5386$auto$blifparse.cc:525:parse_blif$5389.genblk1.genblk1.genblk1.genblk1.genblk1.genblk1.genblk1.genblk1.lut0.genblk1.genblk1.genblk1.genblk1.genblk1.genblk1.genblk1.lut0.genblk1.genblk1.genblk1.genblk1.genblk1.genblk1.lut1.genblk1.genblk1.genblk1.genblk1.genblk1.lut0 (4 -> 1)
  Optimizing lut $abc$5386$auto$blifparse.cc:525:parse_blif$5441.genblk1.genblk1.genblk1.genblk1.genblk1.genblk1.genblk1.genblk1.lut0.genblk1.genblk1.genblk1.genblk1.genblk1.genblk1.genblk1.lut1.genblk1.genblk1.genblk1.genblk1.genblk1.genblk1.lut0.genblk1.genblk1.genblk1.genblk1.genblk1.lut1 (4 -> 1)
  Optimizing lut $abc$5386$auto$blifparse.cc:525:parse_blif$5538.genblk1.genblk1.genblk1.genblk1.genblk1.genblk1.genblk1.genblk1.lut0.genblk1.genblk1.genblk1.genblk1.genblk1.genblk1.genblk1.lut1.genblk1.genblk1.genblk1.genblk1.genblk1.genblk1.lut0.genblk1.genblk1.genblk1.genblk1.genblk1.lut1 (4 -> 0)
  Optimizing lut $abc$5386$auto$blifparse.cc:525:parse_blif$5401.genblk1.genblk1.genblk1.genblk1.genblk1.genblk1.genblk1.genblk1.lut0.genblk1.genblk1.genblk1.genblk1.genblk1.genblk1.genblk1.lut0.genblk1.genblk1.genblk1.genblk1.genblk1.genblk1.lut1.genblk1.genblk1.genblk1.genblk1.genblk1.lut0 (4 -> 1)
  Optimizing lut $abc$5386$auto$blifparse.cc:525:parse_blif$5468.genblk1.genblk1.genblk1.genblk1.genblk1.genblk1.genblk1.genblk1.lut1.genblk1.genblk1.genblk1.genblk1.genblk1.genblk1.genblk1.lut0.genblk1.genblk1.genblk1.genblk1.genblk1.genblk1.lut0.genblk1.genblk1.genblk1.genblk1.genblk1.lut0 (4 -> 0)
  Optimizing lut $abc$5386$auto$blifparse.cc:525:parse_blif$5441.genblk1.genblk1.genblk1.genblk1.genblk1.genblk1.genblk1.genblk1.lut0.genblk1.genblk1.genblk1.genblk1.genblk1.genblk1.genblk1.lut0.genblk1.genblk1.genblk1.genblk1.genblk1.genblk1.lut1.genblk1.genblk1.genblk1.genblk1.genblk1.lut1 (4 -> 1)
  Optimizing lut $abc$5386$auto$blifparse.cc:525:parse_blif$5549.genblk1.genblk1.genblk1.genblk1.genblk1.lut0 (4 -> 0)
  Optimizing lut $abc$5386$auto$blifparse.cc:525:parse_blif$5578.genblk1.genblk1.genblk1.genblk1.genblk1.genblk1.genblk1.lut1.genblk1.genblk1.genblk1.genblk1.genblk1.genblk1.lut1.genblk1.genblk1.genblk1.genblk1.genblk1.lut1 (4 -> 0)
  Optimizing lut $abc$5386$auto$blifparse.cc:525:parse_blif$5564.genblk1.genblk1.genblk1.genblk1.genblk1.genblk1.genblk1.genblk1.lut0.genblk1.genblk1.genblk1.genblk1.genblk1.genblk1.genblk1.lut1.genblk1.genblk1.genblk1.genblk1.genblk1.genblk1.lut1.genblk1.genblk1.genblk1.genblk1.genblk1.lut1 (4 -> 2)
  Optimizing lut $abc$5386$auto$blifparse.cc:525:parse_blif$5548.genblk1.genblk1.genblk1.genblk1.genblk1.genblk1.genblk1.lut0.genblk1.genblk1.genblk1.genblk1.genblk1.genblk1.lut1.genblk1.genblk1.genblk1.genblk1.genblk1.lut1 (4 -> 0)
  Optimizing lut $abc$5386$auto$blifparse.cc:525:parse_blif$5555.genblk1.genblk1.genblk1.genblk1.genblk1.genblk1.genblk1.lut1.genblk1.genblk1.genblk1.genblk1.genblk1.genblk1.lut1.genblk1.genblk1.genblk1.genblk1.genblk1.lut1 (4 -> 0)
  Optimizing lut $abc$5386$auto$blifparse.cc:525:parse_blif$5548.genblk1.genblk1.genblk1.genblk1.genblk1.genblk1.genblk1.lut1.genblk1.genblk1.genblk1.genblk1.genblk1.genblk1.lut1.genblk1.genblk1.genblk1.genblk1.genblk1.lut1 (4 -> 0)
  Optimizing lut $abc$5386$auto$blifparse.cc:525:parse_blif$5455.genblk1.genblk1.genblk1.genblk1.genblk1.genblk1.genblk1.genblk1.lut0.genblk1.genblk1.genblk1.genblk1.genblk1.genblk1.genblk1.lut0.genblk1.genblk1.genblk1.genblk1.genblk1.genblk1.lut0.genblk1.genblk1.genblk1.genblk1.genblk1.lut1 (4 -> 2)
  Optimizing lut $abc$5386$auto$blifparse.cc:525:parse_blif$5533.genblk1.genblk1.genblk1.genblk1.genblk1.genblk1.genblk1.lut0.genblk1.genblk1.genblk1.genblk1.genblk1.genblk1.lut1.genblk1.genblk1.genblk1.genblk1.genblk1.lut1 (4 -> 3)
  Optimizing lut $abc$5386$auto$blifparse.cc:525:parse_blif$5563.genblk1.genblk1.genblk1.genblk1.genblk1.genblk1.lut1.genblk1.genblk1.genblk1.genblk1.genblk1.lut1 (4 -> 2)
  Optimizing lut $abc$5386$auto$blifparse.cc:525:parse_blif$5468.genblk1.genblk1.genblk1.genblk1.genblk1.genblk1.genblk1.genblk1.lut1.genblk1.genblk1.genblk1.genblk1.genblk1.genblk1.genblk1.lut1.genblk1.genblk1.genblk1.genblk1.genblk1.genblk1.lut1.genblk1.genblk1.genblk1.genblk1.genblk1.lut1 (4 -> 0)
  Optimizing lut $abc$5386$auto$blifparse.cc:525:parse_blif$5453.genblk1.genblk1.genblk1.genblk1.genblk1.genblk1.genblk1.genblk1.lut1.genblk1.genblk1.genblk1.genblk1.genblk1.genblk1.genblk1.lut1.genblk1.genblk1.genblk1.genblk1.genblk1.genblk1.lut1.genblk1.genblk1.genblk1.genblk1.genblk1.lut0 (4 -> 0)
  Optimizing lut $abc$5386$auto$blifparse.cc:525:parse_blif$5461.genblk1.genblk1.genblk1.genblk1.genblk1.genblk1.genblk1.genblk1.lut1.genblk1.genblk1.genblk1.genblk1.genblk1.genblk1.genblk1.lut0.genblk1.genblk1.genblk1.genblk1.genblk1.genblk1.lut0.genblk1.genblk1.genblk1.genblk1.genblk1.lut0 (4 -> 0)
  Optimizing lut $abc$5386$auto$blifparse.cc:525:parse_blif$5391.genblk1.genblk1.genblk1.genblk1.genblk1.genblk1.genblk1.genblk1.lut1.genblk1.genblk1.genblk1.genblk1.genblk1.genblk1.genblk1.lut1.genblk1.genblk1.genblk1.genblk1.genblk1.genblk1.lut1.genblk1.genblk1.genblk1.genblk1.genblk1.lut1 (4 -> 0)
  Optimizing lut $abc$5386$auto$blifparse.cc:525:parse_blif$5468.genblk1.genblk1.genblk1.genblk1.genblk1.genblk1.genblk1.genblk1.lut1.genblk1.genblk1.genblk1.genblk1.genblk1.genblk1.genblk1.lut1.genblk1.genblk1.genblk1.genblk1.genblk1.genblk1.lut0.genblk1.genblk1.genblk1.genblk1.genblk1.lut0 (4 -> 0)
  Optimizing lut $abc$5386$auto$blifparse.cc:525:parse_blif$5559.genblk1.genblk1.genblk1.genblk1.genblk1.genblk1.genblk1.lut0.genblk1.genblk1.genblk1.genblk1.genblk1.genblk1.lut1.genblk1.genblk1.genblk1.genblk1.genblk1.lut1 (4 -> 0)
  Optimizing lut $abc$5386$auto$blifparse.cc:525:parse_blif$5585.genblk1.genblk1.genblk1.genblk1.genblk1.lut1 (4 -> 3)
  Optimizing lut $abc$5386$auto$blifparse.cc:525:parse_blif$5457.genblk1.genblk1.genblk1.genblk1.genblk1.genblk1.genblk1.genblk1.lut0.genblk1.genblk1.genblk1.genblk1.genblk1.genblk1.genblk1.lut0.genblk1.genblk1.genblk1.genblk1.genblk1.genblk1.lut0.genblk1.genblk1.genblk1.genblk1.genblk1.lut0 (4 -> 2)
  Optimizing lut $abc$5386$auto$blifparse.cc:525:parse_blif$5403.genblk1.genblk1.genblk1.genblk1.genblk1.genblk1.genblk1.genblk1.lut1.genblk1.genblk1.genblk1.genblk1.genblk1.genblk1.genblk1.lut1.genblk1.genblk1.genblk1.genblk1.genblk1.genblk1.lut0.genblk1.genblk1.genblk1.genblk1.genblk1.lut0 (4 -> 0)
  Optimizing lut $abc$5386$auto$blifparse.cc:525:parse_blif$5580.genblk1.genblk1.genblk1.genblk1.genblk1.genblk1.genblk1.lut1.genblk1.genblk1.genblk1.genblk1.genblk1.genblk1.lut1.genblk1.genblk1.genblk1.genblk1.genblk1.lut1 (4 -> 0)
  Optimizing lut $abc$5386$auto$blifparse.cc:525:parse_blif$5457.genblk1.genblk1.genblk1.genblk1.genblk1.genblk1.genblk1.genblk1.lut1.genblk1.genblk1.genblk1.genblk1.genblk1.genblk1.genblk1.lut0.genblk1.genblk1.genblk1.genblk1.genblk1.genblk1.lut1.genblk1.genblk1.genblk1.genblk1.genblk1.lut1 (4 -> 0)
  Optimizing lut $abc$5386$auto$blifparse.cc:525:parse_blif$5577.genblk1.genblk1.genblk1.genblk1.genblk1.genblk1.genblk1.lut0.genblk1.genblk1.genblk1.genblk1.genblk1.genblk1.lut1.genblk1.genblk1.genblk1.genblk1.genblk1.lut1 (4 -> 1)
  Optimizing lut $abc$5386$auto$blifparse.cc:525:parse_blif$5555.genblk1.genblk1.genblk1.genblk1.genblk1.genblk1.genblk1.lut1.genblk1.genblk1.genblk1.genblk1.genblk1.genblk1.lut0.genblk1.genblk1.genblk1.genblk1.genblk1.lut0 (4 -> 0)
  Optimizing lut $abc$5386$auto$blifparse.cc:525:parse_blif$5562.genblk1.genblk1.genblk1.genblk1.genblk1.lut1 (4 -> 2)
  Optimizing lut $abc$5386$auto$blifparse.cc:525:parse_blif$5395.genblk1.genblk1.genblk1.genblk1.genblk1.genblk1.genblk1.genblk1.lut0.genblk1.genblk1.genblk1.genblk1.genblk1.genblk1.genblk1.lut0.genblk1.genblk1.genblk1.genblk1.genblk1.genblk1.lut0.genblk1.genblk1.genblk1.genblk1.genblk1.lut1 (4 -> 1)
  Optimizing lut $abc$5386$auto$blifparse.cc:525:parse_blif$5443.genblk1.genblk1.genblk1.genblk1.genblk1.genblk1.genblk1.genblk1.lut0.genblk1.genblk1.genblk1.genblk1.genblk1.genblk1.genblk1.lut1.genblk1.genblk1.genblk1.genblk1.genblk1.genblk1.lut1.genblk1.genblk1.genblk1.genblk1.genblk1.lut1 (4 -> 0)
  Optimizing lut $abc$5386$auto$blifparse.cc:525:parse_blif$5572.genblk1.genblk1.genblk1.genblk1.genblk1.lut0 (4 -> 2)
  Optimizing lut $abc$5386$auto$blifparse.cc:525:parse_blif$5443.genblk1.genblk1.genblk1.genblk1.genblk1.genblk1.genblk1.genblk1.lut0.genblk1.genblk1.genblk1.genblk1.genblk1.genblk1.genblk1.lut0.genblk1.genblk1.genblk1.genblk1.genblk1.genblk1.lut1.genblk1.genblk1.genblk1.genblk1.genblk1.lut1 (4 -> 1)
  Optimizing lut $abc$5386$auto$blifparse.cc:525:parse_blif$5455.genblk1.genblk1.genblk1.genblk1.genblk1.genblk1.genblk1.genblk1.lut1.genblk1.genblk1.genblk1.genblk1.genblk1.genblk1.genblk1.lut0.genblk1.genblk1.genblk1.genblk1.genblk1.genblk1.lut1.genblk1.genblk1.genblk1.genblk1.genblk1.lut0 (4 -> 0)
  Optimizing lut $abc$5386$auto$blifparse.cc:525:parse_blif$5389.genblk1.genblk1.genblk1.genblk1.genblk1.genblk1.genblk1.genblk1.lut1.genblk1.genblk1.genblk1.genblk1.genblk1.genblk1.genblk1.lut0.genblk1.genblk1.genblk1.genblk1.genblk1.genblk1.lut0.genblk1.genblk1.genblk1.genblk1.genblk1.lut0 (4 -> 0)
  Optimizing lut $abc$5386$auto$blifparse.cc:525:parse_blif$5573.genblk1.genblk1.genblk1.genblk1.genblk1.genblk1.lut0.genblk1.genblk1.genblk1.genblk1.genblk1.lut0 (4 -> 0)
  Optimizing lut $abc$5386$auto$blifparse.cc:525:parse_blif$5403.genblk1.genblk1.genblk1.genblk1.genblk1.genblk1.genblk1.genblk1.lut1.genblk1.genblk1.genblk1.genblk1.genblk1.genblk1.genblk1.lut0.genblk1.genblk1.genblk1.genblk1.genblk1.genblk1.lut0.genblk1.genblk1.genblk1.genblk1.genblk1.lut1 (4 -> 1)
  Optimizing lut $abc$5386$auto$blifparse.cc:525:parse_blif$5399.genblk1.genblk1.genblk1.genblk1.genblk1.genblk1.genblk1.genblk1.lut1.genblk1.genblk1.genblk1.genblk1.genblk1.genblk1.genblk1.lut1.genblk1.genblk1.genblk1.genblk1.genblk1.genblk1.lut0.genblk1.genblk1.genblk1.genblk1.genblk1.lut1 (4 -> 0)
  Optimizing lut $abc$5386$auto$blifparse.cc:525:parse_blif$5457.genblk1.genblk1.genblk1.genblk1.genblk1.genblk1.genblk1.genblk1.lut1.genblk1.genblk1.genblk1.genblk1.genblk1.genblk1.genblk1.lut1.genblk1.genblk1.genblk1.genblk1.genblk1.genblk1.lut1.genblk1.genblk1.genblk1.genblk1.genblk1.lut1 (4 -> 0)
  Optimizing lut $abc$5386$auto$blifparse.cc:525:parse_blif$5575.genblk1.genblk1.genblk1.genblk1.genblk1.genblk1.genblk1.genblk1.lut0.genblk1.genblk1.genblk1.genblk1.genblk1.genblk1.genblk1.lut0.genblk1.genblk1.genblk1.genblk1.genblk1.genblk1.lut1.genblk1.genblk1.genblk1.genblk1.genblk1.lut0 (4 -> 1)
  Optimizing lut $abc$5386$auto$blifparse.cc:525:parse_blif$5453.genblk1.genblk1.genblk1.genblk1.genblk1.genblk1.genblk1.genblk1.lut0.genblk1.genblk1.genblk1.genblk1.genblk1.genblk1.genblk1.lut1.genblk1.genblk1.genblk1.genblk1.genblk1.genblk1.lut0.genblk1.genblk1.genblk1.genblk1.genblk1.lut0 (4 -> 1)
  Optimizing lut $abc$5386$auto$blifparse.cc:525:parse_blif$5468.genblk1.genblk1.genblk1.genblk1.genblk1.genblk1.genblk1.genblk1.lut0.genblk1.genblk1.genblk1.genblk1.genblk1.genblk1.genblk1.lut0.genblk1.genblk1.genblk1.genblk1.genblk1.genblk1.lut0.genblk1.genblk1.genblk1.genblk1.genblk1.lut0 (4 -> 2)
  Optimizing lut $abc$5386$auto$blifparse.cc:525:parse_blif$5468.genblk1.genblk1.genblk1.genblk1.genblk1.genblk1.genblk1.genblk1.lut1.genblk1.genblk1.genblk1.genblk1.genblk1.genblk1.genblk1.lut1.genblk1.genblk1.genblk1.genblk1.genblk1.genblk1.lut0.genblk1.genblk1.genblk1.genblk1.genblk1.lut1 (4 -> 0)
  Optimizing lut $abc$5386$auto$blifparse.cc:525:parse_blif$5461.genblk1.genblk1.genblk1.genblk1.genblk1.genblk1.genblk1.genblk1.lut1.genblk1.genblk1.genblk1.genblk1.genblk1.genblk1.genblk1.lut1.genblk1.genblk1.genblk1.genblk1.genblk1.genblk1.lut0.genblk1.genblk1.genblk1.genblk1.genblk1.lut0 (4 -> 0)
  Optimizing lut $abc$5386$auto$blifparse.cc:525:parse_blif$5459.genblk1.genblk1.genblk1.genblk1.genblk1.genblk1.genblk1.genblk1.lut1.genblk1.genblk1.genblk1.genblk1.genblk1.genblk1.genblk1.lut1.genblk1.genblk1.genblk1.genblk1.genblk1.genblk1.lut1.genblk1.genblk1.genblk1.genblk1.genblk1.lut0 (4 -> 0)
  Optimizing lut $abc$5386$auto$blifparse.cc:525:parse_blif$5397.genblk1.genblk1.genblk1.genblk1.genblk1.genblk1.genblk1.genblk1.lut0.genblk1.genblk1.genblk1.genblk1.genblk1.genblk1.genblk1.lut1.genblk1.genblk1.genblk1.genblk1.genblk1.genblk1.lut0.genblk1.genblk1.genblk1.genblk1.genblk1.lut0 (4 -> 1)
  Optimizing lut $abc$5386$auto$blifparse.cc:525:parse_blif$5455.genblk1.genblk1.genblk1.genblk1.genblk1.genblk1.genblk1.genblk1.lut1.genblk1.genblk1.genblk1.genblk1.genblk1.genblk1.genblk1.lut1.genblk1.genblk1.genblk1.genblk1.genblk1.genblk1.lut0.genblk1.genblk1.genblk1.genblk1.genblk1.lut1 (4 -> 0)
  Optimizing lut $abc$5386$auto$blifparse.cc:525:parse_blif$5399.genblk1.genblk1.genblk1.genblk1.genblk1.genblk1.genblk1.genblk1.lut0.genblk1.genblk1.genblk1.genblk1.genblk1.genblk1.genblk1.lut0.genblk1.genblk1.genblk1.genblk1.genblk1.genblk1.lut0.genblk1.genblk1.genblk1.genblk1.genblk1.lut0 (4 -> 1)
  Optimizing lut $abc$5386$auto$blifparse.cc:525:parse_blif$5457.genblk1.genblk1.genblk1.genblk1.genblk1.genblk1.genblk1.genblk1.lut0.genblk1.genblk1.genblk1.genblk1.genblk1.genblk1.genblk1.lut1.genblk1.genblk1.genblk1.genblk1.genblk1.genblk1.lut1.genblk1.genblk1.genblk1.genblk1.genblk1.lut1 (4 -> 1)
  Optimizing lut $abc$5386$auto$blifparse.cc:525:parse_blif$5583.genblk1.genblk1.genblk1.genblk1.genblk1.lut0 (4 -> 1)
  Optimizing lut $abc$5386$auto$blifparse.cc:525:parse_blif$5563.genblk1.genblk1.genblk1.genblk1.genblk1.genblk1.lut0.genblk1.genblk1.genblk1.genblk1.genblk1.lut0 (4 -> 0)
  Optimizing lut $abc$5386$auto$blifparse.cc:525:parse_blif$5563.genblk1.genblk1.genblk1.genblk1.genblk1.genblk1.lut1.genblk1.genblk1.genblk1.genblk1.genblk1.lut0 (4 -> 2)
  Optimizing lut $abc$5386$auto$blifparse.cc:525:parse_blif$5575.genblk1.genblk1.genblk1.genblk1.genblk1.genblk1.genblk1.genblk1.lut0.genblk1.genblk1.genblk1.genblk1.genblk1.genblk1.genblk1.lut1.genblk1.genblk1.genblk1.genblk1.genblk1.genblk1.lut0.genblk1.genblk1.genblk1.genblk1.genblk1.lut0 (4 -> 2)
  Optimizing lut $abc$5386$auto$blifparse.cc:525:parse_blif$5468.genblk1.genblk1.genblk1.genblk1.genblk1.genblk1.genblk1.genblk1.lut1.genblk1.genblk1.genblk1.genblk1.genblk1.genblk1.genblk1.lut0.genblk1.genblk1.genblk1.genblk1.genblk1.genblk1.lut1.genblk1.genblk1.genblk1.genblk1.genblk1.lut0 (4 -> 0)
  Optimizing lut $abc$5386$auto$blifparse.cc:525:parse_blif$5403.genblk1.genblk1.genblk1.genblk1.genblk1.genblk1.genblk1.genblk1.lut0.genblk1.genblk1.genblk1.genblk1.genblk1.genblk1.genblk1.lut1.genblk1.genblk1.genblk1.genblk1.genblk1.genblk1.lut0.genblk1.genblk1.genblk1.genblk1.genblk1.lut1 (4 -> 0)
  Optimizing lut $abc$5386$auto$blifparse.cc:525:parse_blif$5466.genblk1.genblk1.genblk1.genblk1.genblk1.genblk1.genblk1.genblk1.lut0.genblk1.genblk1.genblk1.genblk1.genblk1.genblk1.genblk1.lut1.genblk1.genblk1.genblk1.genblk1.genblk1.genblk1.lut0.genblk1.genblk1.genblk1.genblk1.genblk1.lut1 (4 -> 0)
  Optimizing lut $abc$5386$auto$blifparse.cc:525:parse_blif$5587.genblk1.genblk1.genblk1.genblk1.genblk1.lut0 (4 -> 1)
  Optimizing lut $abc$5386$auto$blifparse.cc:525:parse_blif$5562.genblk1.genblk1.genblk1.genblk1.genblk1.lut0 (4 -> 2)
  Optimizing lut $abc$5386$auto$blifparse.cc:525:parse_blif$5568.genblk1.genblk1.genblk1.genblk1.genblk1.genblk1.genblk1.genblk1.lut0.genblk1.genblk1.genblk1.genblk1.genblk1.genblk1.genblk1.lut1.genblk1.genblk1.genblk1.genblk1.genblk1.genblk1.lut0.genblk1.genblk1.genblk1.genblk1.genblk1.lut0 (4 -> 2)
  Optimizing lut $abc$5386$auto$blifparse.cc:525:parse_blif$5547.genblk1.genblk1.genblk1.genblk1.genblk1.genblk1.genblk1.genblk1.lut1.genblk1.genblk1.genblk1.genblk1.genblk1.genblk1.genblk1.lut1.genblk1.genblk1.genblk1.genblk1.genblk1.genblk1.lut0.genblk1.genblk1.genblk1.genblk1.genblk1.lut0 (4 -> 1)
  Optimizing lut $abc$5386$auto$blifparse.cc:525:parse_blif$5547.genblk1.genblk1.genblk1.genblk1.genblk1.genblk1.genblk1.genblk1.lut1.genblk1.genblk1.genblk1.genblk1.genblk1.genblk1.genblk1.lut1.genblk1.genblk1.genblk1.genblk1.genblk1.genblk1.lut1.genblk1.genblk1.genblk1.genblk1.genblk1.lut0 (4 -> 2)
  Optimizing lut $abc$5386$auto$blifparse.cc:525:parse_blif$5570.genblk1.genblk1.genblk1.genblk1.genblk1.lut0 (4 -> 0)
  Optimizing lut $abc$5386$auto$blifparse.cc:525:parse_blif$5548.genblk1.genblk1.genblk1.genblk1.genblk1.genblk1.genblk1.lut1.genblk1.genblk1.genblk1.genblk1.genblk1.genblk1.lut1.genblk1.genblk1.genblk1.genblk1.genblk1.lut0 (4 -> 0)
  Optimizing lut $abc$5386$auto$blifparse.cc:525:parse_blif$5582.genblk1.genblk1.genblk1.genblk1.genblk1.genblk1.genblk1.lut1.genblk1.genblk1.genblk1.genblk1.genblk1.genblk1.lut1.genblk1.genblk1.genblk1.genblk1.genblk1.lut1 (4 -> 1)
  Optimizing lut $abc$5386$auto$blifparse.cc:525:parse_blif$5441.genblk1.genblk1.genblk1.genblk1.genblk1.genblk1.genblk1.genblk1.lut0.genblk1.genblk1.genblk1.genblk1.genblk1.genblk1.genblk1.lut1.genblk1.genblk1.genblk1.genblk1.genblk1.genblk1.lut1.genblk1.genblk1.genblk1.genblk1.genblk1.lut0 (4 -> 1)
  Optimizing lut $abc$5386$auto$blifparse.cc:525:parse_blif$5468.genblk1.genblk1.genblk1.genblk1.genblk1.genblk1.genblk1.genblk1.lut0.genblk1.genblk1.genblk1.genblk1.genblk1.genblk1.genblk1.lut1.genblk1.genblk1.genblk1.genblk1.genblk1.genblk1.lut0.genblk1.genblk1.genblk1.genblk1.genblk1.lut1 (4 -> 1)
  Optimizing lut $abc$5386$auto$blifparse.cc:525:parse_blif$5539.genblk1.genblk1.genblk1.genblk1.genblk1.genblk1.genblk1.genblk1.lut0.genblk1.genblk1.genblk1.genblk1.genblk1.genblk1.genblk1.lut1.genblk1.genblk1.genblk1.genblk1.genblk1.genblk1.lut1.genblk1.genblk1.genblk1.genblk1.genblk1.lut0 (4 -> 0)
  Optimizing lut $abc$5386$auto$blifparse.cc:525:parse_blif$5555.genblk1.genblk1.genblk1.genblk1.genblk1.genblk1.genblk1.lut0.genblk1.genblk1.genblk1.genblk1.genblk1.genblk1.lut1.genblk1.genblk1.genblk1.genblk1.genblk1.lut1 (4 -> 1)
  Optimizing lut $abc$5386$auto$blifparse.cc:525:parse_blif$5459.genblk1.genblk1.genblk1.genblk1.genblk1.genblk1.genblk1.genblk1.lut0.genblk1.genblk1.genblk1.genblk1.genblk1.genblk1.genblk1.lut1.genblk1.genblk1.genblk1.genblk1.genblk1.genblk1.lut1.genblk1.genblk1.genblk1.genblk1.genblk1.lut1 (4 -> 0)
  Optimizing lut $abc$5386$auto$blifparse.cc:525:parse_blif$5461.genblk1.genblk1.genblk1.genblk1.genblk1.genblk1.genblk1.genblk1.lut0.genblk1.genblk1.genblk1.genblk1.genblk1.genblk1.genblk1.lut1.genblk1.genblk1.genblk1.genblk1.genblk1.genblk1.lut1.genblk1.genblk1.genblk1.genblk1.genblk1.lut1 (4 -> 1)
  Optimizing lut $abc$5386$auto$blifparse.cc:525:parse_blif$5564.genblk1.genblk1.genblk1.genblk1.genblk1.genblk1.genblk1.genblk1.lut1.genblk1.genblk1.genblk1.genblk1.genblk1.genblk1.genblk1.lut0.genblk1.genblk1.genblk1.genblk1.genblk1.genblk1.lut0.genblk1.genblk1.genblk1.genblk1.genblk1.lut0 (4 -> 0)
  Optimizing lut $abc$5386$auto$blifparse.cc:525:parse_blif$5397.genblk1.genblk1.genblk1.genblk1.genblk1.genblk1.genblk1.genblk1.lut1.genblk1.genblk1.genblk1.genblk1.genblk1.genblk1.genblk1.lut0.genblk1.genblk1.genblk1.genblk1.genblk1.genblk1.lut1.genblk1.genblk1.genblk1.genblk1.genblk1.lut0 (4 -> 0)
  Optimizing lut $abc$5386$auto$blifparse.cc:525:parse_blif$5591.genblk1.genblk1.genblk1.genblk1.genblk1.lut0 (4 -> 2)
  Optimizing lut $abc$5386$auto$blifparse.cc:525:parse_blif$5563.genblk1.genblk1.genblk1.genblk1.genblk1.genblk1.lut0.genblk1.genblk1.genblk1.genblk1.genblk1.lut1 (4 -> 2)
  Optimizing lut $abc$5386$auto$blifparse.cc:525:parse_blif$5391.genblk1.genblk1.genblk1.genblk1.genblk1.genblk1.genblk1.genblk1.lut0.genblk1.genblk1.genblk1.genblk1.genblk1.genblk1.genblk1.lut1.genblk1.genblk1.genblk1.genblk1.genblk1.genblk1.lut0.genblk1.genblk1.genblk1.genblk1.genblk1.lut1 (4 -> 0)
  Optimizing lut $abc$5386$auto$blifparse.cc:525:parse_blif$5466.genblk1.genblk1.genblk1.genblk1.genblk1.genblk1.genblk1.genblk1.lut0.genblk1.genblk1.genblk1.genblk1.genblk1.genblk1.genblk1.lut0.genblk1.genblk1.genblk1.genblk1.genblk1.genblk1.lut0.genblk1.genblk1.genblk1.genblk1.genblk1.lut0 (4 -> 1)
  Optimizing lut $abc$5386$auto$blifparse.cc:525:parse_blif$5399.genblk1.genblk1.genblk1.genblk1.genblk1.genblk1.genblk1.genblk1.lut0.genblk1.genblk1.genblk1.genblk1.genblk1.genblk1.genblk1.lut0.genblk1.genblk1.genblk1.genblk1.genblk1.genblk1.lut1.genblk1.genblk1.genblk1.genblk1.genblk1.lut1 (4 -> 1)
  Optimizing lut $abc$5386$auto$blifparse.cc:525:parse_blif$5564.genblk1.genblk1.genblk1.genblk1.genblk1.genblk1.genblk1.genblk1.lut1.genblk1.genblk1.genblk1.genblk1.genblk1.genblk1.genblk1.lut0.genblk1.genblk1.genblk1.genblk1.genblk1.genblk1.lut1.genblk1.genblk1.genblk1.genblk1.genblk1.lut1 (4 -> 0)
  Optimizing lut $abc$5386$auto$blifparse.cc:525:parse_blif$5450.genblk1.genblk1.genblk1.genblk1.genblk1.genblk1.genblk1.genblk1.lut1.genblk1.genblk1.genblk1.genblk1.genblk1.genblk1.genblk1.lut0.genblk1.genblk1.genblk1.genblk1.genblk1.genblk1.lut1.genblk1.genblk1.genblk1.genblk1.genblk1.lut1 (4 -> 1)
  Optimizing lut $abc$5386$auto$blifparse.cc:525:parse_blif$5568.genblk1.genblk1.genblk1.genblk1.genblk1.genblk1.genblk1.genblk1.lut1.genblk1.genblk1.genblk1.genblk1.genblk1.genblk1.genblk1.lut0.genblk1.genblk1.genblk1.genblk1.genblk1.genblk1.lut0.genblk1.genblk1.genblk1.genblk1.genblk1.lut1 (4 -> 0)
  Optimizing lut $abc$5386$auto$blifparse.cc:525:parse_blif$5447.genblk1.genblk1.genblk1.genblk1.genblk1.genblk1.genblk1.genblk1.lut1.genblk1.genblk1.genblk1.genblk1.genblk1.genblk1.genblk1.lut0.genblk1.genblk1.genblk1.genblk1.genblk1.genblk1.lut1.genblk1.genblk1.genblk1.genblk1.genblk1.lut1 (4 -> 1)
  Optimizing lut $abc$5386$auto$blifparse.cc:525:parse_blif$5399.genblk1.genblk1.genblk1.genblk1.genblk1.genblk1.genblk1.genblk1.lut0.genblk1.genblk1.genblk1.genblk1.genblk1.genblk1.genblk1.lut1.genblk1.genblk1.genblk1.genblk1.genblk1.genblk1.lut1.genblk1.genblk1.genblk1.genblk1.genblk1.lut0 (4 -> 0)
  Optimizing lut $abc$5386$auto$blifparse.cc:525:parse_blif$5395.genblk1.genblk1.genblk1.genblk1.genblk1.genblk1.genblk1.genblk1.lut1.genblk1.genblk1.genblk1.genblk1.genblk1.genblk1.genblk1.lut1.genblk1.genblk1.genblk1.genblk1.genblk1.genblk1.lut1.genblk1.genblk1.genblk1.genblk1.genblk1.lut1 (4 -> 0)
  Optimizing lut $abc$5386$auto$blifparse.cc:525:parse_blif$5463.genblk1.genblk1.genblk1.genblk1.genblk1.genblk1.genblk1.genblk1.lut0.genblk1.genblk1.genblk1.genblk1.genblk1.genblk1.genblk1.lut0.genblk1.genblk1.genblk1.genblk1.genblk1.genblk1.lut1.genblk1.genblk1.genblk1.genblk1.genblk1.lut1 (4 -> 1)
  Optimizing lut $abc$5386$auto$blifparse.cc:525:parse_blif$5443.genblk1.genblk1.genblk1.genblk1.genblk1.genblk1.genblk1.genblk1.lut1.genblk1.genblk1.genblk1.genblk1.genblk1.genblk1.genblk1.lut0.genblk1.genblk1.genblk1.genblk1.genblk1.genblk1.lut1.genblk1.genblk1.genblk1.genblk1.genblk1.lut1 (4 -> 1)
  Optimizing lut $abc$5386$auto$blifparse.cc:525:parse_blif$5445.genblk1.genblk1.genblk1.genblk1.genblk1.genblk1.genblk1.genblk1.lut0.genblk1.genblk1.genblk1.genblk1.genblk1.genblk1.genblk1.lut1.genblk1.genblk1.genblk1.genblk1.genblk1.genblk1.lut0.genblk1.genblk1.genblk1.genblk1.genblk1.lut1 (4 -> 1)
  Optimizing lut $abc$5386$auto$blifparse.cc:525:parse_blif$5447.genblk1.genblk1.genblk1.genblk1.genblk1.genblk1.genblk1.genblk1.lut0.genblk1.genblk1.genblk1.genblk1.genblk1.genblk1.genblk1.lut1.genblk1.genblk1.genblk1.genblk1.genblk1.genblk1.lut0.genblk1.genblk1.genblk1.genblk1.genblk1.lut0 (4 -> 0)
  Optimizing lut $abc$5386$auto$blifparse.cc:525:parse_blif$5391.genblk1.genblk1.genblk1.genblk1.genblk1.genblk1.genblk1.genblk1.lut0.genblk1.genblk1.genblk1.genblk1.genblk1.genblk1.genblk1.lut0.genblk1.genblk1.genblk1.genblk1.genblk1.genblk1.lut0.genblk1.genblk1.genblk1.genblk1.genblk1.lut1 (4 -> 1)
  Optimizing lut $abc$5386$auto$blifparse.cc:525:parse_blif$5399.genblk1.genblk1.genblk1.genblk1.genblk1.genblk1.genblk1.genblk1.lut1.genblk1.genblk1.genblk1.genblk1.genblk1.genblk1.genblk1.lut0.genblk1.genblk1.genblk1.genblk1.genblk1.genblk1.lut0.genblk1.genblk1.genblk1.genblk1.genblk1.lut0 (4 -> 1)
  Optimizing lut $abc$5386$auto$blifparse.cc:525:parse_blif$5457.genblk1.genblk1.genblk1.genblk1.genblk1.genblk1.genblk1.genblk1.lut0.genblk1.genblk1.genblk1.genblk1.genblk1.genblk1.genblk1.lut1.genblk1.genblk1.genblk1.genblk1.genblk1.genblk1.lut1.genblk1.genblk1.genblk1.genblk1.genblk1.lut0 (4 -> 1)
  Optimizing lut $abc$5386$auto$blifparse.cc:525:parse_blif$5555.genblk1.genblk1.genblk1.genblk1.genblk1.genblk1.genblk1.lut1.genblk1.genblk1.genblk1.genblk1.genblk1.genblk1.lut0.genblk1.genblk1.genblk1.genblk1.genblk1.lut1 (4 -> 0)
  Optimizing lut $abc$5386$auto$blifparse.cc:525:parse_blif$5450.genblk1.genblk1.genblk1.genblk1.genblk1.genblk1.genblk1.genblk1.lut0.genblk1.genblk1.genblk1.genblk1.genblk1.genblk1.genblk1.lut1.genblk1.genblk1.genblk1.genblk1.genblk1.genblk1.lut1.genblk1.genblk1.genblk1.genblk1.genblk1.lut1 (4 -> 0)
  Optimizing lut $abc$5386$auto$blifparse.cc:525:parse_blif$5585.genblk1.genblk1.genblk1.genblk1.genblk1.lut0 (4 -> 1)
  Optimizing lut $abc$5386$auto$blifparse.cc:525:parse_blif$5389.genblk1.genblk1.genblk1.genblk1.genblk1.genblk1.genblk1.genblk1.lut1.genblk1.genblk1.genblk1.genblk1.genblk1.genblk1.genblk1.lut1.genblk1.genblk1.genblk1.genblk1.genblk1.genblk1.lut1.genblk1.genblk1.genblk1.genblk1.genblk1.lut1 (4 -> 0)
  Optimizing lut $abc$5386$auto$blifparse.cc:525:parse_blif$5580.genblk1.genblk1.genblk1.genblk1.genblk1.genblk1.genblk1.lut1.genblk1.genblk1.genblk1.genblk1.genblk1.genblk1.lut0.genblk1.genblk1.genblk1.genblk1.genblk1.lut1 (4 -> 0)
  Optimizing lut $abc$5386$auto$blifparse.cc:525:parse_blif$5461.genblk1.genblk1.genblk1.genblk1.genblk1.genblk1.genblk1.genblk1.lut0.genblk1.genblk1.genblk1.genblk1.genblk1.genblk1.genblk1.lut1.genblk1.genblk1.genblk1.genblk1.genblk1.genblk1.lut0.genblk1.genblk1.genblk1.genblk1.genblk1.lut0 (4 -> 1)
  Optimizing lut $abc$5386$auto$blifparse.cc:525:parse_blif$5552.genblk1.genblk1.genblk1.genblk1.genblk1.genblk1.genblk1.lut0.genblk1.genblk1.genblk1.genblk1.genblk1.genblk1.lut1.genblk1.genblk1.genblk1.genblk1.genblk1.lut1 (4 -> 1)
  Optimizing lut $abc$5386$auto$blifparse.cc:525:parse_blif$5393.genblk1.genblk1.genblk1.genblk1.genblk1.genblk1.genblk1.genblk1.lut0.genblk1.genblk1.genblk1.genblk1.genblk1.genblk1.genblk1.lut1.genblk1.genblk1.genblk1.genblk1.genblk1.genblk1.lut1.genblk1.genblk1.genblk1.genblk1.genblk1.lut1 (4 -> 1)
  Optimizing lut $abc$5386$auto$blifparse.cc:525:parse_blif$5470.genblk1.genblk1.genblk1.genblk1.genblk1.genblk1.genblk1.genblk1.lut1.genblk1.genblk1.genblk1.genblk1.genblk1.genblk1.genblk1.lut1.genblk1.genblk1.genblk1.genblk1.genblk1.genblk1.lut1.genblk1.genblk1.genblk1.genblk1.genblk1.lut0 (4 -> 0)
  Optimizing lut $abc$5386$auto$blifparse.cc:525:parse_blif$5395.genblk1.genblk1.genblk1.genblk1.genblk1.genblk1.genblk1.genblk1.lut0.genblk1.genblk1.genblk1.genblk1.genblk1.genblk1.genblk1.lut1.genblk1.genblk1.genblk1.genblk1.genblk1.genblk1.lut1.genblk1.genblk1.genblk1.genblk1.genblk1.lut1 (4 -> 0)
  Optimizing lut $abc$5386$auto$blifparse.cc:525:parse_blif$5468.genblk1.genblk1.genblk1.genblk1.genblk1.genblk1.genblk1.genblk1.lut0.genblk1.genblk1.genblk1.genblk1.genblk1.genblk1.genblk1.lut0.genblk1.genblk1.genblk1.genblk1.genblk1.genblk1.lut1.genblk1.genblk1.genblk1.genblk1.genblk1.lut1 (4 -> 1)
  Optimizing lut $abc$5386$auto$blifparse.cc:525:parse_blif$5537.genblk1.genblk1.genblk1.genblk1.genblk1.genblk1.genblk1.genblk1.lut0.genblk1.genblk1.genblk1.genblk1.genblk1.genblk1.genblk1.lut1.genblk1.genblk1.genblk1.genblk1.genblk1.genblk1.lut0.genblk1.genblk1.genblk1.genblk1.genblk1.lut0 (4 -> 0)
  Optimizing lut $abc$5386$auto$blifparse.cc:525:parse_blif$5403.genblk1.genblk1.genblk1.genblk1.genblk1.genblk1.genblk1.genblk1.lut1.genblk1.genblk1.genblk1.genblk1.genblk1.genblk1.genblk1.lut1.genblk1.genblk1.genblk1.genblk1.genblk1.genblk1.lut0.genblk1.genblk1.genblk1.genblk1.genblk1.lut1 (4 -> 0)
  Optimizing lut $abc$5386$auto$blifparse.cc:525:parse_blif$5537.genblk1.genblk1.genblk1.genblk1.genblk1.genblk1.genblk1.genblk1.lut0.genblk1.genblk1.genblk1.genblk1.genblk1.genblk1.genblk1.lut0.genblk1.genblk1.genblk1.genblk1.genblk1.genblk1.lut0.genblk1.genblk1.genblk1.genblk1.genblk1.lut0 (4 -> 0)
  Optimizing lut $abc$5386$auto$blifparse.cc:525:parse_blif$5397.genblk1.genblk1.genblk1.genblk1.genblk1.genblk1.genblk1.genblk1.lut1.genblk1.genblk1.genblk1.genblk1.genblk1.genblk1.genblk1.lut1.genblk1.genblk1.genblk1.genblk1.genblk1.genblk1.lut1.genblk1.genblk1.genblk1.genblk1.genblk1.lut1 (4 -> 0)
  Optimizing lut $abc$5386$auto$blifparse.cc:525:parse_blif$5579.genblk1.genblk1.genblk1.genblk1.genblk1.genblk1.genblk1.lut0.genblk1.genblk1.genblk1.genblk1.genblk1.genblk1.lut1.genblk1.genblk1.genblk1.genblk1.genblk1.lut1 (4 -> 0)
  Optimizing lut $abc$5386$auto$blifparse.cc:525:parse_blif$5389.genblk1.genblk1.genblk1.genblk1.genblk1.genblk1.genblk1.genblk1.lut1.genblk1.genblk1.genblk1.genblk1.genblk1.genblk1.genblk1.lut1.genblk1.genblk1.genblk1.genblk1.genblk1.genblk1.lut0.genblk1.genblk1.genblk1.genblk1.genblk1.lut0 (4 -> 0)
  Optimizing lut $abc$5386$auto$blifparse.cc:525:parse_blif$5568.genblk1.genblk1.genblk1.genblk1.genblk1.genblk1.genblk1.genblk1.lut0.genblk1.genblk1.genblk1.genblk1.genblk1.genblk1.genblk1.lut1.genblk1.genblk1.genblk1.genblk1.genblk1.genblk1.lut0.genblk1.genblk1.genblk1.genblk1.genblk1.lut1 (4 -> 2)
  Optimizing lut $abc$5386$auto$blifparse.cc:525:parse_blif$5461.genblk1.genblk1.genblk1.genblk1.genblk1.genblk1.genblk1.genblk1.lut0.genblk1.genblk1.genblk1.genblk1.genblk1.genblk1.genblk1.lut0.genblk1.genblk1.genblk1.genblk1.genblk1.genblk1.lut1.genblk1.genblk1.genblk1.genblk1.genblk1.lut1 (4 -> 1)
  Optimizing lut $abc$5386$auto$blifparse.cc:525:parse_blif$5461.genblk1.genblk1.genblk1.genblk1.genblk1.genblk1.genblk1.genblk1.lut1.genblk1.genblk1.genblk1.genblk1.genblk1.genblk1.genblk1.lut0.genblk1.genblk1.genblk1.genblk1.genblk1.genblk1.lut0.genblk1.genblk1.genblk1.genblk1.genblk1.lut1 (4 -> 0)
  Optimizing lut $abc$5386$auto$blifparse.cc:525:parse_blif$5403.genblk1.genblk1.genblk1.genblk1.genblk1.genblk1.genblk1.genblk1.lut0.genblk1.genblk1.genblk1.genblk1.genblk1.genblk1.genblk1.lut0.genblk1.genblk1.genblk1.genblk1.genblk1.genblk1.lut1.genblk1.genblk1.genblk1.genblk1.genblk1.lut1 (4 -> 1)
  Optimizing lut $abc$5386$auto$blifparse.cc:525:parse_blif$5450.genblk1.genblk1.genblk1.genblk1.genblk1.genblk1.genblk1.genblk1.lut0.genblk1.genblk1.genblk1.genblk1.genblk1.genblk1.genblk1.lut0.genblk1.genblk1.genblk1.genblk1.genblk1.genblk1.lut1.genblk1.genblk1.genblk1.genblk1.genblk1.lut1 (4 -> 1)
  Optimizing lut $abc$5386$auto$blifparse.cc:525:parse_blif$5453.genblk1.genblk1.genblk1.genblk1.genblk1.genblk1.genblk1.genblk1.lut0.genblk1.genblk1.genblk1.genblk1.genblk1.genblk1.genblk1.lut0.genblk1.genblk1.genblk1.genblk1.genblk1.genblk1.lut1.genblk1.genblk1.genblk1.genblk1.genblk1.lut1 (4 -> 1)
  Optimizing lut $abc$5386$auto$blifparse.cc:525:parse_blif$5568.genblk1.genblk1.genblk1.genblk1.genblk1.genblk1.genblk1.genblk1.lut1.genblk1.genblk1.genblk1.genblk1.genblk1.genblk1.genblk1.lut0.genblk1.genblk1.genblk1.genblk1.genblk1.genblk1.lut1.genblk1.genblk1.genblk1.genblk1.genblk1.lut1 (4 -> 0)
  Optimizing lut $abc$5386$auto$blifparse.cc:525:parse_blif$5468.genblk1.genblk1.genblk1.genblk1.genblk1.genblk1.genblk1.genblk1.lut0.genblk1.genblk1.genblk1.genblk1.genblk1.genblk1.genblk1.lut0.genblk1.genblk1.genblk1.genblk1.genblk1.genblk1.lut1.genblk1.genblk1.genblk1.genblk1.genblk1.lut0 (4 -> 1)
  Optimizing lut $abc$5386$auto$blifparse.cc:525:parse_blif$5399.genblk1.genblk1.genblk1.genblk1.genblk1.genblk1.genblk1.genblk1.lut1.genblk1.genblk1.genblk1.genblk1.genblk1.genblk1.genblk1.lut1.genblk1.genblk1.genblk1.genblk1.genblk1.genblk1.lut1.genblk1.genblk1.genblk1.genblk1.genblk1.lut0 (4 -> 0)
  Optimizing lut $abc$5386$auto$blifparse.cc:525:parse_blif$5399.genblk1.genblk1.genblk1.genblk1.genblk1.genblk1.genblk1.genblk1.lut0.genblk1.genblk1.genblk1.genblk1.genblk1.genblk1.genblk1.lut1.genblk1.genblk1.genblk1.genblk1.genblk1.genblk1.lut0.genblk1.genblk1.genblk1.genblk1.genblk1.lut0 (4 -> 0)
  Optimizing lut $abc$5386$auto$blifparse.cc:525:parse_blif$5395.genblk1.genblk1.genblk1.genblk1.genblk1.genblk1.genblk1.genblk1.lut0.genblk1.genblk1.genblk1.genblk1.genblk1.genblk1.genblk1.lut0.genblk1.genblk1.genblk1.genblk1.genblk1.genblk1.lut1.genblk1.genblk1.genblk1.genblk1.genblk1.lut1 (4 -> 1)
  Optimizing lut $abc$5386$auto$blifparse.cc:525:parse_blif$5457.genblk1.genblk1.genblk1.genblk1.genblk1.genblk1.genblk1.genblk1.lut0.genblk1.genblk1.genblk1.genblk1.genblk1.genblk1.genblk1.lut0.genblk1.genblk1.genblk1.genblk1.genblk1.genblk1.lut1.genblk1.genblk1.genblk1.genblk1.genblk1.lut0 (4 -> 1)
  Optimizing lut $abc$5386$auto$blifparse.cc:525:parse_blif$5568.genblk1.genblk1.genblk1.genblk1.genblk1.genblk1.genblk1.genblk1.lut1.genblk1.genblk1.genblk1.genblk1.genblk1.genblk1.genblk1.lut1.genblk1.genblk1.genblk1.genblk1.genblk1.genblk1.lut0.genblk1.genblk1.genblk1.genblk1.genblk1.lut1 (4 -> 0)
  Optimizing lut $abc$5386$auto$blifparse.cc:525:parse_blif$5547.genblk1.genblk1.genblk1.genblk1.genblk1.genblk1.genblk1.genblk1.lut0.genblk1.genblk1.genblk1.genblk1.genblk1.genblk1.genblk1.lut0.genblk1.genblk1.genblk1.genblk1.genblk1.genblk1.lut1.genblk1.genblk1.genblk1.genblk1.genblk1.lut1 (4 -> 3)
  Optimizing lut $abc$5386$auto$blifparse.cc:525:parse_blif$5389.genblk1.genblk1.genblk1.genblk1.genblk1.genblk1.genblk1.genblk1.lut0.genblk1.genblk1.genblk1.genblk1.genblk1.genblk1.genblk1.lut0.genblk1.genblk1.genblk1.genblk1.genblk1.genblk1.lut0.genblk1.genblk1.genblk1.genblk1.genblk1.lut1 (4 -> 2)
  Optimizing lut $abc$5386$auto$blifparse.cc:525:parse_blif$5470.genblk1.genblk1.genblk1.genblk1.genblk1.genblk1.genblk1.genblk1.lut1.genblk1.genblk1.genblk1.genblk1.genblk1.genblk1.genblk1.lut0.genblk1.genblk1.genblk1.genblk1.genblk1.genblk1.lut0.genblk1.genblk1.genblk1.genblk1.genblk1.lut0 (4 -> 0)
  Optimizing lut $abc$5386$auto$blifparse.cc:525:parse_blif$5532.genblk1.genblk1.genblk1.genblk1.genblk1.lut1 (4 -> 0)
  Optimizing lut $abc$5386$auto$blifparse.cc:525:parse_blif$5414.genblk1.genblk1.genblk1.genblk1.genblk1.lut1 (4 -> 3)
  Optimizing lut $abc$5386$auto$blifparse.cc:525:parse_blif$5414.genblk1.genblk1.genblk1.genblk1.genblk1.lut0 (4 -> 2)
  Optimizing lut $abc$5386$auto$blifparse.cc:525:parse_blif$5551.genblk1.genblk1.genblk1.genblk1.genblk1.genblk1.genblk1.lut0.genblk1.genblk1.genblk1.genblk1.genblk1.genblk1.lut0.genblk1.genblk1.genblk1.genblk1.genblk1.lut1 (4 -> 0)
  Optimizing lut $abc$5386$auto$blifparse.cc:525:parse_blif$5540.genblk1.genblk1.genblk1.genblk1.genblk1.genblk1.genblk1.genblk1.lut0.genblk1.genblk1.genblk1.genblk1.genblk1.genblk1.genblk1.lut0.genblk1.genblk1.genblk1.genblk1.genblk1.genblk1.lut0.genblk1.genblk1.genblk1.genblk1.genblk1.lut1 (4 -> 0)
  Optimizing lut $abc$5386$auto$blifparse.cc:525:parse_blif$5441.genblk1.genblk1.genblk1.genblk1.genblk1.genblk1.genblk1.genblk1.lut1.genblk1.genblk1.genblk1.genblk1.genblk1.genblk1.genblk1.lut1.genblk1.genblk1.genblk1.genblk1.genblk1.genblk1.lut1.genblk1.genblk1.genblk1.genblk1.genblk1.lut0 (4 -> 0)
  Optimizing lut $abc$5386$auto$blifparse.cc:525:parse_blif$5447.genblk1.genblk1.genblk1.genblk1.genblk1.genblk1.genblk1.genblk1.lut1.genblk1.genblk1.genblk1.genblk1.genblk1.genblk1.genblk1.lut1.genblk1.genblk1.genblk1.genblk1.genblk1.genblk1.lut1.genblk1.genblk1.genblk1.genblk1.genblk1.lut1 (4 -> 0)
  Optimizing lut $abc$5386$auto$blifparse.cc:525:parse_blif$5395.genblk1.genblk1.genblk1.genblk1.genblk1.genblk1.genblk1.genblk1.lut0.genblk1.genblk1.genblk1.genblk1.genblk1.genblk1.genblk1.lut1.genblk1.genblk1.genblk1.genblk1.genblk1.genblk1.lut0.genblk1.genblk1.genblk1.genblk1.genblk1.lut1 (4 -> 0)
  Optimizing lut $abc$5386$auto$blifparse.cc:525:parse_blif$5397.genblk1.genblk1.genblk1.genblk1.genblk1.genblk1.genblk1.genblk1.lut0.genblk1.genblk1.genblk1.genblk1.genblk1.genblk1.genblk1.lut0.genblk1.genblk1.genblk1.genblk1.genblk1.genblk1.lut1.genblk1.genblk1.genblk1.genblk1.genblk1.lut1 (4 -> 1)
  Optimizing lut $abc$5386$auto$blifparse.cc:525:parse_blif$5459.genblk1.genblk1.genblk1.genblk1.genblk1.genblk1.genblk1.genblk1.lut0.genblk1.genblk1.genblk1.genblk1.genblk1.genblk1.genblk1.lut0.genblk1.genblk1.genblk1.genblk1.genblk1.genblk1.lut1.genblk1.genblk1.genblk1.genblk1.genblk1.lut1 (4 -> 1)
  Optimizing lut $abc$5386$auto$blifparse.cc:525:parse_blif$5537.genblk1.genblk1.genblk1.genblk1.genblk1.genblk1.genblk1.genblk1.lut0.genblk1.genblk1.genblk1.genblk1.genblk1.genblk1.genblk1.lut0.genblk1.genblk1.genblk1.genblk1.genblk1.genblk1.lut1.genblk1.genblk1.genblk1.genblk1.genblk1.lut0 (4 -> 3)
  Optimizing lut $abc$5386$auto$blifparse.cc:525:parse_blif$5455.genblk1.genblk1.genblk1.genblk1.genblk1.genblk1.genblk1.genblk1.lut0.genblk1.genblk1.genblk1.genblk1.genblk1.genblk1.genblk1.lut1.genblk1.genblk1.genblk1.genblk1.genblk1.genblk1.lut1.genblk1.genblk1.genblk1.genblk1.genblk1.lut1 (4 -> 0)
  Optimizing lut $abc$5386$auto$blifparse.cc:525:parse_blif$5441.genblk1.genblk1.genblk1.genblk1.genblk1.genblk1.genblk1.genblk1.lut1.genblk1.genblk1.genblk1.genblk1.genblk1.genblk1.genblk1.lut0.genblk1.genblk1.genblk1.genblk1.genblk1.genblk1.lut1.genblk1.genblk1.genblk1.genblk1.genblk1.lut1 (4 -> 0)
  Optimizing lut $abc$5386$auto$blifparse.cc:525:parse_blif$5391.genblk1.genblk1.genblk1.genblk1.genblk1.genblk1.genblk1.genblk1.lut1.genblk1.genblk1.genblk1.genblk1.genblk1.genblk1.genblk1.lut0.genblk1.genblk1.genblk1.genblk1.genblk1.genblk1.lut0.genblk1.genblk1.genblk1.genblk1.genblk1.lut1 (4 -> 1)
  Optimizing lut $abc$5386$auto$blifparse.cc:525:parse_blif$5393.genblk1.genblk1.genblk1.genblk1.genblk1.genblk1.genblk1.genblk1.lut0.genblk1.genblk1.genblk1.genblk1.genblk1.genblk1.genblk1.lut0.genblk1.genblk1.genblk1.genblk1.genblk1.genblk1.lut0.genblk1.genblk1.genblk1.genblk1.genblk1.lut1 (4 -> 2)
  Optimizing lut $abc$5386$auto$blifparse.cc:525:parse_blif$5401.genblk1.genblk1.genblk1.genblk1.genblk1.genblk1.genblk1.genblk1.lut0.genblk1.genblk1.genblk1.genblk1.genblk1.genblk1.genblk1.lut1.genblk1.genblk1.genblk1.genblk1.genblk1.genblk1.lut1.genblk1.genblk1.genblk1.genblk1.genblk1.lut1 (4 -> 1)
  Optimizing lut $abc$5386$auto$blifparse.cc:525:parse_blif$5393.genblk1.genblk1.genblk1.genblk1.genblk1.genblk1.genblk1.genblk1.lut1.genblk1.genblk1.genblk1.genblk1.genblk1.genblk1.genblk1.lut0.genblk1.genblk1.genblk1.genblk1.genblk1.genblk1.lut1.genblk1.genblk1.genblk1.genblk1.genblk1.lut1 (4 -> 0)
  Optimizing lut $abc$5386$auto$blifparse.cc:525:parse_blif$5470.genblk1.genblk1.genblk1.genblk1.genblk1.genblk1.genblk1.genblk1.lut1.genblk1.genblk1.genblk1.genblk1.genblk1.genblk1.genblk1.lut1.genblk1.genblk1.genblk1.genblk1.genblk1.genblk1.lut1.genblk1.genblk1.genblk1.genblk1.genblk1.lut1 (4 -> 0)
  Optimizing lut $abc$5386$auto$blifparse.cc:525:parse_blif$5445.genblk1.genblk1.genblk1.genblk1.genblk1.genblk1.genblk1.genblk1.lut1.genblk1.genblk1.genblk1.genblk1.genblk1.genblk1.genblk1.lut1.genblk1.genblk1.genblk1.genblk1.genblk1.genblk1.lut0.genblk1.genblk1.genblk1.genblk1.genblk1.lut0 (4 -> 0)
  Optimizing lut $abc$5386$auto$blifparse.cc:525:parse_blif$5443.genblk1.genblk1.genblk1.genblk1.genblk1.genblk1.genblk1.genblk1.lut0.genblk1.genblk1.genblk1.genblk1.genblk1.genblk1.genblk1.lut1.genblk1.genblk1.genblk1.genblk1.genblk1.genblk1.lut1.genblk1.genblk1.genblk1.genblk1.genblk1.lut0 (4 -> 0)
  Optimizing lut $abc$5386$auto$blifparse.cc:525:parse_blif$5457.genblk1.genblk1.genblk1.genblk1.genblk1.genblk1.genblk1.genblk1.lut0.genblk1.genblk1.genblk1.genblk1.genblk1.genblk1.genblk1.lut0.genblk1.genblk1.genblk1.genblk1.genblk1.genblk1.lut1.genblk1.genblk1.genblk1.genblk1.genblk1.lut1 (4 -> 1)
  Optimizing lut $abc$5386$auto$blifparse.cc:525:parse_blif$5399.genblk1.genblk1.genblk1.genblk1.genblk1.genblk1.genblk1.genblk1.lut0.genblk1.genblk1.genblk1.genblk1.genblk1.genblk1.genblk1.lut0.genblk1.genblk1.genblk1.genblk1.genblk1.genblk1.lut0.genblk1.genblk1.genblk1.genblk1.genblk1.lut1 (4 -> 1)
  Optimizing lut $abc$5386$auto$blifparse.cc:525:parse_blif$5533.genblk1.genblk1.genblk1.genblk1.genblk1.genblk1.genblk1.lut0.genblk1.genblk1.genblk1.genblk1.genblk1.genblk1.lut0.genblk1.genblk1.genblk1.genblk1.genblk1.lut1 (4 -> 3)
  Optimizing lut $abc$5386$auto$blifparse.cc:525:parse_blif$5538.genblk1.genblk1.genblk1.genblk1.genblk1.genblk1.genblk1.genblk1.lut0.genblk1.genblk1.genblk1.genblk1.genblk1.genblk1.genblk1.lut0.genblk1.genblk1.genblk1.genblk1.genblk1.genblk1.lut0.genblk1.genblk1.genblk1.genblk1.genblk1.lut0 (4 -> 0)
  Optimizing lut $abc$5386$auto$blifparse.cc:525:parse_blif$5559.genblk1.genblk1.genblk1.genblk1.genblk1.genblk1.genblk1.lut1.genblk1.genblk1.genblk1.genblk1.genblk1.genblk1.lut0.genblk1.genblk1.genblk1.genblk1.genblk1.lut1 (4 -> 0)
  Optimizing lut $abc$5386$auto$blifparse.cc:525:parse_blif$5389.genblk1.genblk1.genblk1.genblk1.genblk1.genblk1.genblk1.genblk1.lut0.genblk1.genblk1.genblk1.genblk1.genblk1.genblk1.genblk1.lut1.genblk1.genblk1.genblk1.genblk1.genblk1.genblk1.lut1.genblk1.genblk1.genblk1.genblk1.genblk1.lut0 (4 -> 1)
  Optimizing lut $abc$5386$auto$blifparse.cc:525:parse_blif$5393.genblk1.genblk1.genblk1.genblk1.genblk1.genblk1.genblk1.genblk1.lut0.genblk1.genblk1.genblk1.genblk1.genblk1.genblk1.genblk1.lut0.genblk1.genblk1.genblk1.genblk1.genblk1.genblk1.lut1.genblk1.genblk1.genblk1.genblk1.genblk1.lut1 (4 -> 1)
  Optimizing lut $abc$5386$auto$blifparse.cc:525:parse_blif$5441.genblk1.genblk1.genblk1.genblk1.genblk1.genblk1.genblk1.genblk1.lut0.genblk1.genblk1.genblk1.genblk1.genblk1.genblk1.genblk1.lut0.genblk1.genblk1.genblk1.genblk1.genblk1.genblk1.lut0.genblk1.genblk1.genblk1.genblk1.genblk1.lut1 (4 -> 2)
  Optimizing lut $abc$5386$auto$blifparse.cc:525:parse_blif$5540.genblk1.genblk1.genblk1.genblk1.genblk1.genblk1.genblk1.genblk1.lut1.genblk1.genblk1.genblk1.genblk1.genblk1.genblk1.genblk1.lut0.genblk1.genblk1.genblk1.genblk1.genblk1.genblk1.lut1.genblk1.genblk1.genblk1.genblk1.genblk1.lut1 (4 -> 0)
  Optimizing lut $abc$5386$auto$blifparse.cc:525:parse_blif$5575.genblk1.genblk1.genblk1.genblk1.genblk1.genblk1.genblk1.genblk1.lut0.genblk1.genblk1.genblk1.genblk1.genblk1.genblk1.genblk1.lut1.genblk1.genblk1.genblk1.genblk1.genblk1.genblk1.lut1.genblk1.genblk1.genblk1.genblk1.genblk1.lut1 (4 -> 2)
  Optimizing lut $abc$5386$auto$blifparse.cc:525:parse_blif$5455.genblk1.genblk1.genblk1.genblk1.genblk1.genblk1.genblk1.genblk1.lut1.genblk1.genblk1.genblk1.genblk1.genblk1.genblk1.genblk1.lut0.genblk1.genblk1.genblk1.genblk1.genblk1.genblk1.lut0.genblk1.genblk1.genblk1.genblk1.genblk1.lut1 (4 -> 0)
  Optimizing lut $abc$5386$auto$blifparse.cc:525:parse_blif$5581.genblk1.genblk1.genblk1.genblk1.genblk1.genblk1.genblk1.lut1.genblk1.genblk1.genblk1.genblk1.genblk1.genblk1.lut0.genblk1.genblk1.genblk1.genblk1.genblk1.lut1 (4 -> 0)
  Optimizing lut $abc$5386$auto$blifparse.cc:525:parse_blif$5578.genblk1.genblk1.genblk1.genblk1.genblk1.genblk1.genblk1.lut1.genblk1.genblk1.genblk1.genblk1.genblk1.genblk1.lut0.genblk1.genblk1.genblk1.genblk1.genblk1.lut1 (4 -> 1)
  Optimizing lut $abc$5386$auto$blifparse.cc:525:parse_blif$5391.genblk1.genblk1.genblk1.genblk1.genblk1.genblk1.genblk1.genblk1.lut0.genblk1.genblk1.genblk1.genblk1.genblk1.genblk1.genblk1.lut0.genblk1.genblk1.genblk1.genblk1.genblk1.genblk1.lut0.genblk1.genblk1.genblk1.genblk1.genblk1.lut0 (4 -> 1)
  Optimizing lut $abc$5386$auto$blifparse.cc:525:parse_blif$5557.genblk1.genblk1.genblk1.genblk1.genblk1.genblk1.genblk1.lut0.genblk1.genblk1.genblk1.genblk1.genblk1.genblk1.lut0.genblk1.genblk1.genblk1.genblk1.genblk1.lut0 (4 -> 3)
  Optimizing lut $abc$5386$auto$blifparse.cc:525:parse_blif$5552.genblk1.genblk1.genblk1.genblk1.genblk1.genblk1.genblk1.lut1.genblk1.genblk1.genblk1.genblk1.genblk1.genblk1.lut1.genblk1.genblk1.genblk1.genblk1.genblk1.lut1 (4 -> 0)
  Optimizing lut $abc$5386$auto$blifparse.cc:525:parse_blif$5401.genblk1.genblk1.genblk1.genblk1.genblk1.genblk1.genblk1.genblk1.lut1.genblk1.genblk1.genblk1.genblk1.genblk1.genblk1.genblk1.lut1.genblk1.genblk1.genblk1.genblk1.genblk1.genblk1.lut0.genblk1.genblk1.genblk1.genblk1.genblk1.lut0 (4 -> 0)
  Optimizing lut $abc$5386$auto$blifparse.cc:525:parse_blif$5582.genblk1.genblk1.genblk1.genblk1.genblk1.genblk1.genblk1.lut0.genblk1.genblk1.genblk1.genblk1.genblk1.genblk1.lut1.genblk1.genblk1.genblk1.genblk1.genblk1.lut1 (4 -> 1)
  Optimizing lut $abc$5386$auto$blifparse.cc:525:parse_blif$5575.genblk1.genblk1.genblk1.genblk1.genblk1.genblk1.genblk1.genblk1.lut1.genblk1.genblk1.genblk1.genblk1.genblk1.genblk1.genblk1.lut0.genblk1.genblk1.genblk1.genblk1.genblk1.genblk1.lut1.genblk1.genblk1.genblk1.genblk1.genblk1.lut1 (4 -> 0)
  Optimizing lut $abc$5386$auto$blifparse.cc:525:parse_blif$5455.genblk1.genblk1.genblk1.genblk1.genblk1.genblk1.genblk1.genblk1.lut0.genblk1.genblk1.genblk1.genblk1.genblk1.genblk1.genblk1.lut1.genblk1.genblk1.genblk1.genblk1.genblk1.genblk1.lut0.genblk1.genblk1.genblk1.genblk1.genblk1.lut1 (4 -> 0)
  Optimizing lut $abc$5386$auto$blifparse.cc:525:parse_blif$5401.genblk1.genblk1.genblk1.genblk1.genblk1.genblk1.genblk1.genblk1.lut1.genblk1.genblk1.genblk1.genblk1.genblk1.genblk1.genblk1.lut1.genblk1.genblk1.genblk1.genblk1.genblk1.genblk1.lut1.genblk1.genblk1.genblk1.genblk1.genblk1.lut1 (4 -> 0)
  Optimizing lut $abc$5386$auto$blifparse.cc:525:parse_blif$5455.genblk1.genblk1.genblk1.genblk1.genblk1.genblk1.genblk1.genblk1.lut1.genblk1.genblk1.genblk1.genblk1.genblk1.genblk1.genblk1.lut0.genblk1.genblk1.genblk1.genblk1.genblk1.genblk1.lut1.genblk1.genblk1.genblk1.genblk1.genblk1.lut1 (4 -> 0)
  Optimizing lut $abc$5386$auto$blifparse.cc:525:parse_blif$5403.genblk1.genblk1.genblk1.genblk1.genblk1.genblk1.genblk1.genblk1.lut0.genblk1.genblk1.genblk1.genblk1.genblk1.genblk1.genblk1.lut0.genblk1.genblk1.genblk1.genblk1.genblk1.genblk1.lut0.genblk1.genblk1.genblk1.genblk1.genblk1.lut1 (4 -> 1)
  Optimizing lut $abc$5386$auto$blifparse.cc:525:parse_blif$5589.genblk1.genblk1.genblk1.genblk1.genblk1.lut0 (4 -> 1)
  Optimizing lut $abc$5386$auto$blifparse.cc:525:parse_blif$5540.genblk1.genblk1.genblk1.genblk1.genblk1.genblk1.genblk1.genblk1.lut0.genblk1.genblk1.genblk1.genblk1.genblk1.genblk1.genblk1.lut1.genblk1.genblk1.genblk1.genblk1.genblk1.genblk1.lut0.genblk1.genblk1.genblk1.genblk1.genblk1.lut1 (4 -> 0)
  Optimizing lut $abc$5386$auto$blifparse.cc:525:parse_blif$5453.genblk1.genblk1.genblk1.genblk1.genblk1.genblk1.genblk1.genblk1.lut1.genblk1.genblk1.genblk1.genblk1.genblk1.genblk1.genblk1.lut0.genblk1.genblk1.genblk1.genblk1.genblk1.genblk1.lut0.genblk1.genblk1.genblk1.genblk1.genblk1.lut0 (4 -> 0)
  Optimizing lut $abc$5386$auto$blifparse.cc:525:parse_blif$5393.genblk1.genblk1.genblk1.genblk1.genblk1.genblk1.genblk1.genblk1.lut1.genblk1.genblk1.genblk1.genblk1.genblk1.genblk1.genblk1.lut0.genblk1.genblk1.genblk1.genblk1.genblk1.genblk1.lut0.genblk1.genblk1.genblk1.genblk1.genblk1.lut1 (4 -> 0)
  Optimizing lut $abc$5386$auto$blifparse.cc:525:parse_blif$5572.genblk1.genblk1.genblk1.genblk1.genblk1.lut1 (4 -> 2)
  Optimizing lut $abc$5386$auto$blifparse.cc:525:parse_blif$5399.genblk1.genblk1.genblk1.genblk1.genblk1.genblk1.genblk1.genblk1.lut0.genblk1.genblk1.genblk1.genblk1.genblk1.genblk1.genblk1.lut0.genblk1.genblk1.genblk1.genblk1.genblk1.genblk1.lut1.genblk1.genblk1.genblk1.genblk1.genblk1.lut0 (4 -> 1)
  Optimizing lut $abc$5386$auto$blifparse.cc:525:parse_blif$5447.genblk1.genblk1.genblk1.genblk1.genblk1.genblk1.genblk1.genblk1.lut1.genblk1.genblk1.genblk1.genblk1.genblk1.genblk1.genblk1.lut1.genblk1.genblk1.genblk1.genblk1.genblk1.genblk1.lut0.genblk1.genblk1.genblk1.genblk1.genblk1.lut0 (4 -> 0)
  Optimizing lut $abc$5386$auto$blifparse.cc:525:parse_blif$5577.genblk1.genblk1.genblk1.genblk1.genblk1.genblk1.genblk1.lut0.genblk1.genblk1.genblk1.genblk1.genblk1.genblk1.lut0.genblk1.genblk1.genblk1.genblk1.genblk1.lut1 (4 -> 1)
  Optimizing lut $abc$5386$auto$blifparse.cc:525:parse_blif$5445.genblk1.genblk1.genblk1.genblk1.genblk1.genblk1.genblk1.genblk1.lut0.genblk1.genblk1.genblk1.genblk1.genblk1.genblk1.genblk1.lut1.genblk1.genblk1.genblk1.genblk1.genblk1.genblk1.lut0.genblk1.genblk1.genblk1.genblk1.genblk1.lut0 (4 -> 1)
  Optimizing lut $abc$5386$auto$blifparse.cc:525:parse_blif$5580.genblk1.genblk1.genblk1.genblk1.genblk1.genblk1.genblk1.lut0.genblk1.genblk1.genblk1.genblk1.genblk1.genblk1.lut0.genblk1.genblk1.genblk1.genblk1.genblk1.lut1 (4 -> 1)
  Optimizing lut $abc$5386$auto$blifparse.cc:525:parse_blif$5391.genblk1.genblk1.genblk1.genblk1.genblk1.genblk1.genblk1.genblk1.lut1.genblk1.genblk1.genblk1.genblk1.genblk1.genblk1.genblk1.lut1.genblk1.genblk1.genblk1.genblk1.genblk1.genblk1.lut1.genblk1.genblk1.genblk1.genblk1.genblk1.lut0 (4 -> 0)
  Optimizing lut $abc$5386$auto$blifparse.cc:525:parse_blif$5463.genblk1.genblk1.genblk1.genblk1.genblk1.genblk1.genblk1.genblk1.lut0.genblk1.genblk1.genblk1.genblk1.genblk1.genblk1.genblk1.lut1.genblk1.genblk1.genblk1.genblk1.genblk1.genblk1.lut1.genblk1.genblk1.genblk1.genblk1.genblk1.lut1 (4 -> 0)
  Optimizing lut $abc$5386$auto$blifparse.cc:525:parse_blif$5564.genblk1.genblk1.genblk1.genblk1.genblk1.genblk1.genblk1.genblk1.lut1.genblk1.genblk1.genblk1.genblk1.genblk1.genblk1.genblk1.lut1.genblk1.genblk1.genblk1.genblk1.genblk1.genblk1.lut0.genblk1.genblk1.genblk1.genblk1.genblk1.lut1 (4 -> 0)
  Optimizing lut $abc$5386$auto$blifparse.cc:525:parse_blif$5583.genblk1.genblk1.genblk1.genblk1.genblk1.lut1 (4 -> 3)
  Optimizing lut $abc$5386$auto$blifparse.cc:525:parse_blif$5447.genblk1.genblk1.genblk1.genblk1.genblk1.genblk1.genblk1.genblk1.lut1.genblk1.genblk1.genblk1.genblk1.genblk1.genblk1.genblk1.lut1.genblk1.genblk1.genblk1.genblk1.genblk1.genblk1.lut1.genblk1.genblk1.genblk1.genblk1.genblk1.lut0 (4 -> 0)
  Optimizing lut $abc$5386$auto$blifparse.cc:525:parse_blif$5587.genblk1.genblk1.genblk1.genblk1.genblk1.lut1 (4 -> 3)
  Optimizing lut $abc$5386$auto$blifparse.cc:525:parse_blif$5598.genblk1.genblk1.genblk1.genblk1.genblk1.lut0 (4 -> 3)
  Optimizing lut $abc$5386$auto$blifparse.cc:525:parse_blif$5589.genblk1.genblk1.genblk1.genblk1.genblk1.lut1 (4 -> 3)
  Optimizing lut $abc$5386$auto$blifparse.cc:525:parse_blif$5591.genblk1.genblk1.genblk1.genblk1.genblk1.lut1 (4 -> 2)
  Optimizing lut $abc$5386$auto$blifparse.cc:525:parse_blif$5598.genblk1.genblk1.genblk1.genblk1.genblk1.lut1 (4 -> 1)
  Optimizing lut $abc$5386$auto$blifparse.cc:525:parse_blif$5602.genblk1.genblk1.genblk1.genblk1.genblk1.genblk1.lut0.genblk1.genblk1.genblk1.genblk1.genblk1.lut1 (4 -> 3)
  Optimizing lut $abc$5386$auto$blifparse.cc:525:parse_blif$5466.genblk1.genblk1.genblk1.genblk1.genblk1.genblk1.genblk1.genblk1.lut1.genblk1.genblk1.genblk1.genblk1.genblk1.genblk1.genblk1.lut0.genblk1.genblk1.genblk1.genblk1.genblk1.genblk1.lut0.genblk1.genblk1.genblk1.genblk1.genblk1.lut1 (4 -> 1)
  Optimizing lut $abc$5386$auto$blifparse.cc:525:parse_blif$5459.genblk1.genblk1.genblk1.genblk1.genblk1.genblk1.genblk1.genblk1.lut1.genblk1.genblk1.genblk1.genblk1.genblk1.genblk1.genblk1.lut0.genblk1.genblk1.genblk1.genblk1.genblk1.genblk1.lut1.genblk1.genblk1.genblk1.genblk1.genblk1.lut1 (4 -> 1)
  Optimizing lut $abc$5386$auto$blifparse.cc:525:parse_blif$5397.genblk1.genblk1.genblk1.genblk1.genblk1.genblk1.genblk1.genblk1.lut0.genblk1.genblk1.genblk1.genblk1.genblk1.genblk1.genblk1.lut1.genblk1.genblk1.genblk1.genblk1.genblk1.genblk1.lut0.genblk1.genblk1.genblk1.genblk1.genblk1.lut1 (4 -> 1)
  Optimizing lut $abc$5386$auto$blifparse.cc:525:parse_blif$5399.genblk1.genblk1.genblk1.genblk1.genblk1.genblk1.genblk1.genblk1.lut1.genblk1.genblk1.genblk1.genblk1.genblk1.genblk1.genblk1.lut0.genblk1.genblk1.genblk1.genblk1.genblk1.genblk1.lut1.genblk1.genblk1.genblk1.genblk1.genblk1.lut1 (4 -> 1)
  Optimizing lut $abc$5386$auto$blifparse.cc:525:parse_blif$5397.genblk1.genblk1.genblk1.genblk1.genblk1.genblk1.genblk1.genblk1.lut1.genblk1.genblk1.genblk1.genblk1.genblk1.genblk1.genblk1.lut0.genblk1.genblk1.genblk1.genblk1.genblk1.genblk1.lut0.genblk1.genblk1.genblk1.genblk1.genblk1.lut1 (4 -> 0)
  Optimizing lut $abc$5386$auto$blifparse.cc:525:parse_blif$5470.genblk1.genblk1.genblk1.genblk1.genblk1.genblk1.genblk1.genblk1.lut0.genblk1.genblk1.genblk1.genblk1.genblk1.genblk1.genblk1.lut1.genblk1.genblk1.genblk1.genblk1.genblk1.genblk1.lut0.genblk1.genblk1.genblk1.genblk1.genblk1.lut1 (4 -> 0)
  Optimizing lut $abc$5386$auto$blifparse.cc:525:parse_blif$5422.genblk1.genblk1.genblk1.genblk1.genblk1.lut0 (4 -> 0)

16.24. Executing SETUNDEF pass (replace undef values with defined constants).

16.25. Executing HILOMAP pass (mapping to constant drivers).
Removed 0 unused cells and 3139 unused wires.

16.26. Executing AUTONAME pass.
Renamed 82414 objects in module system_top (124 iterations).
<suppressed ~3434 debug messages>

16.27. Executing HIERARCHY pass (managing design hierarchy).

16.27.1. Analyzing design hierarchy..
Top module:  \system_top

16.27.2. Analyzing design hierarchy..
Top module:  \system_top
Removed 0 unused modules.

16.28. Printing statistics.

=== system_top ===

   Number of wires:               1792
   Number of wire bits:           3180
   Number of public wires:        1792
   Number of public wire bits:    3180
   Number of memories:               0
   Number of memory bits:            0
   Number of processes:              0
   Number of cells:               1948
     ALU                           255
     DFFC                           23
     DFFCE                          86
     DFFP                           13
     GND                             1
     IBUF                            6
     LUT1                          589
     LUT2                          174
     LUT3                           81
     LUT4                          133
     MUX2_LUT5                     317
     MUX2_LUT6                     151
     MUX2_LUT7                      73
     MUX2_LUT8                      30
     OBUF                           15
     VCC                             1

16.29. Executing CHECK pass (checking for obvious problems).
Checking module system_top...
Found and reported 0 problems.

16.30. Executing JSON backend.

End of script. Logfile hash: 11111d0fa3, CPU: user 1.70s system 0.07s, MEM: 108.53 MB peak
Yosys 0.26+1 (git sha1 b1a011138, clang 10.0.0-4ubuntu1 -fPIC -Os)
Time spent: 30% 4x techmap (0 sec), 11% 1x autoname (0 sec), ...
